Transaction_ID,Date_of_Purchase,Time_of_Purchase,Customer_ID,Item_ID,Item_Name,Quantity,Price,Store_ID
T1001,2024-01-27,09:02:03,CUST439,P002,Milk,1,3.65,STORE03
T1001,2024-01-27,09:02:03,CUST439,P030,Chocolate,2,5.28,STORE03
T1001,2024-01-27,09:02:03,CUST439,P001,Bread,5,3.28,STORE03
T1002,2024-02-21,20:07:58,CUST162,P034,Crackers,3,3.8,STORE05
T1002,2024-02-21,20:07:58,CUST162,P038,Nuts,2,6.84,STORE05
T1002,2024-02-21,20:07:58,CUST162,P042,Water,1,2.0,STORE05
T1002,2024-02-21,20:07:58,CUST162,P045,Detergent,2,7.8,STORE05
T1003,2024-02-02,12:04:20,CUST113,P027,Flour,1,3.29,STORE04
T1003,2024-02-02,12:04:20,CUST113,P009,Fish,5,10.08,STORE04
T1003,2024-02-02,12:04:20,CUST113,P050,Paper_Towels,5,6.91,STORE04
T1003,2024-02-02,12:04:20,CUST113,P024,Pepper,2,2.84,STORE04
T1004,2024-02-05,17:34:28,CUST187,P016,Apples,2,3.97,STORE05
T1004,2024-02-05,17:34:28,CUST187,P024,Pepper,3,2.95,STORE05
T1004,2024-02-05,17:34:28,CUST187,P022,Sugar,2,3.17,STORE05
T1004,2024-02-05,17:34:28,CUST187,P013,Onions,5,2.01,STORE05
T1005,2024-03-05,19:46:27,CUST290,P029,Vanilla,1,4.27,STORE02
T1005,2024-03-05,19:46:27,CUST290,P013,Onions,2,2.06,STORE02
T1005,2024-03-05,19:46:27,CUST290,P038,Nuts,4,6.56,STORE02
T1005,2024-03-05,19:46:27,CUST290,P008,Beef,1,12.42,STORE02
T1006,2024-02-27,12:23:58,CUST080,P027,Flour,2,3.55,STORE03
T1006,2024-02-27,12:23:58,CUST080,P016,Apples,3,4.1,STORE03
T1007,2024-02-19,17:06:23,CUST466,P031,Ice_Cream,1,5.71,STORE01
T1007,2024-02-19,17:06:23,CUST466,P024,Pepper,2,2.7,STORE01
T1007,2024-02-19,17:06:23,CUST466,P009,Fish,3,9.3,STORE01
T1008,2024-03-02,11:02:51,CUST141,P042,Water,2,2.09,STORE04
T1008,2024-03-02,11:02:51,CUST141,P040,Soda,1,3.18,STORE04
T1009,2024-01-06,18:34:29,CUST297,P048,Soap,1,2.98,STORE04
T1009,2024-01-06,18:34:29,CUST297,P031,Ice_Cream,2,5.74,STORE04
T1009,2024-01-06,18:34:29,CUST297,P045,Detergent,1,7.57,STORE04
T1010,2024-02-21,17:18:58,CUST199,P048,Soap,2,2.9,STORE02
T1010,2024-02-21,17:18:58,CUST199,P041,Juice,3,4.2,STORE02
T1010,2024-02-21,17:18:58,CUST199,P035,Peanut_Butter,5,5.08,STORE02
T1011,2024-03-27,14:15:41,CUST020,P031,Ice_Cream,3,5.9,STORE03
T1011,2024-03-27,14:15:41,CUST020,P050,Paper_Towels,4,7.07,STORE03
T1011,2024-03-27,14:15:41,CUST020,P006,Yogurt,4,2.06,STORE03
T1012,2024-01-13,12:54:41,CUST345,P015,Carrots,1,1.73,STORE01
T1012,2024-01-13,12:54:41,CUST345,P013,Onions,2,2.13,STORE01
T1012,2024-01-13,12:54:41,CUST345,P014,Potatoes,3,2.57,STORE01
T1013,2024-01-28,13:17:36,CUST247,P031,Ice_Cream,5,5.6,STORE03
T1013,2024-01-28,13:17:36,CUST247,P013,Onions,2,1.97,STORE03
T1013,2024-01-28,13:17:36,CUST247,P043,Beer,3,8.49,STORE03
T1014,2024-03-23,19:13:24,CUST082,P046,Shampoo,3,5.94,STORE02
T1014,2024-03-23,19:13:24,CUST082,P038,Nuts,1,7.05,STORE02
T1015,2024-02-15,12:07:28,CUST494,P010,Rice,5,3.61,STORE05
T1015,2024-02-15,12:07:28,CUST494,P011,Pasta,4,2.5,STORE05
T1015,2024-02-15,12:07:28,CUST494,P045,Detergent,5,7.5,STORE05
T1016,2024-03-22,21:11:20,CUST450,P013,Onions,2,1.82,STORE01
T1016,2024-03-22,21:11:20,CUST450,P008,Beef,4,13.02,STORE01
T1017,2024-01-27,16:06:12,CUST392,P027,Flour,4,3.79,STORE02
T1017,2024-01-27,16:06:12,CUST392,P042,Water,5,2.08,STORE02
T1017,2024-01-27,16:06:12,CUST392,P011,Pasta,2,2.34,STORE02
T1017,2024-01-27,16:06:12,CUST392,P037,Honey,5,5.72,STORE02
T1018,2024-03-13,11:10:29,CUST099,P026,Vinegar,3,2.36,STORE03
T1018,2024-03-13,11:10:29,CUST099,P021,Tea,2,3.81,STORE03
T1018,2024-03-13,11:10:29,CUST099,P027,Flour,4,3.5,STORE03
T1018,2024-03-13,11:10:29,CUST099,P032,Frozen_Pizza,4,7.2,STORE03
T1018,2024-03-13,11:10:29,CUST099,P030,Chocolate,1,5.16,STORE03
T1019,2024-03-06,19:55:17,CUST090,P034,Crackers,2,3.63,STORE02
T1019,2024-03-06,19:55:17,CUST090,P047,Toothpaste,1,4.19,STORE02
T1019,2024-03-06,19:55:17,CUST090,P035,Peanut_Butter,3,4.66,STORE02
T1020,2024-03-01,12:39:25,CUST449,P027,Flour,3,3.79,STORE02
T1020,2024-03-01,12:39:25,CUST449,P032,Frozen_Pizza,3,7.07,STORE02
T1021,2024-01-23,15:43:52,CUST279,P042,Water,4,1.86,STORE02
T1021,2024-01-23,15:43:52,CUST279,P035,Peanut_Butter,1,5.34,STORE02
T1021,2024-01-23,15:43:52,CUST279,P004,Butter,3,5.22,STORE02
T1021,2024-01-23,15:43:52,CUST279,P043,Beer,1,9.34,STORE02
T1021,2024-01-23,15:43:52,CUST279,P045,Detergent,4,8.46,STORE02
T1022,2024-01-24,15:47:12,CUST366,P031,Ice_Cream,4,6.56,STORE02
T1022,2024-01-24,15:47:12,CUST366,P026,Vinegar,4,2.72,STORE02
T1022,2024-01-24,15:47:12,CUST366,P022,Sugar,1,3.16,STORE02
T1022,2024-01-24,15:47:12,CUST366,P001,Bread,5,3.07,STORE02
T1023,2024-01-08,11:54:16,CUST062,P019,Cereal,2,5.32,STORE04
T1023,2024-01-08,11:54:16,CUST062,P002,Milk,1,3.8,STORE04
T1023,2024-01-08,11:54:16,CUST062,P047,Toothpaste,5,3.83,STORE04
T1023,2024-01-08,11:54:16,CUST062,P017,Bananas,3,2.08,STORE04
T1023,2024-01-08,11:54:16,CUST062,P044,Wine,4,12.55,STORE04
T1024,2024-02-09,16:06:48,CUST459,P013,Onions,5,1.87,STORE05
T1024,2024-02-09,16:06:48,CUST459,P003,Eggs,5,4.54,STORE05
T1024,2024-02-09,16:06:48,CUST459,P043,Beer,5,8.36,STORE05
T1024,2024-02-09,16:06:48,CUST459,P028,Baking_Powder,3,2.1,STORE05
T1025,2024-01-14,09:37:49,CUST341,P017,Bananas,3,2.12,STORE01
T1025,2024-01-14,09:37:49,CUST341,P030,Chocolate,4,5.06,STORE01
T1026,2024-03-20,20:04:04,CUST389,P008,Beef,2,12.43,STORE03
T1026,2024-03-20,20:04:04,CUST389,P018,Oranges,4,4.28,STORE03
T1027,2024-02-29,18:07:34,CUST343,P045,Detergent,3,7.24,STORE01
T1027,2024-02-29,18:07:34,CUST343,P035,Peanut_Butter,3,5.33,STORE01
T1027,2024-02-29,18:07:34,CUST343,P029,Vanilla,4,3.87,STORE01
T1027,2024-02-29,18:07:34,CUST343,P036,Jam,4,4.35,STORE01
T1028,2024-03-15,10:57:51,CUST362,P031,Ice_Cream,1,5.64,STORE01
T1028,2024-03-15,10:57:51,CUST362,P050,Paper_Towels,2,7.22,STORE01
T1028,2024-03-15,10:57:51,CUST362,P008,Beef,2,12.56,STORE01
T1028,2024-03-15,10:57:51,CUST362,P040,Soda,4,2.87,STORE01
T1029,2024-03-18,08:36:40,CUST293,P027,Flour,5,3.19,STORE01
T1029,2024-03-18,08:36:40,CUST293,P026,Vinegar,5,2.3,STORE01
T1029,2024-03-18,08:36:40,CUST293,P013,Onions,3,1.82,STORE01
T1029,2024-03-18,08:36:40,CUST293,P049,Tissues,5,5.34,STORE01
T1030,2024-03-04,12:02:18,CUST434,P031,Ice_Cream,5,6.35,STORE05
T1030,2024-03-04,12:02:18,CUST434,P049,Tissues,1,4.91,STORE05
T1031,2024-03-15,20:11:00,CUST333,P006,Yogurt,2,2.09,STORE02
T1031,2024-03-15,20:11:00,CUST333,P045,Detergent,4,8.59,STORE02
T1031,2024-03-15,20:11:00,CUST333,P032,Frozen_Pizza,2,6.41,STORE02
T1031,2024-03-15,20:11:00,CUST333,P040,Soda,3,2.86,STORE02
T1032,2024-03-18,10:42:47,CUST472,P026,Vinegar,1,2.38,STORE04
T1032,2024-03-18,10:42:47,CUST472,P043,Beer,5,9.3,STORE04
T1032,2024-03-18,10:42:47,CUST472,P044,Wine,2,13.42,STORE04
T1033,2024-03-08,08:27:47,CUST239,P002,Milk,2,3.23,STORE04
T1033,2024-03-08,08:27:47,CUST239,P050,Paper_Towels,3,6.33,STORE04
T1033,2024-03-08,08:27:47,CUST239,P015,Carrots,4,1.77,STORE04
T1034,2024-02-22,18:20:59,CUST268,P042,Water,3,1.87,STORE05
T1034,2024-02-22,18:20:59,CUST268,P046,Shampoo,3,5.85,STORE05
T1035,2024-01-05,09:42:47,CUST290,P048,Soap,1,3.09,STORE05
T1035,2024-01-05,09:42:47,CUST290,P015,Carrots,1,1.63,STORE05
T1036,2024-02-15,21:39:05,CUST189,P039,Chips,2,3.97,STORE02
T1036,2024-02-15,21:39:05,CUST189,P043,Beer,1,9.85,STORE02
T1036,2024-02-15,21:39:05,CUST189,P040,Soda,2,2.96,STORE02
T1036,2024-02-15,21:39:05,CUST189,P028,Baking_Powder,2,2.0,STORE02
T1037,2024-03-26,16:44:49,CUST381,P009,Fish,5,10.57,STORE03
T1037,2024-03-26,16:44:49,CUST381,P024,Pepper,5,3.18,STORE03
T1037,2024-03-26,16:44:49,CUST381,P036,Jam,2,4.02,STORE03
T1038,2024-02-11,13:59:18,CUST302,P035,Peanut_Butter,5,4.53,STORE02
T1038,2024-02-11,13:59:18,CUST302,P020,Coffee,4,7.64,STORE02
T1038,2024-02-11,13:59:18,CUST302,P002,Milk,1,3.47,STORE02
T1038,2024-02-11,13:59:18,CUST302,P022,Sugar,1,2.9,STORE02
T1039,2024-03-08,09:03:13,CUST411,P020,Coffee,1,7.5,STORE02
T1039,2024-03-08,09:03:13,CUST411,P021,Tea,3,3.95,STORE02
T1039,2024-03-08,09:03:13,CUST411,P043,Beer,5,9.18,STORE02
T1040,2024-02-17,12:33:44,CUST175,P029,Vanilla,4,3.62,STORE01
T1040,2024-02-17,12:33:44,CUST175,P003,Eggs,3,4.84,STORE01
T1040,2024-02-17,12:33:44,CUST175,P032,Frozen_Pizza,4,7.27,STORE01
T1040,2024-02-17,12:33:44,CUST175,P016,Apples,3,3.62,STORE01
T1041,2024-02-11,09:21:19,CUST142,P034,Crackers,4,3.68,STORE01
T1041,2024-02-11,09:21:19,CUST142,P031,Ice_Cream,2,6.22,STORE01
T1041,2024-02-11,09:21:19,CUST142,P007,Chicken,3,9.28,STORE01
T1041,2024-02-11,09:21:19,CUST142,P018,Oranges,1,4.7,STORE01
T1042,2024-01-01,08:06:38,CUST122,P020,Coffee,5,7.47,STORE03
T1042,2024-01-01,08:06:38,CUST122,P002,Milk,2,3.78,STORE03
T1042,2024-01-01,08:06:38,CUST122,P025,Oil,1,4.7,STORE03
T1042,2024-01-01,08:06:38,CUST122,P044,Wine,5,12.74,STORE03
T1043,2024-01-27,19:15:04,CUST140,P019,Cereal,4,5.28,STORE04
T1043,2024-01-27,19:15:04,CUST140,P016,Apples,4,4.24,STORE04
T1043,2024-01-27,19:15:04,CUST140,P039,Chips,3,4.39,STORE04
T1043,2024-01-27,19:15:04,CUST140,P036,Jam,3,3.7,STORE04
T1043,2024-01-27,19:15:04,CUST140,P009,Fish,5,9.09,STORE04
T1044,2024-01-11,21:49:22,CUST494,P042,Water,5,1.94,STORE02
T1044,2024-01-11,21:49:22,CUST494,P050,Paper_Towels,4,6.79,STORE02
T1044,2024-01-11,21:49:22,CUST494,P021,Tea,1,3.82,STORE02
T1045,2024-03-11,08:08:58,CUST337,P028,Baking_Powder,3,2.12,STORE02
T1045,2024-03-11,08:08:58,CUST337,P035,Peanut_Butter,3,5.45,STORE02
T1045,2024-03-11,08:08:58,CUST337,P001,Bread,5,3.0,STORE02
T1046,2024-03-21,16:51:39,CUST099,P045,Detergent,5,7.43,STORE03
T1046,2024-03-21,16:51:39,CUST099,P044,Wine,4,13.45,STORE03
T1047,2024-01-15,08:04:45,CUST443,P034,Crackers,3,3.31,STORE04
T1047,2024-01-15,08:04:45,CUST443,P020,Coffee,2,8.6,STORE04
T1047,2024-01-15,08:04:45,CUST443,P015,Carrots,1,1.83,STORE04
T1047,2024-01-15,08:04:45,CUST443,P012,Tomatoes,2,3.09,STORE04
T1048,2024-02-27,18:09:19,CUST056,P031,Ice_Cream,5,6.46,STORE02
T1048,2024-02-27,18:09:19,CUST056,P049,Tissues,3,5.07,STORE02
T1049,2024-01-25,16:50:33,CUST069,P040,Soda,4,2.82,STORE01
T1049,2024-01-25,16:50:33,CUST069,P043,Beer,3,8.15,STORE01
T1049,2024-01-25,16:50:33,CUST069,P033,Soup,4,2.99,STORE01
T1049,2024-01-25,16:50:33,CUST069,P048,Soap,3,3.27,STORE01
T1049,2024-01-25,16:50:33,CUST069,P050,Paper_Towels,2,6.54,STORE01
T1050,2024-02-28,18:00:38,CUST249,P009,Fish,4,10.14,STORE04
T1050,2024-02-28,18:00:38,CUST249,P046,Shampoo,2,6.37,STORE04
T1050,2024-02-28,18:00:38,CUST249,P016,Apples,2,4.2,STORE04
T1051,2024-02-12,21:16:56,CUST170,P027,Flour,4,3.66,STORE05
T1051,2024-02-12,21:16:56,CUST170,P004,Butter,2,5.44,STORE05
T1051,2024-02-12,21:16:56,CUST170,P040,Soda,1,2.7,STORE05
T1051,2024-02-12,21:16:56,CUST170,P030,Chocolate,2,5.4,STORE05
T1051,2024-02-12,21:16:56,CUST170,P046,Shampoo,2,6.0,STORE05
T1052,2024-02-27,11:10:31,CUST443,P027,Flour,5,3.31,STORE05
T1052,2024-02-27,11:10:31,CUST443,P002,Milk,1,3.15,STORE05
T1052,2024-02-27,11:10:31,CUST443,P035,Peanut_Butter,3,5.35,STORE05
T1053,2024-01-14,08:04:03,CUST342,P013,Onions,3,2.03,STORE03
T1053,2024-01-14,08:04:03,CUST342,P025,Oil,3,5.43,STORE03
T1053,2024-01-14,08:04:03,CUST342,P011,Pasta,1,2.29,STORE03
T1053,2024-01-14,08:04:03,CUST342,P033,Soup,5,3.27,STORE03
T1054,2024-02-01,18:25:26,CUST116,P019,Cereal,1,4.5,STORE03
T1054,2024-02-01,18:25:26,CUST116,P002,Milk,5,3.29,STORE03
T1054,2024-02-01,18:25:26,CUST116,P018,Oranges,4,4.76,STORE03
T1054,2024-02-01,18:25:26,CUST116,P047,Toothpaste,4,4.07,STORE03
T1054,2024-02-01,18:25:26,CUST116,P017,Bananas,5,1.83,STORE03
T1055,2024-02-21,15:30:01,CUST458,P002,Milk,3,3.21,STORE01
T1055,2024-02-21,15:30:01,CUST458,P035,Peanut_Butter,4,5.02,STORE01
T1055,2024-02-21,15:30:01,CUST458,P001,Bread,2,2.8,STORE01
T1056,2024-02-16,20:33:17,CUST003,P042,Water,2,2.14,STORE03
T1056,2024-02-16,20:33:17,CUST003,P002,Milk,1,3.67,STORE03
T1056,2024-02-16,20:33:17,CUST003,P016,Apples,3,4.14,STORE03
T1056,2024-02-16,20:33:17,CUST003,P024,Pepper,4,2.79,STORE03
T1057,2024-03-11,12:10:27,CUST471,P031,Ice_Cream,1,5.45,STORE04
T1057,2024-03-11,12:10:27,CUST471,P049,Tissues,3,4.99,STORE04
T1057,2024-03-11,12:10:27,CUST471,P010,Rice,2,4.38,STORE04
T1057,2024-03-11,12:10:27,CUST471,P001,Bread,5,2.91,STORE04
T1058,2024-02-10,10:46:06,CUST413,P003,Eggs,3,4.71,STORE02
T1058,2024-02-10,10:46:06,CUST413,P011,Pasta,2,2.33,STORE02
T1058,2024-02-10,10:46:06,CUST413,P015,Carrots,1,1.66,STORE02
T1058,2024-02-10,10:46:06,CUST413,P033,Soup,3,2.97,STORE02
T1059,2024-02-22,11:10:46,CUST156,P034,Crackers,3,3.21,STORE05
T1059,2024-02-22,11:10:46,CUST156,P031,Ice_Cream,5,6.05,STORE05
T1059,2024-02-22,11:10:46,CUST156,P014,Potatoes,2,2.7,STORE05
T1059,2024-02-22,11:10:46,CUST156,P015,Carrots,4,1.8,STORE05
T1059,2024-02-22,11:10:46,CUST156,P036,Jam,3,4.3,STORE05
T1060,2024-03-24,13:22:35,CUST213,P011,Pasta,4,2.65,STORE04
T1060,2024-03-24,13:22:35,CUST213,P021,Tea,5,4.12,STORE04
T1060,2024-03-24,13:22:35,CUST213,P022,Sugar,5,3.15,STORE04
T1060,2024-03-24,13:22:35,CUST213,P023,Salt,5,1.47,STORE04
T1060,2024-03-24,13:22:35,CUST213,P050,Paper_Towels,5,6.57,STORE04
T1061,2024-02-18,12:45:19,CUST002,P048,Soap,1,3.23,STORE01
T1061,2024-02-18,12:45:19,CUST002,P010,Rice,5,4.13,STORE01
T1061,2024-02-18,12:45:19,CUST002,P032,Frozen_Pizza,3,7.18,STORE01
T1061,2024-02-18,12:45:19,CUST002,P014,Potatoes,5,2.31,STORE01
T1062,2024-03-09,21:27:43,CUST065,P025,Oil,5,5.47,STORE04
T1062,2024-03-09,21:27:43,CUST065,P008,Beef,1,13.23,STORE04
T1062,2024-03-09,21:27:43,CUST065,P028,Baking_Powder,5,1.83,STORE04
T1062,2024-03-09,21:27:43,CUST065,P033,Soup,3,2.82,STORE04
T1062,2024-03-09,21:27:43,CUST065,P023,Salt,1,1.39,STORE04
T1063,2024-01-26,15:09:43,CUST181,P039,Chips,3,4.22,STORE04
T1063,2024-01-26,15:09:43,CUST181,P007,Chicken,3,8.62,STORE04
T1063,2024-01-26,15:09:43,CUST181,P040,Soda,4,2.72,STORE04
T1063,2024-01-26,15:09:43,CUST181,P033,Soup,4,3.03,STORE04
T1064,2024-03-22,20:35:56,CUST224,P020,Coffee,1,7.72,STORE02
T1064,2024-03-22,20:35:56,CUST224,P046,Shampoo,3,6.11,STORE02
T1064,2024-03-22,20:35:56,CUST224,P008,Beef,1,12.58,STORE02
T1064,2024-03-22,20:35:56,CUST224,P002,Milk,4,3.3,STORE02
T1065,2024-02-27,15:38:42,CUST200,P010,Rice,2,3.97,STORE05
T1065,2024-02-27,15:38:42,CUST200,P050,Paper_Towels,2,6.83,STORE05
T1065,2024-02-27,15:38:42,CUST200,P024,Pepper,5,3.0,STORE05
T1065,2024-02-27,15:38:42,CUST200,P012,Tomatoes,5,3.07,STORE05
T1066,2024-03-07,10:12:48,CUST273,P047,Toothpaste,5,3.94,STORE04
T1066,2024-03-07,10:12:48,CUST273,P031,Ice_Cream,1,6.2,STORE04
T1066,2024-03-07,10:12:48,CUST273,P013,Onions,1,1.87,STORE04
T1066,2024-03-07,10:12:48,CUST273,P037,Honey,4,6.23,STORE04
T1067,2024-01-20,21:25:20,CUST132,P034,Crackers,2,3.59,STORE01
T1067,2024-01-20,21:25:20,CUST132,P039,Chips,2,3.61,STORE01
T1067,2024-01-20,21:25:20,CUST132,P011,Pasta,2,2.33,STORE01
T1068,2024-01-29,12:15:51,CUST461,P029,Vanilla,1,4.35,STORE05
T1068,2024-01-29,12:15:51,CUST461,P045,Detergent,5,8.42,STORE05
T1069,2024-02-04,13:59:29,CUST435,P002,Milk,2,3.53,STORE02
T1069,2024-02-04,13:59:29,CUST435,P016,Apples,2,4.29,STORE02
T1069,2024-02-04,13:59:29,CUST435,P024,Pepper,2,3.07,STORE02
T1069,2024-02-04,13:59:29,CUST435,P021,Tea,4,4.17,STORE02
T1069,2024-02-04,13:59:29,CUST435,P044,Wine,5,12.17,STORE02
T1070,2024-03-18,09:51:04,CUST167,P029,Vanilla,4,3.95,STORE02
T1070,2024-03-18,09:51:04,CUST167,P032,Frozen_Pizza,2,6.93,STORE02
T1071,2024-01-23,17:44:48,CUST236,P010,Rice,4,4.23,STORE05
T1071,2024-01-23,17:44:48,CUST236,P050,Paper_Towels,4,7.58,STORE05
T1071,2024-01-23,17:44:48,CUST236,P045,Detergent,4,8.24,STORE05
T1071,2024-01-23,17:44:48,CUST236,P044,Wine,2,13.85,STORE05
T1072,2024-02-21,15:40:35,CUST301,P033,Soup,4,3.22,STORE04
T1072,2024-02-21,15:40:35,CUST301,P028,Baking_Powder,5,1.89,STORE04
T1073,2024-01-21,19:33:48,CUST420,P031,Ice_Cream,4,5.7,STORE05
T1073,2024-01-21,19:33:48,CUST420,P022,Sugar,3,3.11,STORE05
T1073,2024-01-21,19:33:48,CUST420,P033,Soup,5,2.96,STORE05
T1074,2024-02-25,11:26:11,CUST476,P048,Soap,3,2.78,STORE04
T1074,2024-02-25,11:26:11,CUST476,P037,Honey,2,5.41,STORE04
T1075,2024-03-05,09:03:37,CUST292,P048,Soap,4,2.89,STORE01
T1075,2024-03-05,09:03:37,CUST292,P030,Chocolate,1,5.26,STORE01
T1075,2024-03-05,09:03:37,CUST292,P012,Tomatoes,3,2.89,STORE01
T1076,2024-02-02,16:22:32,CUST079,P047,Toothpaste,4,3.81,STORE01
T1076,2024-02-02,16:22:32,CUST079,P045,Detergent,4,8.62,STORE01
T1076,2024-02-02,16:22:32,CUST079,P033,Soup,3,2.87,STORE01
T1076,2024-02-02,16:22:32,CUST079,P048,Soap,3,2.85,STORE01
T1076,2024-02-02,16:22:32,CUST079,P007,Chicken,2,8.85,STORE01
T1077,2024-03-10,10:00:38,CUST032,P034,Crackers,4,3.67,STORE02
T1077,2024-03-10,10:00:38,CUST032,P018,Oranges,2,4.45,STORE02
T1077,2024-03-10,10:00:38,CUST032,P048,Soap,4,3.16,STORE02
T1077,2024-03-10,10:00:38,CUST032,P007,Chicken,5,8.47,STORE02
T1077,2024-03-10,10:00:38,CUST032,P037,Honey,4,5.47,STORE02
T1078,2024-03-30,13:41:33,CUST008,P023,Salt,4,1.39,STORE05
T1078,2024-03-30,13:41:33,CUST008,P002,Milk,3,3.51,STORE05
T1078,2024-03-30,13:41:33,CUST008,P038,Nuts,4,6.38,STORE05
T1079,2024-03-06,10:03:36,CUST284,P010,Rice,5,4.26,STORE01
T1079,2024-03-06,10:03:36,CUST284,P003,Eggs,2,5.06,STORE01
T1079,2024-03-06,10:03:36,CUST284,P033,Soup,3,2.75,STORE01
T1080,2024-02-27,12:08:10,CUST038,P032,Frozen_Pizza,3,6.85,STORE05
T1080,2024-02-27,12:08:10,CUST038,P018,Oranges,5,4.88,STORE05
T1080,2024-02-27,12:08:10,CUST038,P045,Detergent,3,8.09,STORE05
T1080,2024-02-27,12:08:10,CUST038,P005,Cheese,3,7.44,STORE05
T1081,2024-02-25,21:53:25,CUST306,P002,Milk,1,3.21,STORE04
T1081,2024-02-25,21:53:25,CUST306,P020,Coffee,1,8.71,STORE04
T1081,2024-02-25,21:53:25,CUST306,P019,Cereal,4,5.14,STORE04
T1082,2024-03-01,09:32:02,CUST203,P050,Paper_Towels,5,6.92,STORE02
T1082,2024-03-01,09:32:02,CUST203,P021,Tea,4,3.89,STORE02
T1082,2024-03-01,09:32:02,CUST203,P044,Wine,2,14.2,STORE02
T1083,2024-02-06,10:07:35,CUST111,P031,Ice_Cream,5,6.26,STORE05
T1083,2024-02-06,10:07:35,CUST111,P029,Vanilla,3,3.95,STORE05
T1083,2024-02-06,10:07:35,CUST111,P009,Fish,4,10.69,STORE05
T1083,2024-02-06,10:07:35,CUST111,P002,Milk,2,3.75,STORE05
T1084,2024-03-01,12:12:19,CUST206,P022,Sugar,1,2.73,STORE03
T1084,2024-03-01,12:12:19,CUST206,P012,Tomatoes,5,3.2,STORE03
T1085,2024-01-02,12:22:55,CUST053,P004,Butter,1,5.31,STORE03
T1085,2024-01-02,12:22:55,CUST053,P012,Tomatoes,3,2.88,STORE03
T1086,2024-03-26,17:30:21,CUST461,P006,Yogurt,5,2.02,STORE01
T1086,2024-03-26,17:30:21,CUST461,P028,Baking_Powder,4,1.89,STORE01
T1086,2024-03-26,17:30:21,CUST461,P022,Sugar,5,3.06,STORE01
T1086,2024-03-26,17:30:21,CUST461,P012,Tomatoes,5,2.71,STORE01
T1087,2024-01-28,09:12:27,CUST360,P004,Butter,4,5.6,STORE03
T1087,2024-01-28,09:12:27,CUST360,P036,Jam,3,3.82,STORE03
T1087,2024-01-28,09:12:27,CUST360,P035,Peanut_Butter,3,4.64,STORE03
T1087,2024-01-28,09:12:27,CUST360,P001,Bread,3,3.18,STORE03
T1088,2024-01-19,19:34:51,CUST388,P006,Yogurt,5,2.15,STORE02
T1088,2024-01-19,19:34:51,CUST388,P017,Bananas,4,2.05,STORE02
T1088,2024-01-19,19:34:51,CUST388,P043,Beer,3,9.67,STORE02
T1089,2024-03-11,17:12:29,CUST294,P023,Salt,5,1.61,STORE04
T1089,2024-03-11,17:12:29,CUST294,P038,Nuts,1,6.91,STORE04
T1090,2024-01-14,11:30:12,CUST411,P023,Salt,4,1.53,STORE04
T1090,2024-01-14,11:30:12,CUST411,P038,Nuts,3,7.24,STORE04
T1090,2024-01-14,11:30:12,CUST411,P014,Potatoes,1,2.7,STORE04
T1090,2024-01-14,11:30:12,CUST411,P028,Baking_Powder,1,1.97,STORE04
T1091,2024-02-08,15:13:45,CUST122,P026,Vinegar,3,2.3,STORE02
T1091,2024-02-08,15:13:45,CUST122,P035,Peanut_Butter,5,4.86,STORE02
T1091,2024-02-08,15:13:45,CUST122,P004,Butter,4,5.83,STORE02
T1091,2024-02-08,15:13:45,CUST122,P043,Beer,2,9.51,STORE02
T1091,2024-02-08,15:13:45,CUST122,P037,Honey,2,5.53,STORE02
T1092,2024-01-04,17:53:33,CUST202,P046,Shampoo,3,5.79,STORE02
T1092,2024-01-04,17:53:33,CUST202,P014,Potatoes,3,2.44,STORE02
T1092,2024-01-04,17:53:33,CUST202,P037,Honey,4,5.77,STORE02
T1093,2024-02-29,08:22:04,CUST141,P034,Crackers,5,3.4,STORE01
T1093,2024-02-29,08:22:04,CUST141,P010,Rice,2,3.88,STORE01
T1093,2024-02-29,08:22:04,CUST141,P042,Water,3,1.85,STORE01
T1093,2024-02-29,08:22:04,CUST141,P020,Coffee,5,8.32,STORE01
T1093,2024-02-29,08:22:04,CUST141,P030,Chocolate,2,4.62,STORE01
T1094,2024-02-21,13:56:57,CUST015,P046,Shampoo,3,6.0,STORE04
T1094,2024-02-21,13:56:57,CUST015,P029,Vanilla,1,4.05,STORE04
T1094,2024-02-21,13:56:57,CUST015,P002,Milk,5,3.21,STORE04
T1094,2024-02-21,13:56:57,CUST015,P005,Cheese,1,6.7,STORE04
T1095,2024-03-26,12:04:35,CUST496,P010,Rice,4,4.07,STORE03
T1095,2024-03-26,12:04:35,CUST496,P007,Chicken,4,9.11,STORE03
T1096,2024-03-21,18:31:29,CUST051,P038,Nuts,2,7.4,STORE01
T1096,2024-03-21,18:31:29,CUST051,P014,Potatoes,4,2.29,STORE01
T1096,2024-03-21,18:31:29,CUST051,P001,Bread,1,2.96,STORE01
T1097,2024-03-26,18:44:40,CUST201,P023,Salt,2,1.58,STORE04
T1097,2024-03-26,18:44:40,CUST201,P038,Nuts,2,6.56,STORE04
T1097,2024-03-26,18:44:40,CUST201,P036,Jam,5,4.37,STORE04
T1097,2024-03-26,18:44:40,CUST201,P028,Baking_Powder,2,2.06,STORE04
T1098,2024-02-24,09:12:00,CUST027,P036,Jam,1,3.81,STORE03
T1098,2024-02-24,09:12:00,CUST027,P049,Tissues,5,4.82,STORE03
T1098,2024-02-24,09:12:00,CUST027,P001,Bread,3,2.82,STORE03
T1098,2024-02-24,09:12:00,CUST027,P012,Tomatoes,1,3.09,STORE03
T1099,2024-02-25,10:00:09,CUST422,P004,Butter,1,5.76,STORE01
T1099,2024-02-25,10:00:09,CUST422,P050,Paper_Towels,4,7.05,STORE01
T1099,2024-02-25,10:00:09,CUST422,P044,Wine,4,13.13,STORE01
T1099,2024-02-25,10:00:09,CUST422,P033,Soup,3,2.96,STORE01
T1100,2024-02-04,08:03:22,CUST279,P011,Pasta,3,2.24,STORE01
T1100,2024-02-04,08:03:22,CUST279,P045,Detergent,5,8.24,STORE01
T1101,2024-02-19,20:44:37,CUST089,P019,Cereal,5,5.11,STORE02
T1101,2024-02-19,20:44:37,CUST089,P039,Chips,5,4.19,STORE02
T1101,2024-02-19,20:44:37,CUST089,P020,Coffee,5,8.51,STORE02
T1101,2024-02-19,20:44:37,CUST089,P040,Soda,3,3.29,STORE02
T1101,2024-02-19,20:44:37,CUST089,P009,Fish,3,10.74,STORE02
T1102,2024-02-07,15:49:58,CUST272,P006,Yogurt,4,1.89,STORE01
T1102,2024-02-07,15:49:58,CUST272,P002,Milk,5,3.4,STORE01
T1102,2024-02-07,15:49:58,CUST272,P044,Wine,4,13.28,STORE01
T1102,2024-02-07,15:49:58,CUST272,P036,Jam,2,4.28,STORE01
T1103,2024-02-01,18:00:37,CUST134,P010,Rice,3,4.12,STORE03
T1103,2024-02-01,18:00:37,CUST134,P041,Juice,5,4.29,STORE03
T1103,2024-02-01,18:00:37,CUST134,P038,Nuts,4,6.5,STORE03
T1103,2024-02-01,18:00:37,CUST134,P044,Wine,4,12.13,STORE03
T1103,2024-02-01,18:00:37,CUST134,P033,Soup,1,3.17,STORE03
T1104,2024-03-02,08:54:11,CUST493,P025,Oil,3,5.19,STORE05
T1104,2024-03-02,08:54:11,CUST493,P014,Potatoes,3,2.26,STORE05
T1104,2024-03-02,08:54:11,CUST493,P037,Honey,2,6.34,STORE05
T1105,2024-03-29,21:44:06,CUST213,P050,Paper_Towels,1,6.31,STORE03
T1105,2024-03-29,21:44:06,CUST213,P035,Peanut_Butter,2,4.9,STORE03
T1106,2024-02-07,11:05:35,CUST383,P016,Apples,2,3.9,STORE03
T1106,2024-02-07,11:05:35,CUST383,P021,Tea,2,4.29,STORE03
T1106,2024-02-07,11:05:35,CUST383,P043,Beer,5,8.14,STORE03
T1106,2024-02-07,11:05:35,CUST383,P035,Peanut_Butter,5,4.93,STORE03
T1107,2024-01-27,13:12:46,CUST444,P016,Apples,3,3.81,STORE02
T1107,2024-01-27,13:12:46,CUST444,P018,Oranges,2,4.87,STORE02
T1107,2024-01-27,13:12:46,CUST444,P028,Baking_Powder,5,2.16,STORE02
T1107,2024-01-27,13:12:46,CUST444,P020,Coffee,5,8.61,STORE02
T1107,2024-01-27,13:12:46,CUST444,P036,Jam,3,3.88,STORE02
T1108,2024-03-22,16:36:35,CUST500,P002,Milk,5,3.74,STORE05
T1108,2024-03-22,16:36:35,CUST500,P010,Rice,1,3.84,STORE05
T1108,2024-03-22,16:36:35,CUST500,P014,Potatoes,2,2.32,STORE05
T1108,2024-03-22,16:36:35,CUST500,P012,Tomatoes,1,2.97,STORE05
T1108,2024-03-22,16:36:35,CUST500,P007,Chicken,1,9.14,STORE05
T1109,2024-03-20,08:39:13,CUST063,P016,Apples,1,4.21,STORE02
T1109,2024-03-20,08:39:13,CUST063,P003,Eggs,5,4.69,STORE02
T1109,2024-03-20,08:39:13,CUST063,P040,Soda,3,2.79,STORE02
T1109,2024-03-20,08:39:13,CUST063,P048,Soap,4,2.85,STORE02
T1109,2024-03-20,08:39:13,CUST063,P005,Cheese,1,6.79,STORE02
T1110,2024-03-19,17:05:55,CUST328,P031,Ice_Cream,1,5.45,STORE04
T1110,2024-03-19,17:05:55,CUST328,P013,Onions,2,1.99,STORE04
T1111,2024-03-25,08:44:14,CUST390,P047,Toothpaste,1,4.29,STORE05
T1111,2024-03-25,08:44:14,CUST390,P048,Soap,1,2.8,STORE05
T1111,2024-03-25,08:44:14,CUST390,P012,Tomatoes,5,3.05,STORE05
T1112,2024-03-07,18:40:29,CUST071,P016,Apples,2,4.11,STORE04
T1112,2024-03-07,18:40:29,CUST071,P022,Sugar,5,2.73,STORE04
T1112,2024-03-07,18:40:29,CUST071,P028,Baking_Powder,4,1.89,STORE04
T1112,2024-03-07,18:40:29,CUST071,P014,Potatoes,4,2.25,STORE04
T1112,2024-03-07,18:40:29,CUST071,P048,Soap,2,2.94,STORE04
T1113,2024-02-22,14:38:12,CUST357,P042,Water,2,1.94,STORE04
T1113,2024-02-22,14:38:12,CUST357,P002,Milk,2,3.75,STORE04
T1113,2024-02-22,14:38:12,CUST357,P023,Salt,5,1.5,STORE04
T1114,2024-02-15,14:32:41,CUST221,P034,Crackers,4,3.76,STORE01
T1114,2024-02-15,14:32:41,CUST221,P004,Butter,2,5.98,STORE01
T1114,2024-02-15,14:32:41,CUST221,P048,Soap,2,2.98,STORE01
T1115,2024-03-26,19:28:31,CUST327,P041,Juice,2,4.34,STORE02
T1115,2024-03-26,19:28:31,CUST327,P018,Oranges,5,4.57,STORE02
T1115,2024-03-26,19:28:31,CUST327,P043,Beer,3,9.33,STORE02
T1115,2024-03-26,19:28:31,CUST327,P032,Frozen_Pizza,1,7.2,STORE02
T1115,2024-03-26,19:28:31,CUST327,P023,Salt,1,1.49,STORE02
T1116,2024-01-31,16:51:38,CUST286,P027,Flour,2,3.25,STORE02
T1116,2024-01-31,16:51:38,CUST286,P039,Chips,5,4.32,STORE02
T1116,2024-01-31,16:51:38,CUST286,P033,Soup,3,3.0,STORE02
T1117,2024-02-05,16:18:57,CUST059,P024,Pepper,1,2.77,STORE02
T1117,2024-02-05,16:18:57,CUST059,P003,Eggs,1,4.7,STORE02
T1117,2024-02-05,16:18:57,CUST059,P030,Chocolate,2,5.0,STORE02
T1117,2024-02-05,16:18:57,CUST059,P001,Bread,4,2.96,STORE02
T1118,2024-02-18,09:11:20,CUST451,P048,Soap,1,2.73,STORE01
T1118,2024-02-18,09:11:20,CUST451,P013,Onions,5,1.92,STORE01
T1118,2024-02-18,09:11:20,CUST451,P035,Peanut_Butter,2,4.6,STORE01
T1119,2024-02-10,13:23:31,CUST467,P029,Vanilla,1,3.99,STORE03
T1119,2024-02-10,13:23:31,CUST467,P043,Beer,5,9.79,STORE03
T1119,2024-02-10,13:23:31,CUST467,P016,Apples,2,4.37,STORE03
T1120,2024-02-16,20:33:29,CUST312,P029,Vanilla,3,3.86,STORE01
T1120,2024-02-16,20:33:29,CUST312,P024,Pepper,3,3.01,STORE01
T1120,2024-02-16,20:33:29,CUST312,P037,Honey,4,6.54,STORE01
T1121,2024-03-16,19:52:35,CUST285,P025,Oil,2,5.34,STORE04
T1121,2024-03-16,19:52:35,CUST285,P022,Sugar,2,3.04,STORE04
T1122,2024-01-19,08:46:13,CUST407,P006,Yogurt,1,2.03,STORE03
T1122,2024-01-19,08:46:13,CUST407,P013,Onions,1,2.09,STORE03
T1122,2024-01-19,08:46:13,CUST407,P046,Shampoo,3,6.57,STORE03
T1122,2024-01-19,08:46:13,CUST407,P045,Detergent,3,8.58,STORE03
T1123,2024-01-26,16:57:07,CUST161,P026,Vinegar,2,2.47,STORE02
T1123,2024-01-26,16:57:07,CUST161,P005,Cheese,2,7.32,STORE02
T1124,2024-01-16,12:01:22,CUST093,P047,Toothpaste,5,3.63,STORE03
T1124,2024-01-16,12:01:22,CUST093,P036,Jam,3,4.2,STORE03
T1124,2024-01-16,12:01:22,CUST093,P022,Sugar,1,3.26,STORE03
T1124,2024-01-16,12:01:22,CUST093,P001,Bread,2,2.85,STORE03
T1125,2024-03-21,16:16:16,CUST418,P035,Peanut_Butter,1,5.05,STORE04
T1125,2024-03-21,16:16:16,CUST418,P003,Eggs,3,5.02,STORE04
T1125,2024-03-21,16:16:16,CUST418,P015,Carrots,3,1.75,STORE04
T1125,2024-03-21,16:16:16,CUST418,P001,Bread,1,3.08,STORE04
T1126,2024-01-08,21:04:57,CUST276,P011,Pasta,1,2.57,STORE01
T1126,2024-01-08,21:04:57,CUST276,P015,Carrots,3,1.66,STORE01
T1126,2024-01-08,21:04:57,CUST276,P037,Honey,2,5.73,STORE01
T1127,2024-01-20,20:27:51,CUST306,P039,Chips,1,3.66,STORE05
T1127,2024-01-20,20:27:51,CUST306,P003,Eggs,4,5.01,STORE05
T1127,2024-01-20,20:27:51,CUST306,P001,Bread,4,2.78,STORE05
T1127,2024-01-20,20:27:51,CUST306,P027,Flour,2,3.26,STORE05
T1127,2024-01-20,20:27:51,CUST306,P007,Chicken,1,8.62,STORE05
T1128,2024-03-07,21:51:31,CUST255,P049,Tissues,3,4.78,STORE04
T1128,2024-03-07,21:51:31,CUST255,P030,Chocolate,1,4.56,STORE04
T1129,2024-02-06,10:16:20,CUST024,P039,Chips,1,4.37,STORE04
T1129,2024-02-06,10:16:20,CUST024,P024,Pepper,5,2.86,STORE04
T1129,2024-02-06,10:16:20,CUST024,P043,Beer,3,9.47,STORE04
T1129,2024-02-06,10:16:20,CUST024,P040,Soda,4,2.85,STORE04
T1130,2024-03-01,21:21:21,CUST323,P041,Juice,5,3.74,STORE01
T1130,2024-03-01,21:21:21,CUST323,P049,Tissues,5,5.38,STORE01
T1130,2024-03-01,21:21:21,CUST323,P032,Frozen_Pizza,5,7.13,STORE01
T1130,2024-03-01,21:21:21,CUST323,P048,Soap,2,3.04,STORE01
T1130,2024-03-01,21:21:21,CUST323,P037,Honey,2,5.65,STORE01
T1131,2024-03-21,08:32:20,CUST295,P042,Water,1,2.05,STORE02
T1131,2024-03-21,08:32:20,CUST295,P002,Milk,5,3.16,STORE02
T1131,2024-03-21,08:32:20,CUST295,P011,Pasta,4,2.53,STORE02
T1132,2024-01-29,08:30:47,CUST334,P028,Baking_Powder,2,1.93,STORE02
T1132,2024-01-29,08:30:47,CUST334,P012,Tomatoes,4,2.9,STORE02
T1133,2024-01-04,08:20:30,CUST321,P049,Tissues,2,5.41,STORE03
T1133,2024-01-04,08:20:30,CUST321,P008,Beef,4,14.16,STORE03
T1133,2024-01-04,08:20:30,CUST321,P032,Frozen_Pizza,1,7.62,STORE03
T1133,2024-01-04,08:20:30,CUST321,P033,Soup,2,2.94,STORE03
T1133,2024-01-04,08:20:30,CUST321,P009,Fish,3,10.89,STORE03
T1134,2024-02-29,20:27:49,CUST038,P004,Butter,5,5.51,STORE02
T1134,2024-02-29,20:27:49,CUST038,P029,Vanilla,4,3.79,STORE02
T1135,2024-02-22,09:29:47,CUST496,P016,Apples,2,4.27,STORE02
T1135,2024-02-22,09:29:47,CUST496,P021,Tea,3,4.21,STORE02
T1135,2024-02-22,09:29:47,CUST496,P008,Beef,2,12.06,STORE02
T1135,2024-02-22,09:29:47,CUST496,P014,Potatoes,5,2.35,STORE02
T1136,2024-03-01,10:17:10,CUST090,P011,Pasta,3,2.46,STORE03
T1136,2024-03-01,10:17:10,CUST090,P047,Toothpaste,3,3.84,STORE03
T1136,2024-03-01,10:17:10,CUST090,P004,Butter,3,5.61,STORE03
T1136,2024-03-01,10:17:10,CUST090,P017,Bananas,1,1.92,STORE03
T1136,2024-03-01,10:17:10,CUST090,P037,Honey,2,6.13,STORE03
T1137,2024-02-18,09:40:36,CUST119,P013,Onions,4,1.98,STORE05
T1137,2024-02-18,09:40:36,CUST119,P008,Beef,5,12.78,STORE05
T1137,2024-02-18,09:40:36,CUST119,P012,Tomatoes,5,2.86,STORE05
T1138,2024-01-01,12:02:31,CUST357,P006,Yogurt,5,1.83,STORE02
T1138,2024-01-01,12:02:31,CUST357,P039,Chips,2,4.17,STORE02
T1138,2024-01-01,12:02:31,CUST357,P028,Baking_Powder,1,1.84,STORE02
T1139,2024-02-14,08:35:36,CUST340,P006,Yogurt,4,2.11,STORE04
T1139,2024-02-14,08:35:36,CUST340,P024,Pepper,3,2.82,STORE04
T1139,2024-02-14,08:35:36,CUST340,P021,Tea,5,3.7,STORE04
T1140,2024-03-11,08:16:30,CUST086,P017,Bananas,5,2.15,STORE03
T1140,2024-03-11,08:16:30,CUST086,P038,Nuts,2,6.89,STORE03
T1140,2024-03-11,08:16:30,CUST086,P036,Jam,1,4.12,STORE03
T1141,2024-02-29,10:06:41,CUST432,P048,Soap,5,3.02,STORE02
T1141,2024-02-29,10:06:41,CUST432,P036,Jam,1,4.28,STORE02
T1141,2024-02-29,10:06:41,CUST432,P049,Tissues,3,4.85,STORE02
T1141,2024-02-29,10:06:41,CUST432,P012,Tomatoes,5,2.81,STORE02
T1142,2024-03-16,20:29:39,CUST328,P035,Peanut_Butter,1,4.74,STORE02
T1142,2024-03-16,20:29:39,CUST328,P001,Bread,5,3.12,STORE02
T1143,2024-01-11,16:09:12,CUST143,P020,Coffee,2,7.72,STORE02
T1143,2024-01-11,16:09:12,CUST143,P022,Sugar,3,2.84,STORE02
T1144,2024-01-31,16:22:00,CUST499,P034,Crackers,2,3.8,STORE03
T1144,2024-01-31,16:22:00,CUST499,P006,Yogurt,5,2.01,STORE03
T1144,2024-01-31,16:22:00,CUST499,P029,Vanilla,5,4.31,STORE03
T1144,2024-01-31,16:22:00,CUST499,P008,Beef,1,12.64,STORE03
T1144,2024-01-31,16:22:00,CUST499,P028,Baking_Powder,5,2.05,STORE03
T1145,2024-02-29,09:45:19,CUST315,P006,Yogurt,3,1.88,STORE05
T1145,2024-02-29,09:45:19,CUST315,P037,Honey,4,5.75,STORE05
T1146,2024-03-06,15:05:52,CUST243,P034,Crackers,3,3.16,STORE01
T1146,2024-03-06,15:05:52,CUST243,P002,Milk,4,3.64,STORE01
T1146,2024-03-06,15:05:52,CUST243,P039,Chips,4,3.7,STORE01
T1146,2024-03-06,15:05:52,CUST243,P025,Oil,3,5.36,STORE01
T1146,2024-03-06,15:05:52,CUST243,P043,Beer,5,9.47,STORE01
T1147,2024-03-05,16:40:26,CUST273,P020,Coffee,3,7.44,STORE04
T1147,2024-03-05,16:40:26,CUST273,P002,Milk,3,3.57,STORE04
T1147,2024-03-05,16:40:26,CUST273,P012,Tomatoes,2,2.89,STORE04
T1148,2024-01-30,18:53:31,CUST229,P047,Toothpaste,4,3.99,STORE02
T1148,2024-01-30,18:53:31,CUST229,P004,Butter,5,5.91,STORE02
T1149,2024-03-08,09:29:02,CUST470,P034,Crackers,5,3.38,STORE03
T1149,2024-03-08,09:29:02,CUST470,P006,Yogurt,2,2.1,STORE03
T1149,2024-03-08,09:29:02,CUST470,P029,Vanilla,1,4.13,STORE03
T1149,2024-03-08,09:29:02,CUST470,P007,Chicken,3,8.28,STORE03
T1150,2024-03-18,19:07:17,CUST329,P011,Pasta,3,2.49,STORE01
T1150,2024-03-18,19:07:17,CUST329,P001,Bread,3,2.83,STORE01
T1150,2024-03-18,19:07:17,CUST329,P038,Nuts,2,7.18,STORE01
T1150,2024-03-18,19:07:17,CUST329,P048,Soap,3,2.86,STORE01
T1150,2024-03-18,19:07:17,CUST329,P050,Paper_Towels,2,6.92,STORE01
T1151,2024-03-29,09:12:16,CUST175,P020,Coffee,4,8.41,STORE05
T1151,2024-03-29,09:12:16,CUST175,P022,Sugar,2,2.77,STORE05
T1152,2024-02-13,16:09:07,CUST293,P029,Vanilla,1,4.23,STORE01
T1152,2024-02-13,16:09:07,CUST293,P049,Tissues,1,4.63,STORE01
T1152,2024-02-13,16:09:07,CUST293,P035,Peanut_Butter,5,4.91,STORE01
T1152,2024-02-13,16:09:07,CUST293,P031,Ice_Cream,4,6.51,STORE01
T1152,2024-02-13,16:09:07,CUST293,P020,Coffee,2,8.61,STORE01
T1153,2024-02-09,16:29:49,CUST186,P016,Apples,2,4.08,STORE02
T1153,2024-02-09,16:29:49,CUST186,P011,Pasta,5,2.48,STORE02
T1153,2024-02-09,16:29:49,CUST186,P001,Bread,4,2.96,STORE02
T1154,2024-03-01,14:47:18,CUST192,P017,Bananas,2,2.04,STORE05
T1154,2024-03-01,14:47:18,CUST192,P015,Carrots,4,1.85,STORE05
T1154,2024-03-01,14:47:18,CUST192,P033,Soup,1,3.11,STORE05
T1155,2024-03-22,16:00:03,CUST390,P047,Toothpaste,4,4.06,STORE02
T1155,2024-03-22,16:00:03,CUST390,P004,Butter,2,4.97,STORE02
T1155,2024-03-22,16:00:03,CUST390,P026,Vinegar,3,2.53,STORE02
T1155,2024-03-22,16:00:03,CUST390,P020,Coffee,4,7.39,STORE02
T1156,2024-03-21,20:15:11,CUST301,P007,Chicken,5,8.43,STORE04
T1156,2024-03-21,20:15:11,CUST301,P012,Tomatoes,2,3.23,STORE04
T1157,2024-01-26,21:22:18,CUST228,P017,Bananas,4,1.83,STORE05
T1157,2024-01-26,21:22:18,CUST228,P021,Tea,4,3.73,STORE05
T1157,2024-01-26,21:22:18,CUST228,P014,Potatoes,3,2.66,STORE05
T1157,2024-01-26,21:22:18,CUST228,P036,Jam,5,4.25,STORE05
T1158,2024-01-08,09:52:07,CUST051,P019,Cereal,2,5.08,STORE04
T1158,2024-01-08,09:52:07,CUST051,P011,Pasta,5,2.7,STORE04
T1158,2024-01-08,09:52:07,CUST051,P049,Tissues,3,4.93,STORE04
T1158,2024-01-08,09:52:07,CUST051,P031,Ice_Cream,1,6.49,STORE04
T1158,2024-01-08,09:52:07,CUST051,P030,Chocolate,3,4.87,STORE04
T1159,2024-01-20,17:03:25,CUST314,P020,Coffee,2,8.66,STORE05
T1159,2024-01-20,17:03:25,CUST314,P035,Peanut_Butter,3,4.98,STORE05
T1159,2024-01-20,17:03:25,CUST314,P012,Tomatoes,2,2.75,STORE05
T1160,2024-02-21,21:21:04,CUST474,P030,Chocolate,5,4.89,STORE04
T1160,2024-02-21,21:21:04,CUST474,P044,Wine,1,14.25,STORE04
T1160,2024-02-21,21:21:04,CUST474,P028,Baking_Powder,4,1.93,STORE04
T1161,2024-02-23,18:00:24,CUST205,P019,Cereal,4,4.88,STORE05
T1161,2024-02-23,18:00:24,CUST205,P026,Vinegar,4,2.63,STORE05
T1161,2024-02-23,18:00:24,CUST205,P008,Beef,2,12.73,STORE05
T1161,2024-02-23,18:00:24,CUST205,P004,Butter,5,5.04,STORE05
T1161,2024-02-23,18:00:24,CUST205,P032,Frozen_Pizza,1,6.81,STORE05
T1162,2024-03-03,13:45:07,CUST023,P010,Rice,5,4.34,STORE01
T1162,2024-03-03,13:45:07,CUST023,P007,Chicken,3,8.7,STORE01
T1162,2024-03-03,13:45:07,CUST023,P014,Potatoes,4,2.51,STORE01
T1163,2024-01-03,17:16:12,CUST473,P019,Cereal,3,5.46,STORE01
T1163,2024-01-03,17:16:12,CUST473,P024,Pepper,4,2.74,STORE01
T1163,2024-01-03,17:16:12,CUST473,P028,Baking_Powder,3,2.02,STORE01
T1164,2024-02-05,19:33:06,CUST446,P019,Cereal,1,5.3,STORE01
T1164,2024-02-05,19:33:06,CUST446,P043,Beer,3,9.86,STORE01
T1164,2024-02-05,19:33:06,CUST446,P015,Carrots,5,1.8,STORE01
T1164,2024-02-05,19:33:06,CUST446,P033,Soup,5,3.24,STORE01
T1164,2024-02-05,19:33:06,CUST446,P023,Salt,2,1.59,STORE01
T1165,2024-03-18,08:15:06,CUST468,P002,Milk,3,3.45,STORE02
T1165,2024-03-18,08:15:06,CUST468,P018,Oranges,1,4.75,STORE02
T1165,2024-03-18,08:15:06,CUST468,P001,Bread,2,2.98,STORE02
T1165,2024-03-18,08:15:06,CUST468,P004,Butter,1,5.99,STORE02
T1165,2024-03-18,08:15:06,CUST468,P037,Honey,5,5.42,STORE02
T1166,2024-03-29,14:02:52,CUST308,P023,Salt,3,1.55,STORE01
T1166,2024-03-29,14:02:52,CUST308,P030,Chocolate,4,5.25,STORE01
T1167,2024-01-26,11:48:54,CUST152,P029,Vanilla,3,4.07,STORE05
T1167,2024-01-26,11:48:54,CUST152,P007,Chicken,3,9.69,STORE05
T1167,2024-01-26,11:48:54,CUST152,P025,Oil,2,4.97,STORE05
T1168,2024-01-26,13:55:40,CUST096,P013,Onions,5,1.89,STORE02
T1168,2024-01-26,13:55:40,CUST096,P049,Tissues,4,4.95,STORE02
T1168,2024-01-26,13:55:40,CUST096,P005,Cheese,4,7.37,STORE02
T1169,2024-02-14,20:06:02,CUST404,P027,Flour,3,3.56,STORE01
T1169,2024-02-14,20:06:02,CUST404,P038,Nuts,2,7.05,STORE01
T1169,2024-02-14,20:06:02,CUST404,P037,Honey,1,5.74,STORE01
T1170,2024-01-09,18:57:00,CUST270,P040,Soda,4,2.75,STORE04
T1170,2024-01-09,18:57:00,CUST270,P007,Chicken,5,8.11,STORE04
T1171,2024-01-21,15:01:17,CUST170,P031,Ice_Cream,4,5.47,STORE02
T1171,2024-01-21,15:01:17,CUST170,P019,Cereal,1,4.5,STORE02
T1171,2024-01-21,15:01:17,CUST170,P017,Bananas,4,2.1,STORE02
T1171,2024-01-21,15:01:17,CUST170,P002,Milk,1,3.17,STORE02
T1172,2024-03-25,08:12:56,CUST372,P047,Toothpaste,1,3.77,STORE05
T1172,2024-03-25,08:12:56,CUST372,P006,Yogurt,5,1.95,STORE05
T1172,2024-03-25,08:12:56,CUST372,P050,Paper_Towels,4,7.46,STORE05
T1172,2024-03-25,08:12:56,CUST372,P008,Beef,2,13.17,STORE05
T1173,2024-03-29,16:23:05,CUST498,P039,Chips,5,3.98,STORE03
T1173,2024-03-29,16:23:05,CUST498,P040,Soda,4,2.77,STORE03
T1174,2024-02-08,08:41:22,CUST387,P044,Wine,4,13.07,STORE01
T1174,2024-02-08,08:41:22,CUST387,P033,Soup,1,2.9,STORE01
T1175,2024-03-05,16:44:32,CUST185,P031,Ice_Cream,5,6.49,STORE05
T1175,2024-03-05,16:44:32,CUST185,P006,Yogurt,5,1.89,STORE05
T1175,2024-03-05,16:44:32,CUST185,P018,Oranges,2,4.31,STORE05
T1175,2024-03-05,16:44:32,CUST185,P036,Jam,3,4.07,STORE05
T1176,2024-02-29,16:28:54,CUST318,P036,Jam,5,4.21,STORE05
T1176,2024-02-29,16:28:54,CUST318,P049,Tissues,3,5.45,STORE05
T1176,2024-02-29,16:28:54,CUST318,P033,Soup,3,3.1,STORE05
T1177,2024-03-05,20:41:15,CUST093,P031,Ice_Cream,2,5.64,STORE04
T1177,2024-03-05,20:41:15,CUST093,P049,Tissues,1,5.04,STORE04
T1177,2024-03-05,20:41:15,CUST093,P044,Wine,5,12.1,STORE04
T1177,2024-03-05,20:41:15,CUST093,P012,Tomatoes,1,2.89,STORE04
T1178,2024-03-12,13:26:00,CUST453,P004,Butter,1,5.11,STORE02
T1178,2024-03-12,13:26:00,CUST453,P016,Apples,4,4.23,STORE02
T1178,2024-03-12,13:26:00,CUST453,P040,Soda,2,3.11,STORE02
T1179,2024-01-31,08:28:17,CUST366,P021,Tea,4,3.6,STORE04
T1179,2024-01-31,08:28:17,CUST366,P015,Carrots,5,1.95,STORE04
T1179,2024-01-31,08:28:17,CUST366,P012,Tomatoes,2,2.86,STORE04
T1180,2024-03-19,14:35:04,CUST311,P025,Oil,2,5.14,STORE02
T1180,2024-03-19,14:35:04,CUST311,P001,Bread,1,2.7,STORE02
T1180,2024-03-19,14:35:04,CUST311,P040,Soda,3,3.17,STORE02
T1180,2024-03-19,14:35:04,CUST311,P013,Onions,5,1.82,STORE02
T1180,2024-03-19,14:35:04,CUST311,P036,Jam,3,4.17,STORE02
T1181,2024-02-10,17:28:26,CUST020,P010,Rice,5,3.72,STORE01
T1181,2024-02-10,17:28:26,CUST020,P017,Bananas,2,2.05,STORE01
T1181,2024-02-10,17:28:26,CUST020,P025,Oil,2,4.75,STORE01
T1182,2024-02-27,21:00:58,CUST186,P010,Rice,3,4.07,STORE05
T1182,2024-02-27,21:00:58,CUST186,P046,Shampoo,4,6.26,STORE05
T1183,2024-01-06,17:17:32,CUST030,P047,Toothpaste,1,4.38,STORE03
T1183,2024-01-06,17:17:32,CUST030,P016,Apples,2,3.93,STORE03
T1183,2024-01-06,17:17:32,CUST030,P035,Peanut_Butter,3,4.65,STORE03
T1184,2024-01-05,11:08:00,CUST417,P025,Oil,5,5.4,STORE01
T1184,2024-01-05,11:08:00,CUST417,P001,Bread,1,3.23,STORE01
T1184,2024-01-05,11:08:00,CUST417,P035,Peanut_Butter,4,5.27,STORE01
T1184,2024-01-05,11:08:00,CUST417,P028,Baking_Powder,4,1.91,STORE01
T1184,2024-01-05,11:08:00,CUST417,P004,Butter,1,5.21,STORE01
T1185,2024-03-10,08:04:07,CUST078,P038,Nuts,3,7.48,STORE05
T1185,2024-03-10,08:04:07,CUST078,P035,Peanut_Butter,2,5.26,STORE05
T1185,2024-03-10,08:04:07,CUST078,P047,Toothpaste,4,4.22,STORE05
T1185,2024-03-10,08:04:07,CUST078,P020,Coffee,5,7.6,STORE05
T1185,2024-03-10,08:04:07,CUST078,P045,Detergent,4,8.22,STORE05
T1186,2024-01-13,20:22:06,CUST043,P010,Rice,1,3.86,STORE01
T1186,2024-01-13,20:22:06,CUST043,P032,Frozen_Pizza,3,7.25,STORE01
T1186,2024-01-13,20:22:06,CUST043,P028,Baking_Powder,4,1.82,STORE01
T1187,2024-01-26,18:26:46,CUST255,P010,Rice,2,3.95,STORE04
T1187,2024-01-26,18:26:46,CUST255,P002,Milk,4,3.6,STORE04
T1187,2024-01-26,18:26:46,CUST255,P022,Sugar,2,3.28,STORE04
T1187,2024-01-26,18:26:46,CUST255,P020,Coffee,2,7.42,STORE04
T1187,2024-01-26,18:26:46,CUST255,P015,Carrots,2,1.92,STORE04
T1188,2024-01-19,14:46:04,CUST402,P026,Vinegar,1,2.48,STORE05
T1188,2024-01-19,14:46:04,CUST402,P016,Apples,5,4.3,STORE05
T1188,2024-01-19,14:46:04,CUST402,P003,Eggs,5,5.26,STORE05
T1188,2024-01-19,14:46:04,CUST402,P005,Cheese,4,7.22,STORE05
T1189,2024-03-08,13:25:41,CUST009,P019,Cereal,5,4.61,STORE03
T1189,2024-03-08,13:25:41,CUST009,P017,Bananas,4,1.87,STORE03
T1189,2024-03-08,13:25:41,CUST009,P029,Vanilla,1,3.8,STORE03
T1189,2024-03-08,13:25:41,CUST009,P013,Onions,3,2.12,STORE03
T1190,2024-02-04,21:33:32,CUST400,P004,Butter,1,5.74,STORE02
T1190,2024-02-04,21:33:32,CUST400,P046,Shampoo,1,6.37,STORE02
T1190,2024-02-04,21:33:32,CUST400,P007,Chicken,4,8.47,STORE02
T1191,2024-02-20,14:15:05,CUST052,P023,Salt,2,1.63,STORE05
T1191,2024-02-20,14:15:05,CUST052,P038,Nuts,1,7.31,STORE05
T1191,2024-02-20,14:15:05,CUST052,P037,Honey,3,6.23,STORE05
T1192,2024-03-22,14:59:21,CUST315,P041,Juice,2,3.63,STORE05
T1192,2024-03-22,14:59:21,CUST315,P040,Soda,2,2.91,STORE05
T1192,2024-03-22,14:59:21,CUST315,P043,Beer,5,8.85,STORE05
T1192,2024-03-22,14:59:21,CUST315,P032,Frozen_Pizza,1,6.66,STORE05
T1192,2024-03-22,14:59:21,CUST315,P023,Salt,4,1.45,STORE05
T1193,2024-02-14,16:56:59,CUST344,P043,Beer,3,8.24,STORE02
T1193,2024-02-14,16:56:59,CUST344,P033,Soup,5,2.96,STORE02
T1194,2024-02-24,11:37:06,CUST259,P019,Cereal,5,5.28,STORE01
T1194,2024-02-24,11:37:06,CUST259,P002,Milk,2,3.34,STORE01
T1194,2024-02-24,11:37:06,CUST259,P021,Tea,3,4.07,STORE01
T1194,2024-02-24,11:37:06,CUST259,P017,Bananas,3,1.9,STORE01
T1194,2024-02-24,11:37:06,CUST259,P009,Fish,3,9.04,STORE01
T1195,2024-02-11,09:26:04,CUST269,P019,Cereal,4,5.11,STORE02
T1195,2024-02-11,09:26:04,CUST269,P049,Tissues,2,5.09,STORE02
T1195,2024-02-11,09:26:04,CUST269,P022,Sugar,1,2.86,STORE02
T1195,2024-02-11,09:26:04,CUST269,P020,Coffee,3,8.49,STORE02
T1195,2024-02-11,09:26:04,CUST269,P005,Cheese,1,6.42,STORE02
T1196,2024-01-28,11:23:58,CUST373,P039,Chips,5,3.89,STORE01
T1196,2024-01-28,11:23:58,CUST373,P043,Beer,2,9.12,STORE01
T1197,2024-02-23,15:49:50,CUST201,P019,Cereal,2,5.15,STORE01
T1197,2024-02-23,15:49:50,CUST201,P017,Bananas,4,2.0,STORE01
T1198,2024-03-13,11:27:12,CUST056,P046,Shampoo,1,5.94,STORE02
T1198,2024-03-13,11:27:12,CUST056,P033,Soup,4,2.92,STORE02
T1199,2024-01-02,21:24:20,CUST076,P020,Coffee,3,8.19,STORE01
T1199,2024-01-02,21:24:20,CUST076,P002,Milk,3,3.69,STORE01
T1199,2024-01-02,21:24:20,CUST076,P022,Sugar,3,3.01,STORE01
T1200,2024-03-24,17:09:47,CUST430,P039,Chips,1,3.74,STORE03
T1200,2024-03-24,17:09:47,CUST430,P038,Nuts,3,6.99,STORE03
T1200,2024-03-24,17:09:47,CUST430,P035,Peanut_Butter,5,5.04,STORE03
T1200,2024-03-24,17:09:47,CUST430,P045,Detergent,4,7.82,STORE03
T1200,2024-03-24,17:09:47,CUST430,P036,Jam,2,4.24,STORE03
T1201,2024-03-14,16:55:20,CUST282,P023,Salt,2,1.46,STORE01
T1201,2024-03-14,16:55:20,CUST282,P024,Pepper,4,3.08,STORE01
T1201,2024-03-14,16:55:20,CUST282,P015,Carrots,1,1.9,STORE01
T1202,2024-01-24,18:38:19,CUST265,P010,Rice,5,4.08,STORE01
T1202,2024-01-24,18:38:19,CUST265,P013,Onions,5,1.85,STORE01
T1202,2024-01-24,18:38:19,CUST265,P014,Potatoes,4,2.24,STORE01
T1202,2024-01-24,18:38:19,CUST265,P012,Tomatoes,2,2.97,STORE01
T1202,2024-01-24,18:38:19,CUST265,P007,Chicken,2,8.72,STORE01
T1203,2024-01-26,14:36:15,CUST185,P025,Oil,5,4.86,STORE03
T1203,2024-01-26,14:36:15,CUST185,P029,Vanilla,4,4.03,STORE03
T1203,2024-01-26,14:36:15,CUST185,P047,Toothpaste,5,4.11,STORE03
T1203,2024-01-26,14:36:15,CUST185,P040,Soda,3,2.74,STORE03
T1203,2024-01-26,14:36:15,CUST185,P045,Detergent,1,8.25,STORE03
T1204,2024-02-12,13:34:15,CUST262,P029,Vanilla,1,3.71,STORE02
T1204,2024-02-12,13:34:15,CUST262,P039,Chips,2,3.88,STORE02
T1205,2024-03-12,15:21:58,CUST248,P002,Milk,4,3.34,STORE02
T1205,2024-03-12,15:21:58,CUST248,P043,Beer,4,9.48,STORE02
T1205,2024-03-12,15:21:58,CUST248,P022,Sugar,3,3.06,STORE02
T1206,2024-01-12,18:32:55,CUST413,P041,Juice,3,3.75,STORE02
T1206,2024-01-12,18:32:55,CUST413,P040,Soda,4,3.1,STORE02
T1206,2024-01-12,18:32:55,CUST413,P043,Beer,4,9.82,STORE02
T1206,2024-01-12,18:32:55,CUST413,P032,Frozen_Pizza,4,6.55,STORE02
T1206,2024-01-12,18:32:55,CUST413,P048,Soap,4,3.24,STORE02
T1207,2024-01-04,19:42:05,CUST405,P020,Coffee,2,7.32,STORE03
T1207,2024-01-04,19:42:05,CUST405,P002,Milk,5,3.79,STORE03
T1207,2024-01-04,19:42:05,CUST405,P022,Sugar,1,2.95,STORE03
T1208,2024-02-10,19:07:48,CUST359,P042,Water,2,1.96,STORE02
T1208,2024-02-10,19:07:48,CUST359,P020,Coffee,2,8.68,STORE02
T1208,2024-02-10,19:07:48,CUST359,P024,Pepper,3,2.84,STORE02
T1208,2024-02-10,19:07:48,CUST359,P033,Soup,2,2.83,STORE02
T1209,2024-03-20,10:12:49,CUST304,P042,Water,3,2.11,STORE02
T1209,2024-03-20,10:12:49,CUST304,P010,Rice,4,3.89,STORE02
T1210,2024-03-02,15:10:07,CUST276,P004,Butter,4,4.99,STORE04
T1210,2024-03-02,15:10:07,CUST276,P040,Soda,1,3.14,STORE04
T1210,2024-03-02,15:10:07,CUST276,P011,Pasta,3,2.26,STORE04
T1210,2024-03-02,15:10:07,CUST276,P002,Milk,3,3.64,STORE04
T1211,2024-03-11,08:36:18,CUST160,P026,Vinegar,1,2.36,STORE03
T1211,2024-03-11,08:36:18,CUST160,P016,Apples,3,3.66,STORE03
T1211,2024-03-11,08:36:18,CUST160,P025,Oil,3,4.92,STORE03
T1212,2024-03-01,10:44:11,CUST439,P019,Cereal,5,4.88,STORE02
T1212,2024-03-01,10:44:11,CUST439,P040,Soda,5,3.05,STORE02
T1212,2024-03-01,10:44:11,CUST439,P033,Soup,4,3.1,STORE02
T1213,2024-03-05,16:48:02,CUST007,P003,Eggs,5,4.98,STORE02
T1213,2024-03-05,16:48:02,CUST007,P025,Oil,5,4.92,STORE02
T1213,2024-03-05,16:48:02,CUST007,P049,Tissues,1,4.83,STORE02
T1213,2024-03-05,16:48:02,CUST007,P015,Carrots,5,1.74,STORE02
T1213,2024-03-05,16:48:02,CUST007,P048,Soap,3,2.89,STORE02
T1214,2024-03-18,15:04:48,CUST460,P020,Coffee,2,7.62,STORE03
T1214,2024-03-18,15:04:48,CUST460,P017,Bananas,1,1.83,STORE03
T1214,2024-03-18,15:04:48,CUST460,P035,Peanut_Butter,1,5.45,STORE03
T1214,2024-03-18,15:04:48,CUST460,P001,Bread,2,3.02,STORE03
T1215,2024-02-13,08:22:15,CUST328,P040,Soda,2,3.15,STORE03
T1215,2024-02-13,08:22:15,CUST328,P007,Chicken,4,9.57,STORE03
T1215,2024-02-13,08:22:15,CUST328,P030,Chocolate,3,4.94,STORE03
T1216,2024-02-24,08:49:57,CUST414,P027,Flour,3,3.78,STORE03
T1216,2024-02-24,08:49:57,CUST414,P026,Vinegar,2,2.66,STORE03
T1216,2024-02-24,08:49:57,CUST414,P024,Pepper,1,3.17,STORE03
T1216,2024-02-24,08:49:57,CUST414,P025,Oil,2,4.58,STORE03
T1217,2024-02-18,17:37:35,CUST370,P031,Ice_Cream,2,5.47,STORE04
T1217,2024-02-18,17:37:35,CUST370,P043,Beer,4,8.25,STORE04
T1217,2024-02-18,17:37:35,CUST370,P035,Peanut_Butter,2,4.99,STORE04
T1217,2024-02-18,17:37:35,CUST370,P036,Jam,3,3.69,STORE04
T1218,2024-02-25,18:15:51,CUST122,P023,Salt,4,1.45,STORE03
T1218,2024-02-25,18:15:51,CUST122,P040,Soda,3,3.21,STORE03
T1218,2024-02-25,18:15:51,CUST122,P014,Potatoes,3,2.55,STORE03
T1218,2024-02-25,18:15:51,CUST122,P050,Paper_Towels,3,6.64,STORE03
T1219,2024-03-17,09:49:20,CUST027,P034,Crackers,4,3.68,STORE01
T1219,2024-03-17,09:49:20,CUST027,P002,Milk,2,3.66,STORE01
T1219,2024-03-17,09:49:20,CUST027,P025,Oil,2,5.41,STORE01
T1219,2024-03-17,09:49:20,CUST027,P035,Peanut_Butter,5,4.77,STORE01
T1219,2024-03-17,09:49:20,CUST027,P033,Soup,1,3.05,STORE01
T1220,2024-02-07,11:02:43,CUST429,P002,Milk,2,3.2,STORE03
T1220,2024-02-07,11:02:43,CUST429,P043,Beer,1,9.76,STORE03
T1220,2024-02-07,11:02:43,CUST429,P005,Cheese,3,6.37,STORE03
T1221,2024-01-25,15:45:03,CUST418,P003,Eggs,5,5.37,STORE03
T1221,2024-01-25,15:45:03,CUST418,P045,Detergent,4,8.79,STORE03
T1222,2024-03-20,17:04:27,CUST151,P029,Vanilla,1,3.76,STORE05
T1222,2024-03-20,17:04:27,CUST151,P041,Juice,5,4.2,STORE05
T1223,2024-02-01,21:33:55,CUST215,P042,Water,2,2.13,STORE02
T1223,2024-02-01,21:33:55,CUST215,P010,Rice,4,4.31,STORE02
T1223,2024-02-01,21:33:55,CUST215,P043,Beer,3,8.49,STORE02
T1224,2024-02-22,16:24:41,CUST324,P046,Shampoo,1,5.41,STORE01
T1224,2024-02-22,16:24:41,CUST324,P012,Tomatoes,4,2.75,STORE01
T1225,2024-03-11,09:19:16,CUST084,P019,Cereal,1,4.66,STORE03
T1225,2024-03-11,09:19:16,CUST084,P007,Chicken,1,8.14,STORE03
T1225,2024-03-11,09:19:16,CUST084,P028,Baking_Powder,4,1.87,STORE03
T1226,2024-01-19,12:16:10,CUST066,P002,Milk,4,3.3,STORE05
T1226,2024-01-19,12:16:10,CUST066,P043,Beer,2,9.3,STORE05
T1227,2024-02-06,10:21:25,CUST318,P014,Potatoes,5,2.28,STORE03
T1227,2024-02-06,10:21:25,CUST318,P028,Baking_Powder,3,1.84,STORE03
T1227,2024-02-06,10:21:25,CUST318,P035,Peanut_Butter,2,5.41,STORE03
T1227,2024-02-06,10:21:25,CUST318,P036,Jam,3,4.1,STORE03
T1228,2024-01-14,15:31:58,CUST237,P050,Paper_Towels,2,7.39,STORE04
T1228,2024-01-14,15:31:58,CUST237,P017,Bananas,2,2.14,STORE04
T1229,2024-01-26,21:14:58,CUST499,P022,Sugar,3,2.91,STORE04
T1229,2024-01-26,21:14:58,CUST499,P009,Fish,3,10.53,STORE04
T1229,2024-01-26,21:14:58,CUST499,P026,Vinegar,4,2.59,STORE04
T1230,2024-03-27,13:32:31,CUST048,P038,Nuts,2,7.46,STORE02
T1230,2024-03-27,13:32:31,CUST048,P039,Chips,1,4.03,STORE02
T1231,2024-02-15,16:11:17,CUST031,P039,Chips,2,3.7,STORE01
T1231,2024-02-15,16:11:17,CUST031,P043,Beer,5,8.45,STORE01
T1232,2024-02-16,10:14:30,CUST414,P006,Yogurt,3,1.82,STORE02
T1232,2024-02-16,10:14:30,CUST414,P015,Carrots,3,1.64,STORE02
T1233,2024-03-07,13:40:37,CUST221,P004,Butter,3,5.34,STORE04
T1233,2024-03-07,13:40:37,CUST221,P002,Milk,4,3.16,STORE04
T1234,2024-01-20,12:30:06,CUST197,P023,Salt,5,1.53,STORE03
T1234,2024-01-20,12:30:06,CUST197,P032,Frozen_Pizza,2,7.23,STORE03
T1234,2024-01-20,12:30:06,CUST197,P028,Baking_Powder,3,2.05,STORE03
T1235,2024-01-04,08:50:07,CUST117,P006,Yogurt,5,1.81,STORE05
T1235,2024-01-04,08:50:07,CUST117,P002,Milk,1,3.82,STORE05
T1235,2024-01-04,08:50:07,CUST117,P041,Juice,1,4.36,STORE05
T1235,2024-01-04,08:50:07,CUST117,P038,Nuts,2,6.67,STORE05
T1235,2024-01-04,08:50:07,CUST117,P050,Paper_Towels,3,7.16,STORE05
T1236,2024-01-31,18:22:33,CUST306,P003,Eggs,3,5.14,STORE03
T1236,2024-01-31,18:22:33,CUST306,P024,Pepper,4,3.15,STORE03
T1236,2024-01-31,18:22:33,CUST306,P025,Oil,1,4.98,STORE03
T1236,2024-01-31,18:22:33,CUST306,P030,Chocolate,5,5.46,STORE03
T1237,2024-03-10,19:04:30,CUST429,P027,Flour,2,3.76,STORE03
T1237,2024-03-10,19:04:30,CUST429,P014,Potatoes,5,2.6,STORE03
T1238,2024-02-22,14:35:17,CUST046,P001,Bread,5,3.14,STORE02
T1238,2024-02-22,14:35:17,CUST046,P002,Milk,4,3.65,STORE02
T1238,2024-02-22,14:35:17,CUST046,P037,Honey,3,5.5,STORE02
T1238,2024-02-22,14:35:17,CUST046,P028,Baking_Powder,2,1.79,STORE02
T1239,2024-01-19,16:47:09,CUST355,P021,Tea,2,4.25,STORE05
T1239,2024-01-19,16:47:09,CUST355,P012,Tomatoes,5,2.84,STORE05
T1240,2024-02-04,09:11:38,CUST298,P003,Eggs,4,5.08,STORE01
T1240,2024-02-04,09:11:38,CUST298,P025,Oil,2,4.65,STORE01
T1240,2024-02-04,09:11:38,CUST298,P018,Oranges,3,4.89,STORE01
T1241,2024-02-08,14:48:49,CUST070,P006,Yogurt,2,2.06,STORE03
T1241,2024-02-08,14:48:49,CUST070,P036,Jam,3,4.37,STORE03
T1242,2024-03-22,18:48:36,CUST059,P048,Soap,3,3.14,STORE05
T1242,2024-03-22,18:48:36,CUST059,P025,Oil,2,5.46,STORE05
T1243,2024-03-09,19:59:50,CUST321,P027,Flour,5,3.5,STORE02
T1243,2024-03-09,19:59:50,CUST321,P006,Yogurt,4,1.88,STORE02
T1243,2024-03-09,19:59:50,CUST321,P048,Soap,3,2.69,STORE02
T1243,2024-03-09,19:59:50,CUST321,P045,Detergent,1,7.84,STORE02
T1244,2024-01-24,16:08:22,CUST329,P039,Chips,1,4.25,STORE05
T1244,2024-01-24,16:08:22,CUST329,P041,Juice,4,3.66,STORE05
T1244,2024-01-24,16:08:22,CUST329,P008,Beef,5,11.83,STORE05
T1244,2024-01-24,16:08:22,CUST329,P015,Carrots,2,1.62,STORE05
T1244,2024-01-24,16:08:22,CUST329,P033,Soup,3,2.91,STORE05
T1245,2024-02-05,18:38:23,CUST238,P027,Flour,4,3.22,STORE04
T1245,2024-02-05,18:38:23,CUST238,P016,Apples,1,3.61,STORE04
T1245,2024-02-05,18:38:23,CUST238,P043,Beer,5,8.42,STORE04
T1246,2024-02-16,17:11:03,CUST009,P024,Pepper,5,3.09,STORE05
T1246,2024-02-16,17:11:03,CUST009,P041,Juice,2,3.62,STORE05
T1247,2024-01-31,09:07:46,CUST257,P016,Apples,3,4.13,STORE04
T1247,2024-01-31,09:07:46,CUST257,P029,Vanilla,3,3.6,STORE04
T1248,2024-02-09,14:17:43,CUST079,P042,Water,2,1.85,STORE01
T1248,2024-02-09,14:17:43,CUST079,P002,Milk,3,3.45,STORE01
T1248,2024-02-09,14:17:43,CUST079,P049,Tissues,4,5.45,STORE01
T1248,2024-02-09,14:17:43,CUST079,P010,Rice,2,4.36,STORE01
T1249,2024-01-12,13:49:04,CUST009,P019,Cereal,4,5.36,STORE03
T1249,2024-01-12,13:49:04,CUST009,P003,Eggs,3,4.75,STORE03
T1249,2024-01-12,13:49:04,CUST009,P035,Peanut_Butter,3,5.37,STORE03
T1249,2024-01-12,13:49:04,CUST009,P015,Carrots,5,1.83,STORE03
T1249,2024-01-12,13:49:04,CUST009,P050,Paper_Towels,4,7.34,STORE03
T1250,2024-03-13,10:35:29,CUST199,P041,Juice,3,3.99,STORE04
T1250,2024-03-13,10:35:29,CUST199,P043,Beer,5,9.67,STORE04
T1250,2024-03-13,10:35:29,CUST199,P008,Beef,4,13.6,STORE04
T1250,2024-03-13,10:35:29,CUST199,P012,Tomatoes,1,2.8,STORE04
T1251,2024-01-15,12:48:45,CUST216,P002,Milk,5,3.44,STORE01
T1251,2024-01-15,12:48:45,CUST216,P010,Rice,3,4.08,STORE01
T1251,2024-01-15,12:48:45,CUST216,P018,Oranges,1,4.65,STORE01
T1251,2024-01-15,12:48:45,CUST216,P024,Pepper,2,3.24,STORE01
T1251,2024-01-15,12:48:45,CUST216,P013,Onions,2,2.03,STORE01
T1252,2024-03-11,21:59:36,CUST324,P040,Soda,2,3.22,STORE03
T1252,2024-03-11,21:59:36,CUST324,P021,Tea,4,3.7,STORE03
T1252,2024-03-11,21:59:36,CUST324,P025,Oil,3,5.19,STORE03
T1253,2024-01-04,11:18:41,CUST194,P010,Rice,5,3.76,STORE03
T1253,2024-01-04,11:18:41,CUST194,P002,Milk,4,3.51,STORE03
T1253,2024-01-04,11:18:41,CUST194,P006,Yogurt,5,1.89,STORE03
T1253,2024-01-04,11:18:41,CUST194,P028,Baking_Powder,2,1.86,STORE03
T1253,2024-01-04,11:18:41,CUST194,P037,Honey,5,6.2,STORE03
T1254,2024-03-09,19:25:23,CUST185,P026,Vinegar,1,2.32,STORE03
T1254,2024-03-09,19:25:23,CUST185,P003,Eggs,3,4.64,STORE03
T1254,2024-03-09,19:25:23,CUST185,P001,Bread,4,2.93,STORE03
T1255,2024-03-20,18:13:59,CUST419,P016,Apples,5,4.17,STORE03
T1255,2024-03-20,18:13:59,CUST419,P026,Vinegar,3,2.55,STORE03
T1255,2024-03-20,18:13:59,CUST419,P008,Beef,1,13.95,STORE03
T1255,2024-03-20,18:13:59,CUST419,P014,Potatoes,3,2.63,STORE03
T1255,2024-03-20,18:13:59,CUST419,P005,Cheese,3,7.34,STORE03
T1256,2024-03-29,08:35:02,CUST220,P034,Crackers,1,3.26,STORE03
T1256,2024-03-29,08:35:02,CUST220,P011,Pasta,4,2.52,STORE03
T1256,2024-03-29,08:35:02,CUST220,P049,Tissues,3,5.48,STORE03
T1256,2024-03-29,08:35:02,CUST220,P047,Toothpaste,2,4.35,STORE03
T1256,2024-03-29,08:35:02,CUST220,P004,Butter,4,5.89,STORE03
T1257,2024-03-12,11:32:11,CUST362,P023,Salt,5,1.44,STORE03
T1257,2024-03-12,11:32:11,CUST362,P021,Tea,3,3.88,STORE03
T1258,2024-02-18,11:20:24,CUST235,P039,Chips,3,4.19,STORE01
T1258,2024-02-18,11:20:24,CUST235,P049,Tissues,1,4.91,STORE01
T1259,2024-01-15,19:30:09,CUST125,P010,Rice,5,4.18,STORE04
T1259,2024-01-15,19:30:09,CUST125,P016,Apples,2,3.95,STORE04
T1259,2024-01-15,19:30:09,CUST125,P032,Frozen_Pizza,2,7.54,STORE04
T1260,2024-03-19,18:28:49,CUST495,P048,Soap,2,3.01,STORE05
T1260,2024-03-19,18:28:49,CUST495,P046,Shampoo,1,6.35,STORE05
T1260,2024-03-19,18:28:49,CUST495,P042,Water,2,1.9,STORE05
T1261,2024-01-01,14:23:05,CUST384,P031,Ice_Cream,3,6.05,STORE02
T1261,2024-01-01,14:23:05,CUST384,P029,Vanilla,3,4.09,STORE02
T1261,2024-01-01,14:23:05,CUST384,P044,Wine,4,14.15,STORE02
T1262,2024-02-01,14:11:29,CUST303,P019,Cereal,5,4.63,STORE04
T1262,2024-02-01,14:11:29,CUST303,P046,Shampoo,5,6.45,STORE04
T1262,2024-02-01,14:11:29,CUST303,P011,Pasta,3,2.31,STORE04
T1263,2024-01-26,17:16:24,CUST305,P041,Juice,5,4.36,STORE01
T1263,2024-01-26,17:16:24,CUST305,P030,Chocolate,5,5.01,STORE01
T1263,2024-01-26,17:16:24,CUST305,P012,Tomatoes,5,2.97,STORE01
T1264,2024-01-13,20:28:22,CUST160,P016,Apples,4,4.02,STORE03
T1264,2024-01-13,20:28:22,CUST160,P018,Oranges,2,4.35,STORE03
T1264,2024-01-13,20:28:22,CUST160,P017,Bananas,5,1.95,STORE03
T1264,2024-01-13,20:28:22,CUST160,P012,Tomatoes,1,2.8,STORE03
T1264,2024-01-13,20:28:22,CUST160,P046,Shampoo,3,5.7,STORE03
T1265,2024-01-19,21:25:08,CUST276,P024,Pepper,4,3.17,STORE03
T1265,2024-01-19,21:25:08,CUST276,P002,Milk,3,3.58,STORE03
T1265,2024-01-19,21:25:08,CUST276,P007,Chicken,3,8.91,STORE03
T1265,2024-01-19,21:25:08,CUST276,P005,Cheese,1,6.69,STORE03
T1266,2024-02-16,18:21:50,CUST463,P034,Crackers,4,3.76,STORE02
T1266,2024-02-16,18:21:50,CUST463,P016,Apples,5,4.35,STORE02
T1266,2024-02-16,18:21:50,CUST463,P049,Tissues,5,4.62,STORE02
T1266,2024-02-16,18:21:50,CUST463,P047,Toothpaste,5,3.91,STORE02
T1266,2024-02-16,18:21:50,CUST463,P013,Onions,2,1.94,STORE02
T1267,2024-03-13,10:06:22,CUST191,P019,Cereal,5,5.25,STORE03
T1267,2024-03-13,10:06:22,CUST191,P039,Chips,4,4.31,STORE03
T1267,2024-03-13,10:06:22,CUST191,P011,Pasta,5,2.27,STORE03
T1267,2024-03-13,10:06:22,CUST191,P031,Ice_Cream,2,5.73,STORE03
T1267,2024-03-13,10:06:22,CUST191,P040,Soda,2,2.93,STORE03
T1268,2024-02-14,19:01:58,CUST190,P002,Milk,4,3.74,STORE01
T1268,2024-02-14,19:01:58,CUST190,P046,Shampoo,3,5.44,STORE01
T1268,2024-02-14,19:01:58,CUST190,P037,Honey,5,6.27,STORE01
T1269,2024-03-24,09:36:01,CUST322,P004,Butter,2,5.36,STORE05
T1269,2024-03-24,09:36:01,CUST322,P040,Soda,1,3.14,STORE05
T1270,2024-03-06,19:30:23,CUST021,P048,Soap,3,3.06,STORE04
T1270,2024-03-06,19:30:23,CUST021,P025,Oil,1,4.53,STORE04
T1271,2024-02-02,20:16:18,CUST092,P009,Fish,3,9.15,STORE03
T1271,2024-02-02,20:16:18,CUST092,P049,Tissues,5,4.61,STORE03
T1272,2024-02-01,21:10:03,CUST193,P031,Ice_Cream,4,6.58,STORE02
T1272,2024-02-01,21:10:03,CUST193,P024,Pepper,3,2.71,STORE02
T1272,2024-02-01,21:10:03,CUST193,P002,Milk,2,3.18,STORE02
T1272,2024-02-01,21:10:03,CUST193,P010,Rice,1,4.21,STORE02
T1273,2024-03-22,13:11:38,CUST447,P013,Onions,1,2.07,STORE02
T1273,2024-03-22,13:11:38,CUST447,P038,Nuts,1,6.37,STORE02
T1273,2024-03-22,13:11:38,CUST447,P016,Apples,2,3.89,STORE02
T1274,2024-02-29,20:31:15,CUST317,P010,Rice,4,4.36,STORE03
T1274,2024-02-29,20:31:15,CUST317,P038,Nuts,2,6.76,STORE03
T1274,2024-02-29,20:31:15,CUST317,P022,Sugar,1,2.94,STORE03
T1274,2024-02-29,20:31:15,CUST317,P047,Toothpaste,4,3.88,STORE03
T1274,2024-02-29,20:31:15,CUST317,P023,Salt,2,1.43,STORE03
T1275,2024-03-17,12:07:33,CUST436,P016,Apples,1,4.06,STORE01
T1275,2024-03-17,12:07:33,CUST436,P022,Sugar,2,3.01,STORE01
T1276,2024-02-08,15:40:48,CUST127,P004,Butter,1,5.31,STORE04
T1276,2024-02-08,15:40:48,CUST127,P006,Yogurt,1,1.9,STORE04
T1277,2024-01-08,14:57:16,CUST147,P039,Chips,1,3.89,STORE01
T1277,2024-01-08,14:57:16,CUST147,P001,Bread,5,3.09,STORE01
T1277,2024-01-08,14:57:16,CUST147,P040,Soda,2,2.69,STORE01
T1277,2024-01-08,14:57:16,CUST147,P043,Beer,4,9.61,STORE01
T1277,2024-01-08,14:57:16,CUST147,P009,Fish,4,10.8,STORE01
T1278,2024-01-05,21:28:59,CUST026,P020,Coffee,2,8.01,STORE03
T1278,2024-01-05,21:28:59,CUST026,P013,Onions,2,1.83,STORE03
T1278,2024-01-05,21:28:59,CUST026,P035,Peanut_Butter,5,5.33,STORE03
T1278,2024-01-05,21:28:59,CUST026,P033,Soup,5,3.28,STORE03
T1279,2024-03-13,09:12:52,CUST279,P041,Juice,5,4.33,STORE05
T1279,2024-03-13,09:12:52,CUST279,P001,Bread,4,2.71,STORE05
T1279,2024-03-13,09:12:52,CUST279,P014,Potatoes,2,2.48,STORE05
T1279,2024-03-13,09:12:52,CUST279,P044,Wine,2,14.08,STORE05
T1279,2024-03-13,09:12:52,CUST279,P037,Honey,4,6.15,STORE05
T1280,2024-03-14,20:08:18,CUST232,P038,Nuts,2,6.87,STORE01
T1280,2024-03-14,20:08:18,CUST232,P021,Tea,1,3.93,STORE01
T1280,2024-03-14,20:08:18,CUST232,P017,Bananas,3,1.86,STORE01
T1280,2024-03-14,20:08:18,CUST232,P014,Potatoes,1,2.25,STORE01
T1280,2024-03-14,20:08:18,CUST232,P037,Honey,3,5.6,STORE01
T1281,2024-01-15,13:56:10,CUST025,P048,Soap,2,3.05,STORE04
T1281,2024-01-15,13:56:10,CUST025,P023,Salt,1,1.5,STORE04
T1282,2024-02-24,20:38:14,CUST417,P031,Ice_Cream,3,5.57,STORE02
T1282,2024-02-24,20:38:14,CUST417,P004,Butter,4,5.97,STORE02
T1282,2024-02-24,20:38:14,CUST417,P038,Nuts,4,7.22,STORE02
T1282,2024-02-24,20:38:14,CUST417,P029,Vanilla,5,3.66,STORE02
T1283,2024-01-21,16:35:45,CUST487,P022,Sugar,4,2.78,STORE01
T1283,2024-01-21,16:35:45,CUST487,P020,Coffee,1,7.69,STORE01
T1283,2024-01-21,16:35:45,CUST487,P002,Milk,4,3.64,STORE01
T1283,2024-01-21,16:35:45,CUST487,P037,Honey,5,6.22,STORE01
T1284,2024-03-06,20:02:27,CUST232,P041,Juice,5,3.99,STORE04
T1284,2024-03-06,20:02:27,CUST232,P018,Oranges,5,4.86,STORE04
T1284,2024-03-06,20:02:27,CUST232,P033,Soup,5,3.11,STORE04
T1285,2024-01-29,08:29:10,CUST169,P042,Water,1,1.97,STORE04
T1285,2024-01-29,08:29:10,CUST169,P002,Milk,4,3.47,STORE04
T1286,2024-01-21,19:42:30,CUST013,P023,Salt,3,1.5,STORE02
T1286,2024-01-21,19:42:30,CUST013,P047,Toothpaste,1,4.21,STORE02
T1287,2024-02-10,15:35:28,CUST096,P041,Juice,3,4.32,STORE02
T1287,2024-02-10,15:35:28,CUST096,P022,Sugar,4,2.95,STORE02
T1288,2024-02-26,17:07:59,CUST395,P027,Flour,5,3.83,STORE02
T1288,2024-02-26,17:07:59,CUST395,P029,Vanilla,3,4.14,STORE02
T1288,2024-02-26,17:07:59,CUST395,P049,Tissues,5,4.67,STORE02
T1288,2024-02-26,17:07:59,CUST395,P028,Baking_Powder,2,1.95,STORE02
T1289,2024-03-05,09:45:52,CUST239,P002,Milk,1,3.18,STORE04
T1289,2024-03-05,09:45:52,CUST239,P047,Toothpaste,3,3.81,STORE04
T1289,2024-03-05,09:45:52,CUST239,P015,Carrots,4,1.91,STORE04
T1289,2024-03-05,09:45:52,CUST239,P036,Jam,1,3.65,STORE04
T1289,2024-03-05,09:45:52,CUST239,P050,Paper_Towels,5,6.68,STORE04
T1290,2024-02-22,21:35:49,CUST108,P023,Salt,1,1.59,STORE04
T1290,2024-02-22,21:35:49,CUST108,P026,Vinegar,4,2.33,STORE04
T1290,2024-02-22,21:35:49,CUST108,P032,Frozen_Pizza,3,6.58,STORE04
T1290,2024-02-22,21:35:49,CUST108,P012,Tomatoes,4,2.89,STORE04
T1291,2024-01-22,20:23:29,CUST196,P017,Bananas,2,1.9,STORE05
T1291,2024-01-22,20:23:29,CUST196,P003,Eggs,5,4.54,STORE05
T1291,2024-01-22,20:23:29,CUST196,P018,Oranges,5,4.17,STORE05
T1292,2024-03-20,13:16:03,CUST158,P027,Flour,3,3.19,STORE01
T1292,2024-03-20,13:16:03,CUST158,P048,Soap,3,2.76,STORE01
T1292,2024-03-20,13:16:03,CUST158,P017,Bananas,3,1.85,STORE01
T1293,2024-02-23,19:51:00,CUST054,P048,Soap,2,2.93,STORE05
T1293,2024-02-23,19:51:00,CUST054,P019,Cereal,5,5.43,STORE05
T1293,2024-02-23,19:51:00,CUST054,P029,Vanilla,5,3.79,STORE05
T1293,2024-02-23,19:51:00,CUST054,P044,Wine,1,12.57,STORE05
T1294,2024-02-21,10:24:17,CUST149,P019,Cereal,5,5.38,STORE05
T1294,2024-02-21,10:24:17,CUST149,P016,Apples,1,3.77,STORE05
T1294,2024-02-21,10:24:17,CUST149,P003,Eggs,1,4.96,STORE05
T1295,2024-01-17,12:12:02,CUST330,P010,Rice,5,3.87,STORE01
T1295,2024-01-17,12:12:02,CUST330,P013,Onions,4,1.87,STORE01
T1295,2024-01-17,12:12:02,CUST330,P008,Beef,4,12.97,STORE01
T1296,2024-01-06,20:00:04,CUST260,P025,Oil,5,4.65,STORE05
T1296,2024-01-06,20:00:04,CUST260,P018,Oranges,3,4.8,STORE05
T1296,2024-01-06,20:00:04,CUST260,P049,Tissues,4,5.14,STORE05
T1296,2024-01-06,20:00:04,CUST260,P030,Chocolate,2,5.13,STORE05
T1296,2024-01-06,20:00:04,CUST260,P032,Frozen_Pizza,4,7.16,STORE05
T1297,2024-03-14,21:33:53,CUST339,P039,Chips,5,4.01,STORE01
T1297,2024-03-14,21:33:53,CUST339,P043,Beer,5,9.7,STORE01
T1297,2024-03-14,21:33:53,CUST339,P040,Soda,1,2.79,STORE01
T1297,2024-03-14,21:33:53,CUST339,P012,Tomatoes,4,2.99,STORE01
T1298,2024-01-19,14:35:23,CUST057,P009,Fish,1,10.09,STORE03
T1298,2024-01-19,14:35:23,CUST057,P050,Paper_Towels,1,6.89,STORE03
T1298,2024-01-19,14:35:23,CUST057,P003,Eggs,1,5.34,STORE03
T1298,2024-01-19,14:35:23,CUST057,P030,Chocolate,5,4.93,STORE03
T1299,2024-03-05,09:24:26,CUST293,P004,Butter,3,5.57,STORE02
T1299,2024-03-05,09:24:26,CUST293,P037,Honey,1,5.71,STORE02
T1300,2024-01-22,10:08:57,CUST169,P048,Soap,5,3.03,STORE05
T1300,2024-01-22,10:08:57,CUST169,P050,Paper_Towels,1,6.82,STORE05
T1300,2024-01-22,10:08:57,CUST169,P005,Cheese,1,7.34,STORE05
T1300,2024-01-22,10:08:57,CUST169,P022,Sugar,1,3.07,STORE05
T1301,2024-02-21,15:52:28,CUST272,P010,Rice,5,4.13,STORE05
T1301,2024-02-21,15:52:28,CUST272,P001,Bread,4,3.08,STORE05
T1302,2024-01-21,20:53:49,CUST303,P010,Rice,3,3.76,STORE02
T1302,2024-01-21,20:53:49,CUST303,P025,Oil,5,5.43,STORE02
T1302,2024-01-21,20:53:49,CUST303,P014,Potatoes,4,2.31,STORE02
T1302,2024-01-21,20:53:49,CUST303,P012,Tomatoes,1,3.17,STORE02
T1302,2024-01-21,20:53:49,CUST303,P007,Chicken,2,8.88,STORE02
T1303,2024-02-14,21:54:47,CUST125,P023,Salt,1,1.49,STORE04
T1303,2024-02-14,21:54:47,CUST125,P008,Beef,5,13.38,STORE04
T1304,2024-01-22,17:44:55,CUST460,P006,Yogurt,4,2.16,STORE03
T1304,2024-01-22,17:44:55,CUST460,P020,Coffee,2,7.97,STORE03
T1304,2024-01-22,17:44:55,CUST460,P045,Detergent,5,8.57,STORE03
T1304,2024-01-22,17:44:55,CUST460,P028,Baking_Powder,3,2.14,STORE03
T1305,2024-01-07,20:11:51,CUST183,P016,Apples,2,3.93,STORE01
T1305,2024-01-07,20:11:51,CUST183,P049,Tissues,2,4.75,STORE01
T1305,2024-01-07,20:11:51,CUST183,P004,Butter,4,5.14,STORE01
T1305,2024-01-07,20:11:51,CUST183,P015,Carrots,1,1.71,STORE01
T1305,2024-01-07,20:11:51,CUST183,P036,Jam,2,4.38,STORE01
T1306,2024-01-23,13:24:37,CUST420,P046,Shampoo,3,5.57,STORE01
T1306,2024-01-23,13:24:37,CUST420,P028,Baking_Powder,2,2.17,STORE01
T1306,2024-01-23,13:24:37,CUST420,P022,Sugar,3,3.1,STORE01
T1306,2024-01-23,13:24:37,CUST420,P033,Soup,1,2.72,STORE01
T1307,2024-02-24,12:59:47,CUST472,P026,Vinegar,5,2.27,STORE02
T1307,2024-02-24,12:59:47,CUST472,P005,Cheese,5,7.47,STORE02
T1307,2024-02-24,12:59:47,CUST472,P033,Soup,5,3.19,STORE02
T1308,2024-01-05,08:19:01,CUST406,P025,Oil,5,4.56,STORE02
T1308,2024-01-05,08:19:01,CUST406,P001,Bread,2,2.89,STORE02
T1309,2024-01-06,14:51:33,CUST389,P027,Flour,2,3.57,STORE03
T1309,2024-01-06,14:51:33,CUST389,P013,Onions,4,2.03,STORE03
T1309,2024-01-06,14:51:33,CUST389,P034,Crackers,4,3.27,STORE03
T1310,2024-03-11,20:16:47,CUST045,P034,Crackers,4,3.57,STORE01
T1310,2024-03-11,20:16:47,CUST045,P016,Apples,4,4.19,STORE01
T1310,2024-03-11,20:16:47,CUST045,P038,Nuts,2,6.88,STORE01
T1310,2024-03-11,20:16:47,CUST045,P044,Wine,1,13.05,STORE01
T1310,2024-03-11,20:16:47,CUST045,P005,Cheese,2,6.51,STORE01
T1311,2024-03-27,18:22:01,CUST215,P038,Nuts,1,6.83,STORE02
T1311,2024-03-27,18:22:01,CUST215,P043,Beer,1,8.83,STORE02
T1312,2024-01-23,19:24:14,CUST342,P039,Chips,1,3.77,STORE05
T1312,2024-01-23,19:24:14,CUST342,P011,Pasta,4,2.33,STORE05
T1312,2024-01-23,19:24:14,CUST342,P018,Oranges,3,4.69,STORE05
T1312,2024-01-23,19:24:14,CUST342,P020,Coffee,4,8.61,STORE05
T1312,2024-01-23,19:24:14,CUST342,P048,Soap,3,2.74,STORE05
T1313,2024-01-30,15:51:40,CUST034,P004,Butter,3,5.54,STORE04
T1313,2024-01-30,15:51:40,CUST034,P007,Chicken,3,9.52,STORE04
T1314,2024-01-31,16:41:59,CUST484,P046,Shampoo,5,6.4,STORE03
T1314,2024-01-31,16:41:59,CUST484,P014,Potatoes,2,2.55,STORE03
T1315,2024-03-20,08:49:06,CUST281,P013,Onions,1,2.0,STORE03
T1315,2024-03-20,08:49:06,CUST281,P005,Cheese,4,7.01,STORE03
T1316,2024-02-29,16:49:07,CUST331,P016,Apples,5,3.99,STORE02
T1316,2024-02-29,16:49:07,CUST331,P008,Beef,5,12.18,STORE02
T1316,2024-02-29,16:49:07,CUST331,P032,Frozen_Pizza,4,7.48,STORE02
T1316,2024-02-29,16:49:07,CUST331,P028,Baking_Powder,5,1.83,STORE02
T1317,2024-01-18,18:42:07,CUST375,P023,Salt,1,1.36,STORE04
T1317,2024-01-18,18:42:07,CUST375,P040,Soda,4,3.09,STORE04
T1318,2024-02-09,12:08:00,CUST403,P006,Yogurt,1,2.01,STORE03
T1318,2024-02-09,12:08:00,CUST403,P039,Chips,1,4.25,STORE03
T1318,2024-02-09,12:08:00,CUST403,P002,Milk,5,3.73,STORE03
T1318,2024-02-09,12:08:00,CUST403,P012,Tomatoes,5,3.13,STORE03
T1318,2024-02-09,12:08:00,CUST403,P007,Chicken,1,8.12,STORE03
T1319,2024-01-15,10:04:15,CUST398,P027,Flour,2,3.7,STORE02
T1319,2024-01-15,10:04:15,CUST398,P016,Apples,2,4.11,STORE02
T1319,2024-01-15,10:04:15,CUST398,P003,Eggs,2,4.64,STORE02
T1319,2024-01-15,10:04:15,CUST398,P001,Bread,2,2.88,STORE02
T1320,2024-01-14,17:38:38,CUST017,P042,Water,2,1.93,STORE01
T1320,2024-01-14,17:38:38,CUST017,P006,Yogurt,3,2.18,STORE01
T1320,2024-01-14,17:38:38,CUST017,P043,Beer,5,8.62,STORE01
T1321,2024-01-24,20:57:38,CUST373,P006,Yogurt,5,2.06,STORE03
T1321,2024-01-24,20:57:38,CUST373,P026,Vinegar,5,2.39,STORE03
T1322,2024-02-26,10:10:22,CUST165,P034,Crackers,5,3.56,STORE02
T1322,2024-02-26,10:10:22,CUST165,P031,Ice_Cream,5,6.09,STORE02
T1323,2024-03-07,19:18:39,CUST396,P039,Chips,2,3.93,STORE02
T1323,2024-03-07,19:18:39,CUST396,P008,Beef,2,12.29,STORE02
T1323,2024-03-07,19:18:39,CUST396,P028,Baking_Powder,3,2.16,STORE02
T1323,2024-03-07,19:18:39,CUST396,P048,Soap,2,3.2,STORE02
T1323,2024-03-07,19:18:39,CUST396,P009,Fish,2,10.23,STORE02
T1324,2024-02-07,15:26:00,CUST226,P006,Yogurt,5,2.13,STORE05
T1324,2024-02-07,15:26:00,CUST226,P050,Paper_Towels,3,7.1,STORE05
T1324,2024-02-07,15:26:00,CUST226,P049,Tissues,2,4.7,STORE05
T1324,2024-02-07,15:26:00,CUST226,P022,Sugar,4,3.0,STORE05
T1325,2024-01-11,17:38:27,CUST428,P019,Cereal,2,4.93,STORE02
T1325,2024-01-11,17:38:27,CUST428,P003,Eggs,1,4.54,STORE02
T1325,2024-01-11,17:38:27,CUST428,P011,Pasta,2,2.43,STORE02
T1325,2024-01-11,17:38:27,CUST428,P035,Peanut_Butter,1,5.1,STORE02
T1325,2024-01-11,17:38:27,CUST428,P043,Beer,5,9.54,STORE02
T1326,2024-01-20,11:26:36,CUST206,P019,Cereal,4,4.79,STORE01
T1326,2024-01-20,11:26:36,CUST206,P006,Yogurt,3,2.16,STORE01
T1326,2024-01-20,11:26:36,CUST206,P049,Tissues,3,4.52,STORE01
T1326,2024-01-20,11:26:36,CUST206,P022,Sugar,5,2.84,STORE01
T1326,2024-01-20,11:26:36,CUST206,P014,Potatoes,2,2.26,STORE01
T1327,2024-01-26,17:09:58,CUST429,P040,Soda,1,3.11,STORE04
T1327,2024-01-26,17:09:58,CUST429,P021,Tea,2,4.28,STORE04
T1327,2024-01-26,17:09:58,CUST429,P043,Beer,5,8.37,STORE04
T1328,2024-03-02,08:59:49,CUST223,P042,Water,2,1.84,STORE05
T1328,2024-03-02,08:59:49,CUST223,P038,Nuts,3,7.61,STORE05
T1328,2024-03-02,08:59:49,CUST223,P022,Sugar,4,2.9,STORE05
T1328,2024-03-02,08:59:49,CUST223,P015,Carrots,4,1.69,STORE05
T1328,2024-03-02,08:59:49,CUST223,P050,Paper_Towels,4,6.68,STORE05
T1329,2024-02-07,09:41:46,CUST117,P018,Oranges,5,4.66,STORE02
T1329,2024-02-07,09:41:46,CUST117,P029,Vanilla,3,3.81,STORE02
T1329,2024-02-07,09:41:46,CUST117,P044,Wine,4,12.51,STORE02
T1329,2024-02-07,09:41:46,CUST117,P048,Soap,4,3.07,STORE02
T1329,2024-02-07,09:41:46,CUST117,P046,Shampoo,5,6.04,STORE02
T1330,2024-03-17,18:26:13,CUST090,P018,Oranges,4,4.39,STORE03
T1330,2024-03-17,18:26:13,CUST090,P001,Bread,1,3.05,STORE03
T1330,2024-03-17,18:26:13,CUST090,P042,Water,2,2.14,STORE03
T1330,2024-03-17,18:26:13,CUST090,P043,Beer,1,8.26,STORE03
T1330,2024-03-17,18:26:13,CUST090,P046,Shampoo,3,5.96,STORE03
T1331,2024-03-23,12:46:30,CUST336,P018,Oranges,1,4.66,STORE03
T1331,2024-03-23,12:46:30,CUST336,P022,Sugar,1,3.12,STORE03
T1331,2024-03-23,12:46:30,CUST336,P032,Frozen_Pizza,1,7.2,STORE03
T1331,2024-03-23,12:46:30,CUST336,P009,Fish,1,10.53,STORE03
T1331,2024-03-23,12:46:30,CUST336,P046,Shampoo,4,5.54,STORE03
T1332,2024-02-14,10:21:14,CUST177,P007,Chicken,4,8.44,STORE05
T1332,2024-02-14,10:21:14,CUST177,P014,Potatoes,2,2.6,STORE05
T1332,2024-02-14,10:21:14,CUST177,P037,Honey,3,5.56,STORE05
T1332,2024-02-14,10:21:14,CUST177,P033,Soup,4,3.08,STORE05
T1333,2024-03-09,18:19:18,CUST492,P026,Vinegar,4,2.66,STORE03
T1333,2024-03-09,18:19:18,CUST492,P016,Apples,3,4.27,STORE03
T1333,2024-03-09,18:19:18,CUST492,P041,Juice,5,4.14,STORE03
T1334,2024-02-06,14:48:27,CUST089,P009,Fish,3,9.06,STORE01
T1334,2024-02-06,14:48:27,CUST089,P038,Nuts,5,6.54,STORE01
T1334,2024-02-06,14:48:27,CUST089,P018,Oranges,5,4.84,STORE01
T1335,2024-02-11,13:18:23,CUST016,P043,Beer,2,9.75,STORE05
T1335,2024-02-11,13:18:23,CUST016,P039,Chips,2,4.11,STORE05
T1335,2024-02-11,13:18:23,CUST016,P017,Bananas,3,2.19,STORE05
T1336,2024-01-14,19:06:30,CUST415,P010,Rice,4,3.95,STORE04
T1336,2024-01-14,19:06:30,CUST415,P028,Baking_Powder,1,1.89,STORE04
T1336,2024-01-14,19:06:30,CUST415,P047,Toothpaste,3,4.34,STORE04
T1336,2024-01-14,19:06:30,CUST415,P030,Chocolate,2,5.43,STORE04
T1336,2024-01-14,19:06:30,CUST415,P046,Shampoo,5,6.45,STORE04
T1337,2024-02-12,16:17:44,CUST427,P047,Toothpaste,4,3.86,STORE03
T1337,2024-02-12,16:17:44,CUST427,P042,Water,2,1.92,STORE03
T1337,2024-02-12,16:17:44,CUST427,P008,Beef,5,13.88,STORE03
T1337,2024-02-12,16:17:44,CUST427,P015,Carrots,3,1.63,STORE03
T1338,2024-01-30,09:33:46,CUST263,P016,Apples,2,3.96,STORE05
T1338,2024-01-30,09:33:46,CUST263,P011,Pasta,2,2.68,STORE05
T1338,2024-01-30,09:33:46,CUST263,P017,Bananas,1,1.82,STORE05
T1338,2024-01-30,09:33:46,CUST263,P040,Soda,3,2.87,STORE05
T1338,2024-01-30,09:33:46,CUST263,P032,Frozen_Pizza,4,6.46,STORE05
T1339,2024-03-22,16:54:59,CUST084,P023,Salt,5,1.5,STORE05
T1339,2024-03-22,16:54:59,CUST084,P004,Butter,3,5.49,STORE05
T1339,2024-03-22,16:54:59,CUST084,P043,Beer,4,8.41,STORE05
T1339,2024-03-22,16:54:59,CUST084,P022,Sugar,2,2.93,STORE05
T1340,2024-03-05,09:40:41,CUST367,P042,Water,5,2.1,STORE02
T1340,2024-03-05,09:40:41,CUST367,P028,Baking_Powder,3,2.15,STORE02
T1341,2024-02-16,20:34:37,CUST388,P047,Toothpaste,2,3.8,STORE04
T1341,2024-02-16,20:34:37,CUST388,P038,Nuts,3,7.57,STORE04
T1341,2024-02-16,20:34:37,CUST388,P015,Carrots,2,1.74,STORE04
T1342,2024-02-16,18:59:39,CUST052,P029,Vanilla,1,4.06,STORE03
T1342,2024-02-16,18:59:39,CUST052,P004,Butter,4,5.36,STORE03
T1342,2024-02-16,18:59:39,CUST052,P040,Soda,4,2.72,STORE03
T1342,2024-02-16,18:59:39,CUST052,P015,Carrots,4,1.81,STORE03
T1342,2024-02-16,18:59:39,CUST052,P036,Jam,5,3.79,STORE03
T1343,2024-03-05,16:52:34,CUST008,P031,Ice_Cream,4,5.56,STORE02
T1343,2024-03-05,16:52:34,CUST008,P046,Shampoo,2,5.43,STORE02
T1344,2024-02-25,15:16:45,CUST213,P007,Chicken,4,9.77,STORE04
T1344,2024-02-25,15:16:45,CUST213,P033,Soup,3,2.85,STORE04
T1345,2024-03-10,14:47:15,CUST284,P018,Oranges,4,4.93,STORE01
T1345,2024-03-10,14:47:15,CUST284,P042,Water,5,1.96,STORE01
T1345,2024-03-10,14:47:15,CUST284,P032,Frozen_Pizza,3,7.46,STORE01
T1345,2024-03-10,14:47:15,CUST284,P030,Chocolate,3,5.31,STORE01
T1345,2024-03-10,14:47:15,CUST284,P005,Cheese,5,6.31,STORE01
T1346,2024-01-09,08:01:59,CUST288,P034,Crackers,1,3.57,STORE02
T1346,2024-01-09,08:01:59,CUST288,P019,Cereal,4,5.08,STORE02
T1347,2024-03-13,09:05:53,CUST419,P002,Milk,5,3.36,STORE05
T1347,2024-03-13,09:05:53,CUST419,P016,Apples,2,3.81,STORE05
T1347,2024-03-13,09:05:53,CUST419,P042,Water,5,2.1,STORE05
T1347,2024-03-13,09:05:53,CUST419,P035,Peanut_Butter,1,5.28,STORE05
T1347,2024-03-13,09:05:53,CUST419,P023,Salt,4,1.58,STORE05
T1348,2024-02-02,18:22:04,CUST329,P019,Cereal,4,5.19,STORE02
T1348,2024-02-02,18:22:04,CUST329,P002,Milk,4,3.16,STORE02
T1348,2024-02-02,18:22:04,CUST329,P014,Potatoes,4,2.46,STORE02
T1349,2024-02-02,08:28:21,CUST388,P004,Butter,2,5.75,STORE05
T1349,2024-02-02,08:28:21,CUST388,P045,Detergent,5,7.57,STORE05
T1349,2024-02-02,08:28:21,CUST388,P033,Soup,4,2.89,STORE05
T1349,2024-02-02,08:28:21,CUST388,P028,Baking_Powder,4,1.94,STORE05
T1350,2024-01-03,11:45:38,CUST308,P002,Milk,1,3.46,STORE04
T1350,2024-01-03,11:45:38,CUST308,P019,Cereal,5,4.67,STORE04
T1350,2024-01-03,11:45:38,CUST308,P001,Bread,5,2.85,STORE04
T1351,2024-03-19,19:50:38,CUST292,P034,Crackers,1,3.33,STORE04
T1351,2024-03-19,19:50:38,CUST292,P016,Apples,3,4.23,STORE04
T1351,2024-03-19,19:50:38,CUST292,P038,Nuts,2,6.78,STORE04
T1351,2024-03-19,19:50:38,CUST292,P048,Soap,4,3.05,STORE04
T1351,2024-03-19,19:50:38,CUST292,P046,Shampoo,4,6.46,STORE04
T1352,2024-02-03,16:02:47,CUST152,P015,Carrots,2,1.8,STORE05
T1352,2024-02-03,16:02:47,CUST152,P036,Jam,1,4.31,STORE05
T1353,2024-03-08,15:16:13,CUST471,P009,Fish,5,10.59,STORE01
T1353,2024-03-08,15:16:13,CUST471,P050,Paper_Towels,3,7.45,STORE01
T1353,2024-03-08,15:16:13,CUST471,P012,Tomatoes,1,2.83,STORE01
T1354,2024-03-21,11:42:10,CUST422,P041,Juice,4,3.95,STORE02
T1354,2024-03-21,11:42:10,CUST422,P008,Beef,5,12.3,STORE02
T1354,2024-03-21,11:42:10,CUST422,P040,Soda,1,3.21,STORE02
T1354,2024-03-21,11:42:10,CUST422,P032,Frozen_Pizza,2,7.47,STORE02
T1354,2024-03-21,11:42:10,CUST422,P045,Detergent,2,8.23,STORE02
T1355,2024-01-05,21:42:02,CUST275,P047,Toothpaste,4,4.36,STORE03
T1355,2024-01-05,21:42:02,CUST275,P031,Ice_Cream,1,6.05,STORE03
T1355,2024-01-05,21:42:02,CUST275,P029,Vanilla,4,3.86,STORE03
T1355,2024-01-05,21:42:02,CUST275,P024,Pepper,3,3.11,STORE03
T1356,2024-01-30,15:59:05,CUST036,P018,Oranges,3,4.35,STORE03
T1356,2024-01-30,15:59:05,CUST036,P037,Honey,3,5.96,STORE03
T1357,2024-03-21,15:36:48,CUST013,P006,Yogurt,2,1.92,STORE02
T1357,2024-03-21,15:36:48,CUST013,P050,Paper_Towels,3,6.31,STORE02
T1357,2024-03-21,15:36:48,CUST013,P045,Detergent,5,7.7,STORE02
T1358,2024-03-15,11:44:55,CUST256,P016,Apples,4,4.32,STORE04
T1358,2024-03-15,11:44:55,CUST256,P007,Chicken,3,8.46,STORE04
T1358,2024-03-15,11:44:55,CUST256,P005,Cheese,3,6.95,STORE04
T1359,2024-03-04,11:49:46,CUST214,P013,Onions,2,1.95,STORE02
T1359,2024-03-04,11:49:46,CUST214,P012,Tomatoes,4,2.91,STORE02
T1360,2024-03-19,13:07:19,CUST454,P013,Onions,3,2.14,STORE01
T1360,2024-03-19,13:07:19,CUST454,P043,Beer,5,8.9,STORE01
T1361,2024-01-30,18:59:59,CUST376,P046,Shampoo,1,5.58,STORE01
T1361,2024-01-30,18:59:59,CUST376,P030,Chocolate,2,4.58,STORE01
T1362,2024-02-27,08:47:46,CUST253,P018,Oranges,3,4.54,STORE02
T1362,2024-02-27,08:47:46,CUST253,P029,Vanilla,4,4.08,STORE02
T1362,2024-02-27,08:47:46,CUST253,P049,Tissues,1,4.6,STORE02
T1362,2024-02-27,08:47:46,CUST253,P050,Paper_Towels,1,7.1,STORE02
T1362,2024-02-27,08:47:46,CUST253,P037,Honey,5,6.06,STORE02
T1363,2024-03-28,19:18:58,CUST057,P004,Butter,5,5.72,STORE01
T1363,2024-03-28,19:18:58,CUST057,P040,Soda,3,2.71,STORE01
T1363,2024-03-28,19:18:58,CUST057,P038,Nuts,1,7.01,STORE01
T1363,2024-03-28,19:18:58,CUST057,P036,Jam,3,4.05,STORE01
T1364,2024-01-11,12:36:00,CUST124,P043,Beer,2,8.27,STORE01
T1364,2024-01-11,12:36:00,CUST124,P008,Beef,3,14.12,STORE01
T1364,2024-01-11,12:36:00,CUST124,P035,Peanut_Butter,3,4.54,STORE01
T1364,2024-01-11,12:36:00,CUST124,P036,Jam,4,3.8,STORE01
T1365,2024-03-10,17:18:09,CUST399,P034,Crackers,2,3.52,STORE02
T1365,2024-03-10,17:18:09,CUST399,P026,Vinegar,1,2.46,STORE02
T1365,2024-03-10,17:18:09,CUST399,P044,Wine,3,13.93,STORE02
T1366,2024-01-10,11:25:10,CUST269,P016,Apples,3,4.2,STORE02
T1366,2024-01-10,11:25:10,CUST269,P037,Honey,4,5.65,STORE02
T1366,2024-01-10,11:25:10,CUST269,P033,Soup,2,3.02,STORE02
T1367,2024-02-01,20:37:35,CUST046,P018,Oranges,4,4.46,STORE02
T1367,2024-02-01,20:37:35,CUST046,P022,Sugar,2,3.26,STORE02
T1368,2024-01-29,13:59:27,CUST120,P020,Coffee,4,7.55,STORE01
T1368,2024-01-29,13:59:27,CUST120,P014,Potatoes,5,2.52,STORE01
T1368,2024-01-29,13:59:27,CUST120,P036,Jam,2,3.79,STORE01
T1369,2024-02-15,11:37:42,CUST432,P016,Apples,5,3.94,STORE05
T1369,2024-02-15,11:37:42,CUST432,P017,Bananas,1,2.1,STORE05
T1369,2024-02-15,11:37:42,CUST432,P023,Salt,1,1.6,STORE05
T1369,2024-02-15,11:37:42,CUST432,P050,Paper_Towels,1,7.17,STORE05
T1369,2024-02-15,11:37:42,CUST432,P005,Cheese,3,7.57,STORE05
T1370,2024-01-10,21:56:11,CUST442,P047,Toothpaste,1,4.0,STORE03
T1370,2024-01-10,21:56:11,CUST442,P045,Detergent,5,7.66,STORE03
T1371,2024-02-11,17:24:39,CUST162,P049,Tissues,2,5.44,STORE05
T1371,2024-02-11,17:24:39,CUST162,P020,Coffee,4,7.24,STORE05
T1371,2024-02-11,17:24:39,CUST162,P014,Potatoes,3,2.41,STORE05
T1371,2024-02-11,17:24:39,CUST162,P030,Chocolate,1,5.31,STORE05
T1371,2024-02-11,17:24:39,CUST162,P033,Soup,3,3.14,STORE05
T1372,2024-01-02,17:24:11,CUST412,P027,Flour,5,3.73,STORE02
T1372,2024-01-02,17:24:11,CUST412,P029,Vanilla,5,3.73,STORE02
T1372,2024-01-02,17:24:11,CUST412,P024,Pepper,2,3.04,STORE02
T1373,2024-01-22,11:02:18,CUST444,P003,Eggs,4,5.04,STORE02
T1373,2024-01-22,11:02:18,CUST444,P041,Juice,2,3.74,STORE02
T1373,2024-01-22,11:02:18,CUST444,P027,Flour,1,3.42,STORE02
T1373,2024-01-22,11:02:18,CUST444,P020,Coffee,1,8.11,STORE02
T1373,2024-01-22,11:02:18,CUST444,P036,Jam,4,4.13,STORE02
T1374,2024-01-15,21:00:07,CUST067,P011,Pasta,1,2.71,STORE01
T1374,2024-01-15,21:00:07,CUST067,P018,Oranges,5,4.35,STORE01
T1374,2024-01-15,21:00:07,CUST067,P024,Pepper,3,2.91,STORE01
T1374,2024-01-15,21:00:07,CUST067,P020,Coffee,4,7.4,STORE01
T1374,2024-01-15,21:00:07,CUST067,P013,Onions,2,2.16,STORE01
T1375,2024-02-17,12:24:54,CUST270,P002,Milk,4,3.43,STORE05
T1375,2024-02-17,12:24:54,CUST270,P001,Bread,4,2.91,STORE05
T1375,2024-02-17,12:24:54,CUST270,P022,Sugar,2,2.87,STORE05
T1375,2024-02-17,12:24:54,CUST270,P045,Detergent,5,8.43,STORE05
T1375,2024-02-17,12:24:54,CUST270,P012,Tomatoes,1,2.95,STORE05
T1376,2024-03-08,14:40:50,CUST015,P047,Toothpaste,4,3.7,STORE01
T1376,2024-03-08,14:40:50,CUST015,P006,Yogurt,4,2.04,STORE01
T1376,2024-03-08,14:40:50,CUST015,P018,Oranges,1,4.78,STORE01
T1377,2024-03-14,18:41:25,CUST368,P024,Pepper,2,3.18,STORE05
T1377,2024-03-14,18:41:25,CUST368,P031,Ice_Cream,3,6.3,STORE05
T1377,2024-03-14,18:41:25,CUST368,P043,Beer,4,8.73,STORE05
T1377,2024-03-14,18:41:25,CUST368,P032,Frozen_Pizza,2,7.26,STORE05
T1377,2024-03-14,18:41:25,CUST368,P007,Chicken,5,8.43,STORE05
T1378,2024-01-21,21:47:03,CUST139,P031,Ice_Cream,4,6.28,STORE01
T1378,2024-01-21,21:47:03,CUST139,P016,Apples,1,4.01,STORE01
T1378,2024-01-21,21:47:03,CUST139,P038,Nuts,1,7.0,STORE01
T1378,2024-01-21,21:47:03,CUST139,P029,Vanilla,4,3.72,STORE01
T1379,2024-01-23,08:28:30,CUST079,P029,Vanilla,3,3.68,STORE03
T1379,2024-01-23,08:28:30,CUST079,P003,Eggs,4,4.71,STORE03
T1379,2024-01-23,08:28:30,CUST079,P049,Tissues,2,5.47,STORE03
T1379,2024-01-23,08:28:30,CUST079,P041,Juice,4,4.2,STORE03
T1380,2024-01-05,19:38:53,CUST026,P026,Vinegar,1,2.66,STORE02
T1380,2024-01-05,19:38:53,CUST026,P035,Peanut_Butter,1,5.19,STORE02
T1380,2024-01-05,19:38:53,CUST026,P037,Honey,4,6.57,STORE02
T1381,2024-02-11,20:10:52,CUST392,P039,Chips,5,4.02,STORE03
T1381,2024-02-11,20:10:52,CUST392,P038,Nuts,1,7.15,STORE03
T1381,2024-02-11,20:10:52,CUST392,P047,Toothpaste,5,4.16,STORE03
T1381,2024-02-11,20:10:52,CUST392,P023,Salt,3,1.5,STORE03
T1381,2024-02-11,20:10:52,CUST392,P005,Cheese,4,6.53,STORE03
T1382,2024-03-12,08:21:33,CUST266,P023,Salt,3,1.58,STORE02
T1382,2024-03-12,08:21:33,CUST266,P024,Pepper,4,3.26,STORE02
T1382,2024-03-12,08:21:33,CUST266,P037,Honey,3,6.39,STORE02
T1383,2024-02-02,14:11:37,CUST366,P039,Chips,2,4.12,STORE03
T1383,2024-02-02,14:11:37,CUST366,P049,Tissues,2,5.13,STORE03
T1383,2024-02-02,14:11:37,CUST366,P017,Bananas,1,2.11,STORE03
T1384,2024-03-21,21:00:55,CUST451,P006,Yogurt,5,1.99,STORE03
T1384,2024-03-21,21:00:55,CUST451,P038,Nuts,4,7.28,STORE03
T1384,2024-03-21,21:00:55,CUST451,P049,Tissues,3,5.0,STORE03
T1384,2024-03-21,21:00:55,CUST451,P023,Salt,2,1.58,STORE03
T1384,2024-03-21,21:00:55,CUST451,P046,Shampoo,1,6.58,STORE03
T1385,2024-01-25,11:57:05,CUST351,P024,Pepper,2,2.75,STORE03
T1385,2024-01-25,11:57:05,CUST351,P005,Cheese,4,7.64,STORE03
T1385,2024-01-25,11:57:05,CUST351,P033,Soup,1,2.69,STORE03
T1386,2024-01-15,15:57:33,CUST474,P021,Tea,4,4.19,STORE01
T1386,2024-01-15,15:57:33,CUST474,P032,Frozen_Pizza,4,6.76,STORE01
T1387,2024-01-22,17:43:58,CUST088,P043,Beer,4,8.42,STORE03
T1387,2024-01-22,17:43:58,CUST088,P044,Wine,5,11.86,STORE03
T1388,2024-01-19,19:19:46,CUST152,P013,Onions,2,1.8,STORE05
T1388,2024-01-19,19:19:46,CUST152,P021,Tea,1,3.61,STORE05
T1388,2024-01-19,19:19:46,CUST152,P014,Potatoes,2,2.41,STORE05
T1388,2024-01-19,19:19:46,CUST152,P012,Tomatoes,1,3.05,STORE05
T1389,2024-02-07,09:27:28,CUST326,P038,Nuts,5,7.11,STORE05
T1389,2024-02-07,09:27:28,CUST326,P029,Vanilla,4,3.86,STORE05
T1389,2024-02-07,09:27:28,CUST326,P025,Oil,5,4.79,STORE05
T1390,2024-02-14,08:27:48,CUST166,P026,Vinegar,4,2.27,STORE05
T1390,2024-02-14,08:27:48,CUST166,P041,Juice,5,3.79,STORE05
T1391,2024-01-22,15:52:12,CUST452,P025,Oil,2,5.33,STORE03
T1391,2024-01-22,15:52:12,CUST452,P008,Beef,1,13.2,STORE03
T1391,2024-01-22,15:52:12,CUST452,P017,Bananas,1,2.02,STORE03
T1391,2024-01-22,15:52:12,CUST452,P032,Frozen_Pizza,5,7.36,STORE03
T1391,2024-01-22,15:52:12,CUST452,P046,Shampoo,3,5.57,STORE03
T1392,2024-02-25,08:36:17,CUST302,P007,Chicken,1,9.49,STORE03
T1392,2024-02-25,08:36:17,CUST302,P003,Eggs,4,4.68,STORE03
T1392,2024-02-25,08:36:17,CUST302,P045,Detergent,2,7.35,STORE03
T1392,2024-02-25,08:36:17,CUST302,P001,Bread,5,2.79,STORE03
T1393,2024-01-21,09:37:44,CUST377,P046,Shampoo,4,6.44,STORE01
T1393,2024-01-21,09:37:44,CUST377,P025,Oil,5,5.02,STORE01
T1393,2024-01-21,09:37:44,CUST377,P015,Carrots,5,1.75,STORE01
T1394,2024-03-17,15:38:04,CUST338,P011,Pasta,1,2.65,STORE04
T1394,2024-03-17,15:38:04,CUST338,P028,Baking_Powder,1,1.8,STORE04
T1395,2024-02-08,19:02:40,CUST422,P042,Water,4,2.09,STORE02
T1395,2024-02-08,19:02:40,CUST422,P016,Apples,5,3.82,STORE02
T1395,2024-02-08,19:02:40,CUST422,P030,Chocolate,3,4.76,STORE02
T1396,2024-02-10,12:44:12,CUST229,P034,Crackers,2,3.15,STORE05
T1396,2024-02-10,12:44:12,CUST229,P011,Pasta,3,2.51,STORE05
T1396,2024-02-10,12:44:12,CUST229,P008,Beef,4,11.82,STORE05
T1396,2024-02-10,12:44:12,CUST229,P013,Onions,3,2.16,STORE05
T1396,2024-02-10,12:44:12,CUST229,P037,Honey,5,6.26,STORE05
T1397,2024-03-28,12:51:25,CUST417,P038,Nuts,1,7.54,STORE03
T1397,2024-03-28,12:51:25,CUST417,P024,Pepper,4,2.72,STORE03
T1397,2024-03-28,12:51:25,CUST417,P028,Baking_Powder,2,1.97,STORE03
T1397,2024-03-28,12:51:25,CUST417,P030,Chocolate,2,4.67,STORE03
T1397,2024-03-28,12:51:25,CUST417,P036,Jam,2,3.8,STORE03
T1398,2024-01-29,17:56:06,CUST112,P020,Coffee,3,7.79,STORE03
T1398,2024-01-29,17:56:06,CUST112,P017,Bananas,1,1.88,STORE03
T1398,2024-01-29,17:56:06,CUST112,P032,Frozen_Pizza,4,6.91,STORE03
T1398,2024-01-29,17:56:06,CUST112,P018,Oranges,2,4.68,STORE03
T1399,2024-02-28,18:16:59,CUST451,P025,Oil,4,5.48,STORE04
T1399,2024-02-28,18:16:59,CUST451,P018,Oranges,4,4.55,STORE04
T1399,2024-02-28,18:16:59,CUST451,P040,Soda,5,3.11,STORE04
T1399,2024-02-28,18:16:59,CUST451,P043,Beer,3,9.12,STORE04
T1399,2024-02-28,18:16:59,CUST451,P032,Frozen_Pizza,5,6.56,STORE04
T1400,2024-02-04,17:52:55,CUST241,P026,Vinegar,3,2.47,STORE03
T1400,2024-02-04,17:52:55,CUST241,P016,Apples,4,4.08,STORE03
T1400,2024-02-04,17:52:55,CUST241,P035,Peanut_Butter,1,4.83,STORE03
T1400,2024-02-04,17:52:55,CUST241,P036,Jam,1,4.25,STORE03
T1401,2024-01-31,20:04:04,CUST120,P046,Shampoo,4,6.37,STORE04
T1401,2024-01-31,20:04:04,CUST120,P035,Peanut_Butter,2,5.48,STORE04
T1401,2024-01-31,20:04:04,CUST120,P005,Cheese,5,7.55,STORE04
T1402,2024-03-12,14:40:23,CUST320,P006,Yogurt,4,2.11,STORE04
T1402,2024-03-12,14:40:23,CUST320,P026,Vinegar,2,2.57,STORE04
T1402,2024-03-12,14:40:23,CUST320,P004,Butter,3,5.66,STORE04
T1402,2024-03-12,14:40:23,CUST320,P036,Jam,3,4.17,STORE04
T1402,2024-03-12,14:40:23,CUST320,P050,Paper_Towels,2,7.23,STORE04
T1403,2024-01-05,10:03:44,CUST321,P010,Rice,5,4.3,STORE02
T1403,2024-01-05,10:03:44,CUST321,P046,Shampoo,5,5.75,STORE02
T1403,2024-01-05,10:03:44,CUST321,P024,Pepper,1,2.93,STORE02
T1403,2024-01-05,10:03:44,CUST321,P008,Beef,5,12.76,STORE02
T1404,2024-02-05,14:41:20,CUST155,P011,Pasta,5,2.43,STORE05
T1404,2024-02-05,14:41:20,CUST155,P029,Vanilla,4,4.2,STORE05
T1404,2024-02-05,14:41:20,CUST155,P027,Flour,1,3.76,STORE05
T1404,2024-02-05,14:41:20,CUST155,P040,Soda,5,3.26,STORE05
T1404,2024-02-05,14:41:20,CUST155,P044,Wine,1,13.66,STORE05
T1405,2024-03-21,16:32:06,CUST112,P026,Vinegar,2,2.64,STORE02
T1405,2024-03-21,16:32:06,CUST112,P013,Onions,1,2.11,STORE02
T1406,2024-02-27,14:56:13,CUST407,P029,Vanilla,4,3.7,STORE03
T1406,2024-02-27,14:56:13,CUST407,P025,Oil,4,5.38,STORE03
T1406,2024-02-27,14:56:13,CUST407,P032,Frozen_Pizza,3,6.67,STORE03
T1407,2024-02-02,13:14:24,CUST370,P042,Water,5,2.0,STORE02
T1407,2024-02-02,13:14:24,CUST370,P010,Rice,5,3.64,STORE02
T1407,2024-02-02,13:14:24,CUST370,P049,Tissues,2,4.92,STORE02
T1407,2024-02-02,13:14:24,CUST370,P033,Soup,2,2.77,STORE02
T1408,2024-01-21,17:53:45,CUST214,P014,Potatoes,4,2.39,STORE04
T1408,2024-01-21,17:53:45,CUST214,P029,Vanilla,5,3.98,STORE04
T1408,2024-01-21,17:53:45,CUST214,P008,Beef,1,13.33,STORE04
T1408,2024-01-21,17:53:45,CUST214,P030,Chocolate,4,4.86,STORE04
T1409,2024-01-17,08:42:02,CUST180,P006,Yogurt,1,1.84,STORE02
T1409,2024-01-17,08:42:02,CUST180,P008,Beef,1,12.14,STORE02
T1409,2024-01-17,08:42:02,CUST180,P004,Butter,5,5.73,STORE02
T1409,2024-01-17,08:42:02,CUST180,P013,Onions,1,2.06,STORE02
T1409,2024-01-17,08:42:02,CUST180,P014,Potatoes,3,2.59,STORE02
T1410,2024-03-18,13:33:49,CUST022,P040,Soda,3,3.15,STORE01
T1410,2024-03-18,13:33:49,CUST022,P032,Frozen_Pizza,3,7.67,STORE01
T1411,2024-01-23,12:13:35,CUST355,P017,Bananas,5,1.83,STORE04
T1411,2024-01-23,12:13:35,CUST355,P014,Potatoes,4,2.55,STORE04
T1411,2024-01-23,12:13:35,CUST355,P048,Soap,2,2.89,STORE04
T1411,2024-01-23,12:13:35,CUST355,P046,Shampoo,1,5.48,STORE04
T1411,2024-01-23,12:13:35,CUST355,P050,Paper_Towels,3,6.76,STORE04
T1412,2024-01-12,20:58:37,CUST310,P019,Cereal,1,4.78,STORE04
T1412,2024-01-12,20:58:37,CUST310,P024,Pepper,5,2.74,STORE04
T1412,2024-01-12,20:58:37,CUST310,P014,Potatoes,3,2.66,STORE04
T1412,2024-01-12,20:58:37,CUST310,P021,Tea,1,4.16,STORE04
T1413,2024-02-22,08:02:41,CUST335,P002,Milk,4,3.23,STORE01
T1413,2024-02-22,08:02:41,CUST335,P020,Coffee,5,7.66,STORE01
T1413,2024-02-22,08:02:41,CUST335,P030,Chocolate,5,5.28,STORE01
T1413,2024-02-22,08:02:41,CUST335,P019,Cereal,5,5.02,STORE01
T1414,2024-01-08,18:43:29,CUST383,P003,Eggs,5,5.13,STORE03
T1414,2024-01-08,18:43:29,CUST383,P041,Juice,4,4.05,STORE03
T1414,2024-01-08,18:43:29,CUST383,P035,Peanut_Butter,5,5.4,STORE03
T1414,2024-01-08,18:43:29,CUST383,P017,Bananas,2,1.97,STORE03
T1414,2024-01-08,18:43:29,CUST383,P048,Soap,1,2.72,STORE03
T1415,2024-02-09,14:01:31,CUST187,P023,Salt,5,1.46,STORE05
T1415,2024-02-09,14:01:31,CUST187,P017,Bananas,4,2.15,STORE05
T1415,2024-02-09,14:01:31,CUST187,P043,Beer,5,8.93,STORE05
T1415,2024-02-09,14:01:31,CUST187,P045,Detergent,1,7.28,STORE05
T1416,2024-01-30,10:51:05,CUST060,P039,Chips,1,3.83,STORE02
T1416,2024-01-30,10:51:05,CUST060,P015,Carrots,5,1.87,STORE02
T1416,2024-01-30,10:51:05,CUST060,P005,Cheese,4,7.38,STORE02
T1416,2024-01-30,10:51:05,CUST060,P013,Onions,1,1.9,STORE02
T1417,2024-02-29,16:16:58,CUST003,P038,Nuts,1,7.6,STORE04
T1417,2024-02-29,16:16:58,CUST003,P049,Tissues,1,5.11,STORE04
T1417,2024-02-29,16:16:58,CUST003,P015,Carrots,3,1.63,STORE04
T1417,2024-02-29,16:16:58,CUST003,P036,Jam,2,3.98,STORE04
T1418,2024-02-23,15:13:01,CUST400,P002,Milk,2,3.24,STORE03
T1418,2024-02-23,15:13:01,CUST400,P020,Coffee,1,8.27,STORE03
T1418,2024-02-23,15:13:01,CUST400,P033,Soup,4,3.23,STORE03
T1418,2024-02-23,15:13:01,CUST400,P046,Shampoo,3,5.97,STORE03
T1418,2024-02-23,15:13:01,CUST400,P007,Chicken,4,8.8,STORE03
T1419,2024-03-14,18:50:46,CUST019,P010,Rice,1,3.85,STORE02
T1419,2024-03-14,18:50:46,CUST019,P042,Water,4,2.02,STORE02
T1419,2024-03-14,18:50:46,CUST019,P036,Jam,3,3.7,STORE02
T1419,2024-03-14,18:50:46,CUST019,P048,Soap,3,3.03,STORE02
T1419,2024-03-14,18:50:46,CUST019,P009,Fish,3,10.51,STORE02
T1420,2024-01-13,19:36:22,CUST007,P011,Pasta,3,2.36,STORE03
T1420,2024-01-13,19:36:22,CUST007,P008,Beef,5,13.08,STORE03
T1420,2024-01-13,19:36:22,CUST007,P027,Flour,4,3.3,STORE03
T1420,2024-01-13,19:36:22,CUST007,P030,Chocolate,3,5.48,STORE03
T1420,2024-01-13,19:36:22,CUST007,P037,Honey,1,5.86,STORE03
T1421,2024-03-03,20:39:53,CUST124,P010,Rice,4,3.81,STORE03
T1421,2024-03-03,20:39:53,CUST124,P002,Milk,1,3.76,STORE03
T1421,2024-03-03,20:39:53,CUST124,P001,Bread,2,3.26,STORE03
T1421,2024-03-03,20:39:53,CUST124,P017,Bananas,2,2.06,STORE03
T1421,2024-03-03,20:39:53,CUST124,P045,Detergent,3,7.68,STORE03
T1422,2024-01-20,21:28:33,CUST042,P020,Coffee,1,8.33,STORE04
T1422,2024-01-20,21:28:33,CUST042,P017,Bananas,1,1.81,STORE04
T1422,2024-01-20,21:28:33,CUST042,P032,Frozen_Pizza,4,6.45,STORE04
T1422,2024-01-20,21:28:33,CUST042,P022,Sugar,1,3.2,STORE04
T1423,2024-01-10,18:59:44,CUST483,P049,Tissues,1,5.18,STORE03
T1423,2024-01-10,18:59:44,CUST483,P007,Chicken,3,9.23,STORE03
T1424,2024-01-02,11:32:51,CUST456,P002,Milk,5,3.7,STORE04
T1424,2024-01-02,11:32:51,CUST456,P019,Cereal,4,4.97,STORE04
T1424,2024-01-02,11:32:51,CUST456,P020,Coffee,3,8.19,STORE04
T1424,2024-01-02,11:32:51,CUST456,P001,Bread,4,2.91,STORE04
T1425,2024-03-26,20:57:47,CUST292,P042,Water,4,1.82,STORE05
T1425,2024-03-26,20:57:47,CUST292,P017,Bananas,5,1.81,STORE05
T1425,2024-03-26,20:57:47,CUST292,P027,Flour,5,3.62,STORE05
T1425,2024-03-26,20:57:47,CUST292,P035,Peanut_Butter,4,5.26,STORE05
T1426,2024-02-19,10:14:23,CUST083,P034,Crackers,2,3.8,STORE04
T1426,2024-02-19,10:14:23,CUST083,P042,Water,4,2.07,STORE04
T1426,2024-02-19,10:14:23,CUST083,P041,Juice,4,3.65,STORE04
T1426,2024-02-19,10:14:23,CUST083,P028,Baking_Powder,2,2.06,STORE04
T1427,2024-02-29,17:49:48,CUST199,P009,Fish,3,10.59,STORE02
T1427,2024-02-29,17:49:48,CUST199,P046,Shampoo,3,6.53,STORE02
T1427,2024-02-29,17:49:48,CUST199,P037,Honey,2,5.96,STORE02
T1427,2024-02-29,17:49:48,CUST199,P004,Butter,5,5.19,STORE02
T1428,2024-03-11,09:23:33,CUST422,P023,Salt,4,1.61,STORE05
T1428,2024-03-11,09:23:33,CUST422,P019,Cereal,2,4.88,STORE05
T1428,2024-03-11,09:23:33,CUST422,P041,Juice,1,4.15,STORE05
T1429,2024-01-29,09:44:34,CUST497,P016,Apples,3,3.85,STORE05
T1429,2024-01-29,09:44:34,CUST497,P038,Nuts,4,6.52,STORE05
T1429,2024-01-29,09:44:34,CUST497,P024,Pepper,4,3.05,STORE05
T1429,2024-01-29,09:44:34,CUST497,P023,Salt,2,1.42,STORE05
T1429,2024-01-29,09:44:34,CUST497,P046,Shampoo,5,6.43,STORE05
T1430,2024-02-09,15:28:43,CUST095,P046,Shampoo,1,5.91,STORE02
T1430,2024-02-09,15:28:43,CUST095,P050,Paper_Towels,4,7.23,STORE02
T1430,2024-02-09,15:28:43,CUST095,P044,Wine,5,11.73,STORE02
T1431,2024-02-22,10:08:20,CUST242,P040,Soda,2,3.21,STORE01
T1431,2024-02-22,10:08:20,CUST242,P021,Tea,4,3.6,STORE01
T1431,2024-02-22,10:08:20,CUST242,P036,Jam,5,4.28,STORE01
T1432,2024-03-08,18:37:20,CUST077,P031,Ice_Cream,2,6.25,STORE01
T1432,2024-03-08,18:37:20,CUST077,P038,Nuts,5,7.21,STORE01
T1432,2024-03-08,18:37:20,CUST077,P024,Pepper,5,3.14,STORE01
T1432,2024-03-08,18:37:20,CUST077,P044,Wine,4,12.27,STORE01
T1433,2024-03-06,16:59:05,CUST174,P027,Flour,4,3.39,STORE04
T1433,2024-03-06,16:59:05,CUST174,P038,Nuts,4,7.3,STORE04
T1433,2024-03-06,16:59:05,CUST174,P021,Tea,1,4.3,STORE04
T1433,2024-03-06,16:59:05,CUST174,P025,Oil,4,5.12,STORE04
T1434,2024-03-24,14:33:28,CUST469,P019,Cereal,1,5.1,STORE01
T1434,2024-03-24,14:33:28,CUST469,P017,Bananas,5,2.05,STORE01
T1434,2024-03-24,14:33:28,CUST469,P002,Milk,1,3.42,STORE01
T1434,2024-03-24,14:33:28,CUST469,P044,Wine,4,12.12,STORE01
T1435,2024-01-28,09:09:32,CUST254,P027,Flour,3,3.36,STORE03
T1435,2024-01-28,09:09:32,CUST254,P031,Ice_Cream,4,5.82,STORE03
T1435,2024-01-28,09:09:32,CUST254,P026,Vinegar,5,2.73,STORE03
T1435,2024-01-28,09:09:32,CUST254,P028,Baking_Powder,4,1.83,STORE03
T1436,2024-01-29,16:08:15,CUST139,P042,Water,5,2.06,STORE01
T1436,2024-01-29,16:08:15,CUST139,P014,Potatoes,5,2.64,STORE01
T1437,2024-01-29,11:24:52,CUST417,P007,Chicken,2,8.41,STORE03
T1437,2024-01-29,11:24:52,CUST417,P043,Beer,2,9.26,STORE03
T1437,2024-01-29,11:24:52,CUST417,P012,Tomatoes,4,2.72,STORE03
T1438,2024-03-08,13:27:23,CUST226,P048,Soap,4,3.14,STORE04
T1438,2024-03-08,13:27:23,CUST226,P020,Coffee,3,7.31,STORE04
T1438,2024-03-08,13:27:23,CUST226,P024,Pepper,4,3.27,STORE04
T1438,2024-03-08,13:27:23,CUST226,P042,Water,2,2.01,STORE04
T1439,2024-02-24,21:27:17,CUST012,P029,Vanilla,5,3.67,STORE01
T1439,2024-02-24,21:27:17,CUST012,P018,Oranges,5,4.17,STORE01
T1439,2024-02-24,21:27:17,CUST012,P044,Wine,2,12.6,STORE01
T1440,2024-01-26,20:04:33,CUST259,P039,Chips,1,3.74,STORE02
T1440,2024-01-26,20:04:33,CUST259,P024,Pepper,2,3.1,STORE02
T1440,2024-01-26,20:04:33,CUST259,P043,Beer,2,8.87,STORE02
T1440,2024-01-26,20:04:33,CUST259,P036,Jam,3,3.6,STORE02
T1440,2024-01-26,20:04:33,CUST259,P023,Salt,5,1.44,STORE02
T1441,2024-03-08,12:27:05,CUST217,P021,Tea,3,3.67,STORE04
T1441,2024-03-08,12:27:05,CUST217,P022,Sugar,5,3.07,STORE04
T1441,2024-03-08,12:27:05,CUST217,P047,Toothpaste,2,4.06,STORE04
T1441,2024-03-08,12:27:05,CUST217,P031,Ice_Cream,4,5.93,STORE04
T1441,2024-03-08,12:27:05,CUST217,P043,Beer,3,9.29,STORE04
T1442,2024-02-11,08:27:25,CUST232,P010,Rice,4,3.7,STORE01
T1442,2024-02-11,08:27:25,CUST232,P001,Bread,3,2.93,STORE01
T1442,2024-02-11,08:27:25,CUST232,P021,Tea,4,3.59,STORE01
T1442,2024-02-11,08:27:25,CUST232,P046,Shampoo,3,5.91,STORE01
T1442,2024-02-11,08:27:25,CUST232,P007,Chicken,5,8.26,STORE01
T1443,2024-01-09,17:24:55,CUST391,P016,Apples,2,4.29,STORE01
T1443,2024-01-09,17:24:55,CUST391,P017,Bananas,5,2.01,STORE01
T1443,2024-01-09,17:24:55,CUST391,P005,Cheese,2,6.78,STORE01
T1444,2024-02-02,09:36:16,CUST019,P019,Cereal,4,5.42,STORE04
T1444,2024-02-02,09:36:16,CUST019,P002,Milk,4,3.52,STORE04
T1444,2024-02-02,09:36:16,CUST019,P011,Pasta,3,2.52,STORE04
T1444,2024-02-02,09:36:16,CUST019,P017,Bananas,3,1.91,STORE04
T1444,2024-02-02,09:36:16,CUST019,P040,Soda,4,3.02,STORE04
T1445,2024-02-22,12:38:36,CUST070,P034,Crackers,4,3.36,STORE01
T1445,2024-02-22,12:38:36,CUST070,P004,Butter,5,5.04,STORE01
T1445,2024-02-22,12:38:36,CUST070,P013,Onions,1,1.84,STORE01
T1445,2024-02-22,12:38:36,CUST070,P012,Tomatoes,4,2.75,STORE01
T1446,2024-01-27,19:52:36,CUST203,P034,Crackers,4,3.53,STORE01
T1446,2024-01-27,19:52:36,CUST203,P021,Tea,1,3.68,STORE01
T1446,2024-01-27,19:52:36,CUST203,P015,Carrots,3,1.96,STORE01
T1447,2024-01-29,08:16:55,CUST157,P010,Rice,1,3.73,STORE01
T1447,2024-01-29,08:16:55,CUST157,P025,Oil,5,4.51,STORE01
T1448,2024-03-13,14:59:27,CUST220,P041,Juice,5,3.98,STORE04
T1448,2024-03-13,14:59:27,CUST220,P001,Bread,2,3.01,STORE04
T1448,2024-03-13,14:59:27,CUST220,P029,Vanilla,3,3.91,STORE04
T1448,2024-03-13,14:59:27,CUST220,P027,Flour,1,3.84,STORE04
T1448,2024-03-13,14:59:27,CUST220,P048,Soap,1,3.11,STORE04
T1449,2024-02-09,21:33:33,CUST479,P027,Flour,5,3.74,STORE02
T1449,2024-02-09,21:33:33,CUST479,P017,Bananas,4,2.1,STORE02
T1449,2024-02-09,21:33:33,CUST479,P025,Oil,2,4.71,STORE02
T1449,2024-02-09,21:33:33,CUST479,P040,Soda,2,3.19,STORE02
T1450,2024-03-13,10:40:31,CUST266,P027,Flour,5,3.84,STORE02
T1450,2024-03-13,10:40:31,CUST266,P031,Ice_Cream,1,5.82,STORE02
T1450,2024-03-13,10:40:31,CUST266,P017,Bananas,5,2.0,STORE02
T1450,2024-03-13,10:40:31,CUST266,P015,Carrots,4,1.78,STORE02
T1450,2024-03-13,10:40:31,CUST266,P012,Tomatoes,2,2.86,STORE02
T1451,2024-03-26,09:11:14,CUST058,P042,Water,3,2.15,STORE05
T1451,2024-03-26,09:11:14,CUST058,P022,Sugar,1,2.93,STORE05
T1452,2024-01-06,18:42:14,CUST219,P027,Flour,5,3.39,STORE02
T1452,2024-01-06,18:42:14,CUST219,P013,Onions,4,2.03,STORE02
T1452,2024-01-06,18:42:14,CUST219,P023,Salt,4,1.55,STORE02
T1452,2024-01-06,18:42:14,CUST219,P022,Sugar,1,3.13,STORE02
T1453,2024-03-22,11:36:07,CUST229,P027,Flour,4,3.36,STORE03
T1453,2024-03-22,11:36:07,CUST229,P026,Vinegar,3,2.61,STORE03
T1453,2024-03-22,11:36:07,CUST229,P003,Eggs,5,5.31,STORE03
T1453,2024-03-22,11:36:07,CUST229,P001,Bread,3,2.8,STORE03
T1454,2024-01-05,11:17:07,CUST344,P034,Crackers,1,3.26,STORE02
T1454,2024-01-05,11:17:07,CUST344,P007,Chicken,2,8.84,STORE02
T1454,2024-01-05,11:17:07,CUST344,P043,Beer,1,8.87,STORE02
T1454,2024-01-05,11:17:07,CUST344,P014,Potatoes,5,2.49,STORE02
T1455,2024-01-20,20:07:04,CUST291,P019,Cereal,3,4.64,STORE01
T1455,2024-01-20,20:07:04,CUST291,P016,Apples,4,3.85,STORE01
T1455,2024-01-20,20:07:04,CUST291,P026,Vinegar,2,2.36,STORE01
T1455,2024-01-20,20:07:04,CUST291,P024,Pepper,4,3.16,STORE01
T1455,2024-01-20,20:07:04,CUST291,P047,Toothpaste,1,4.12,STORE01
T1456,2024-02-18,15:13:06,CUST243,P038,Nuts,3,7.56,STORE01
T1456,2024-02-18,15:13:06,CUST243,P008,Beef,3,12.69,STORE01
T1457,2024-01-25,18:08:35,CUST372,P050,Paper_Towels,5,6.92,STORE04
T1457,2024-01-25,18:08:35,CUST372,P037,Honey,4,5.57,STORE04
T1458,2024-01-13,19:46:04,CUST105,P046,Shampoo,5,5.6,STORE02
T1458,2024-01-13,19:46:04,CUST105,P003,Eggs,1,4.94,STORE02
T1458,2024-01-13,19:46:04,CUST105,P018,Oranges,3,4.89,STORE02
T1458,2024-01-13,19:46:04,CUST105,P014,Potatoes,3,2.34,STORE02
T1459,2024-03-29,21:22:52,CUST181,P001,Bread,4,2.7,STORE05
T1459,2024-03-29,21:22:52,CUST181,P029,Vanilla,5,3.89,STORE05
T1459,2024-03-29,21:22:52,CUST181,P035,Peanut_Butter,1,4.66,STORE05
T1459,2024-03-29,21:22:52,CUST181,P047,Toothpaste,2,4.09,STORE05
T1459,2024-03-29,21:22:52,CUST181,P036,Jam,2,4.0,STORE05
T1460,2024-01-30,13:32:49,CUST188,P029,Vanilla,5,4.36,STORE01
T1460,2024-01-30,13:32:49,CUST188,P003,Eggs,5,5.16,STORE01
T1460,2024-01-30,13:32:49,CUST188,P041,Juice,5,3.67,STORE01
T1460,2024-01-30,13:32:49,CUST188,P045,Detergent,3,8.72,STORE01
T1461,2024-03-15,12:38:56,CUST373,P026,Vinegar,5,2.71,STORE04
T1461,2024-03-15,12:38:56,CUST373,P045,Detergent,4,7.21,STORE04
T1461,2024-03-15,12:38:56,CUST373,P020,Coffee,4,7.46,STORE04
T1462,2024-02-12,17:04:10,CUST463,P048,Soap,4,3.19,STORE04
T1462,2024-02-12,17:04:10,CUST463,P045,Detergent,2,7.49,STORE04
T1463,2024-01-21,18:19:21,CUST008,P031,Ice_Cream,2,5.88,STORE05
T1463,2024-01-21,18:19:21,CUST008,P029,Vanilla,2,3.6,STORE05
T1463,2024-01-21,18:19:21,CUST008,P036,Jam,3,3.94,STORE05
T1464,2024-03-21,15:08:55,CUST405,P026,Vinegar,1,2.51,STORE02
T1464,2024-03-21,15:08:55,CUST405,P004,Butter,4,5.58,STORE02
T1464,2024-03-21,15:08:55,CUST405,P044,Wine,2,13.29,STORE02
T1464,2024-03-21,15:08:55,CUST405,P023,Salt,3,1.64,STORE02
T1464,2024-03-21,15:08:55,CUST405,P007,Chicken,4,9.58,STORE02
T1465,2024-02-17,21:20:30,CUST174,P041,Juice,2,3.67,STORE05
T1465,2024-02-17,21:20:30,CUST174,P037,Honey,3,6.16,STORE05
T1466,2024-01-30,13:50:04,CUST271,P022,Sugar,2,3.06,STORE04
T1466,2024-01-30,13:50:04,CUST271,P001,Bread,3,2.87,STORE04
T1467,2024-02-17,12:05:47,CUST348,P042,Water,1,2.04,STORE05
T1467,2024-02-17,12:05:47,CUST348,P041,Juice,4,3.91,STORE05
T1468,2024-02-06,15:55:09,CUST299,P050,Paper_Towels,3,7.44,STORE03
T1468,2024-02-06,15:55:09,CUST299,P007,Chicken,1,9.03,STORE03
T1469,2024-01-09,20:12:15,CUST260,P045,Detergent,3,7.9,STORE04
T1469,2024-01-09,20:12:15,CUST260,P033,Soup,4,2.9,STORE04
T1470,2024-02-09,11:39:20,CUST463,P045,Detergent,5,7.49,STORE02
T1470,2024-02-09,11:39:20,CUST463,P014,Potatoes,1,2.26,STORE02
T1471,2024-02-17,21:02:32,CUST314,P016,Apples,3,4.03,STORE01
T1471,2024-02-17,21:02:32,CUST314,P003,Eggs,4,5.26,STORE01
T1471,2024-02-17,21:02:32,CUST314,P015,Carrots,3,1.82,STORE01
T1472,2024-01-25,10:24:04,CUST497,P002,Milk,4,3.38,STORE05
T1472,2024-01-25,10:24:04,CUST497,P040,Soda,4,2.84,STORE05
T1472,2024-01-25,10:24:04,CUST497,P032,Frozen_Pizza,1,7.11,STORE05
T1473,2024-01-27,11:33:57,CUST170,P019,Cereal,3,4.62,STORE03
T1473,2024-01-27,11:33:57,CUST170,P013,Onions,5,2.06,STORE03
T1473,2024-01-27,11:33:57,CUST170,P043,Beer,3,8.15,STORE03
T1474,2024-02-20,09:58:13,CUST447,P002,Milk,5,3.76,STORE03
T1474,2024-02-20,09:58:13,CUST447,P035,Peanut_Butter,5,5.14,STORE03
T1474,2024-02-20,09:58:13,CUST447,P001,Bread,4,2.7,STORE03
T1475,2024-03-07,10:16:39,CUST239,P047,Toothpaste,2,3.98,STORE01
T1475,2024-03-07,10:16:39,CUST239,P024,Pepper,5,3.08,STORE01
T1475,2024-03-07,10:16:39,CUST239,P043,Beer,5,8.21,STORE01
T1476,2024-03-07,14:04:47,CUST113,P009,Fish,4,9.98,STORE05
T1476,2024-03-07,14:04:47,CUST113,P045,Detergent,3,8.56,STORE05
T1476,2024-03-07,14:04:47,CUST113,P032,Frozen_Pizza,4,6.63,STORE05
T1476,2024-03-07,14:04:47,CUST113,P020,Coffee,3,7.22,STORE05
T1477,2024-02-24,09:42:21,CUST087,P016,Apples,3,4.14,STORE01
T1477,2024-02-24,09:42:21,CUST087,P005,Cheese,4,6.73,STORE01
T1477,2024-02-24,09:42:21,CUST087,P044,Wine,3,13.41,STORE01
T1477,2024-02-24,09:42:21,CUST087,P050,Paper_Towels,4,6.73,STORE01
T1478,2024-03-14,09:03:10,CUST131,P006,Yogurt,4,1.98,STORE02
T1478,2024-03-14,09:03:10,CUST131,P003,Eggs,1,4.85,STORE02
T1479,2024-02-20,16:26:47,CUST462,P002,Milk,4,3.57,STORE01
T1479,2024-02-20,16:26:47,CUST462,P033,Soup,1,2.9,STORE01
T1479,2024-02-20,16:26:47,CUST462,P001,Bread,4,2.76,STORE01
T1480,2024-03-25,10:03:26,CUST054,P040,Soda,1,3.13,STORE03
T1480,2024-03-25,10:03:26,CUST054,P008,Beef,3,13.7,STORE03
T1480,2024-03-25,10:03:26,CUST054,P032,Frozen_Pizza,2,7.04,STORE03
T1481,2024-01-02,21:03:12,CUST046,P006,Yogurt,3,1.89,STORE01
T1481,2024-01-02,21:03:12,CUST046,P014,Potatoes,5,2.4,STORE01
T1481,2024-01-02,21:03:12,CUST046,P020,Coffee,2,7.82,STORE01
T1482,2024-01-20,14:44:19,CUST371,P034,Crackers,2,3.47,STORE04
T1482,2024-01-20,14:44:19,CUST371,P019,Cereal,1,5.34,STORE04
T1482,2024-01-20,14:44:19,CUST371,P041,Juice,2,4.26,STORE04
T1482,2024-01-20,14:44:19,CUST371,P008,Beef,1,13.29,STORE04
T1483,2024-03-04,08:06:09,CUST127,P016,Apples,4,4.23,STORE02
T1483,2024-03-04,08:06:09,CUST127,P024,Pepper,1,3.18,STORE02
T1483,2024-03-04,08:06:09,CUST127,P007,Chicken,3,9.58,STORE02
T1484,2024-03-23,11:14:05,CUST347,P036,Jam,2,4.01,STORE05
T1484,2024-03-23,11:14:05,CUST347,P011,Pasta,1,2.71,STORE05
T1484,2024-03-23,11:14:05,CUST347,P015,Carrots,4,1.71,STORE05
T1484,2024-03-23,11:14:05,CUST347,P033,Soup,5,3.09,STORE05
T1484,2024-03-23,11:14:05,CUST347,P007,Chicken,5,8.47,STORE05
T1485,2024-03-29,14:09:25,CUST062,P049,Tissues,1,5.17,STORE05
T1485,2024-03-29,14:09:25,CUST062,P041,Juice,4,4.37,STORE05
T1485,2024-03-29,14:09:25,CUST062,P035,Peanut_Butter,3,4.77,STORE05
T1485,2024-03-29,14:09:25,CUST062,P005,Cheese,3,6.92,STORE05
T1486,2024-02-06,17:07:52,CUST389,P042,Water,5,1.87,STORE01
T1486,2024-02-06,17:07:52,CUST389,P009,Fish,5,10.01,STORE01
T1486,2024-02-06,17:07:52,CUST389,P014,Potatoes,4,2.39,STORE01
T1487,2024-01-31,08:20:17,CUST030,P006,Yogurt,3,1.87,STORE04
T1487,2024-01-31,08:20:17,CUST030,P003,Eggs,1,4.94,STORE04
T1487,2024-01-31,08:20:17,CUST030,P042,Water,3,2.0,STORE04
T1487,2024-01-31,08:20:17,CUST030,P035,Peanut_Butter,4,5.0,STORE04
T1487,2024-01-31,08:20:17,CUST030,P046,Shampoo,5,6.55,STORE04
T1488,2024-03-20,16:50:51,CUST242,P026,Vinegar,4,2.51,STORE01
T1488,2024-03-20,16:50:51,CUST242,P029,Vanilla,5,3.85,STORE01
T1489,2024-03-09,18:52:18,CUST181,P006,Yogurt,5,1.82,STORE01
T1489,2024-03-09,18:52:18,CUST181,P003,Eggs,5,4.53,STORE01
T1489,2024-03-09,18:52:18,CUST181,P042,Water,5,2.01,STORE01
T1489,2024-03-09,18:52:18,CUST181,P027,Flour,2,3.15,STORE01
T1489,2024-03-09,18:52:18,CUST181,P004,Butter,4,6.0,STORE01
T1490,2024-01-20,13:55:30,CUST300,P013,Onions,3,1.98,STORE05
T1490,2024-01-20,13:55:30,CUST300,P041,Juice,2,4.25,STORE05
T1490,2024-01-20,13:55:30,CUST300,P037,Honey,4,6.08,STORE05
T1490,2024-01-20,13:55:30,CUST300,P025,Oil,2,5.03,STORE05
T1491,2024-02-07,16:56:18,CUST059,P006,Yogurt,3,1.98,STORE05
T1491,2024-02-07,16:56:18,CUST059,P050,Paper_Towels,5,6.92,STORE05
T1492,2024-02-21,11:23:55,CUST312,P024,Pepper,2,3.05,STORE02
T1492,2024-02-21,11:23:55,CUST312,P035,Peanut_Butter,4,5.09,STORE02
T1492,2024-02-21,11:23:55,CUST312,P013,Onions,2,1.89,STORE02
T1492,2024-02-21,11:23:55,CUST312,P012,Tomatoes,3,2.91,STORE02
T1492,2024-02-21,11:23:55,CUST312,P005,Cheese,4,6.96,STORE02
T1493,2024-02-27,09:47:47,CUST342,P023,Salt,5,1.45,STORE01
T1493,2024-02-27,09:47:47,CUST342,P014,Potatoes,1,2.35,STORE01
T1494,2024-02-27,13:29:54,CUST489,P037,Honey,3,6.32,STORE01
T1494,2024-02-27,13:29:54,CUST489,P005,Cheese,5,6.55,STORE01
T1494,2024-02-27,13:29:54,CUST489,P033,Soup,3,3.08,STORE01
T1495,2024-03-12,15:37:15,CUST407,P047,Toothpaste,1,4.34,STORE05
T1495,2024-03-12,15:37:15,CUST407,P020,Coffee,1,8.7,STORE05
T1496,2024-01-01,17:23:05,CUST022,P050,Paper_Towels,5,6.53,STORE02
T1496,2024-01-01,17:23:05,CUST022,P008,Beef,4,12.21,STORE02
T1496,2024-01-01,17:23:05,CUST022,P013,Onions,2,2.14,STORE02
T1497,2024-02-07,13:49:04,CUST428,P047,Toothpaste,1,3.7,STORE05
T1497,2024-02-07,13:49:04,CUST428,P014,Potatoes,5,2.28,STORE05
T1498,2024-02-02,21:36:11,CUST148,P008,Beef,4,12.66,STORE04
T1498,2024-02-02,21:36:11,CUST148,P035,Peanut_Butter,5,4.91,STORE04
T1498,2024-02-02,21:36:11,CUST148,P028,Baking_Powder,1,2.02,STORE04
T1498,2024-02-02,21:36:11,CUST148,P033,Soup,2,3.24,STORE04
T1498,2024-02-02,21:36:11,CUST148,P023,Salt,1,1.38,STORE04
T1499,2024-03-30,16:02:06,CUST029,P016,Apples,3,3.64,STORE04
T1499,2024-03-30,16:02:06,CUST029,P038,Nuts,2,7.36,STORE04
T1499,2024-03-30,16:02:06,CUST029,P029,Vanilla,1,3.75,STORE04
T1499,2024-03-30,16:02:06,CUST029,P030,Chocolate,1,4.75,STORE04
T1499,2024-03-30,16:02:06,CUST029,P036,Jam,4,3.73,STORE04
T1500,2024-02-25,08:17:05,CUST109,P010,Rice,3,4.0,STORE04
T1500,2024-02-25,08:17:05,CUST109,P046,Shampoo,2,6.19,STORE04
T1501,2024-01-02,11:15:39,CUST355,P016,Apples,2,3.72,STORE01
T1501,2024-01-02,11:15:39,CUST355,P015,Carrots,3,1.94,STORE01
T1501,2024-01-02,11:15:39,CUST355,P037,Honey,4,6.47,STORE01
T1502,2024-01-10,15:48:21,CUST196,P048,Soap,1,3.1,STORE03
T1502,2024-01-10,15:48:21,CUST196,P027,Flour,4,3.76,STORE03
T1502,2024-01-10,15:48:21,CUST196,P022,Sugar,3,2.72,STORE03
T1502,2024-01-10,15:48:21,CUST196,P001,Bread,5,3.15,STORE03
T1503,2024-03-20,13:42:37,CUST444,P017,Bananas,4,2.12,STORE04
T1503,2024-03-20,13:42:37,CUST444,P014,Potatoes,1,2.73,STORE04
T1504,2024-02-15,11:14:32,CUST156,P021,Tea,2,4.11,STORE01
T1504,2024-02-15,11:14:32,CUST156,P035,Peanut_Butter,2,4.96,STORE01
T1504,2024-02-15,11:14:32,CUST156,P028,Baking_Powder,1,1.95,STORE01
T1504,2024-02-15,11:14:32,CUST156,P004,Butter,3,5.05,STORE01
T1504,2024-02-15,11:14:32,CUST156,P048,Soap,4,2.83,STORE01
T1505,2024-03-11,21:57:39,CUST085,P002,Milk,5,3.47,STORE03
T1505,2024-03-11,21:57:39,CUST085,P011,Pasta,3,2.71,STORE03
T1505,2024-03-11,21:57:39,CUST085,P028,Baking_Powder,2,1.82,STORE03
T1505,2024-03-11,21:57:39,CUST085,P047,Toothpaste,1,4.19,STORE03
T1505,2024-03-11,21:57:39,CUST085,P045,Detergent,1,8.52,STORE03
T1506,2024-02-08,11:20:57,CUST387,P047,Toothpaste,5,3.9,STORE05
T1506,2024-02-08,11:20:57,CUST387,P010,Rice,3,3.74,STORE05
T1507,2024-03-18,15:49:00,CUST033,P001,Bread,2,3.18,STORE04
T1507,2024-03-18,15:49:00,CUST033,P036,Jam,2,3.64,STORE04
T1508,2024-02-10,14:32:35,CUST390,P006,Yogurt,2,1.96,STORE02
T1508,2024-02-10,14:32:35,CUST390,P011,Pasta,3,2.65,STORE02
T1508,2024-02-10,14:32:35,CUST390,P035,Peanut_Butter,5,5.18,STORE02
T1508,2024-02-10,14:32:35,CUST390,P043,Beer,5,8.13,STORE02
T1508,2024-02-10,14:32:35,CUST390,P036,Jam,2,4.11,STORE02
T1509,2024-02-26,20:31:04,CUST106,P048,Soap,3,3.27,STORE05
T1509,2024-02-26,20:31:04,CUST106,P046,Shampoo,2,5.41,STORE05
T1509,2024-02-26,20:31:04,CUST106,P018,Oranges,5,4.79,STORE05
T1509,2024-02-26,20:31:04,CUST106,P045,Detergent,4,8.1,STORE05
T1510,2024-03-19,17:23:41,CUST396,P016,Apples,3,4.21,STORE04
T1510,2024-03-19,17:23:41,CUST396,P030,Chocolate,2,5.18,STORE04
T1510,2024-03-19,17:23:41,CUST396,P035,Peanut_Butter,2,4.64,STORE04
T1510,2024-03-19,17:23:41,CUST396,P001,Bread,3,2.88,STORE04
T1511,2024-02-19,08:49:53,CUST213,P016,Apples,3,3.74,STORE01
T1511,2024-02-19,08:49:53,CUST213,P038,Nuts,2,7.61,STORE01
T1511,2024-02-19,08:49:53,CUST213,P050,Paper_Towels,3,7.56,STORE01
T1511,2024-02-19,08:49:53,CUST213,P036,Jam,3,3.98,STORE01
T1512,2024-02-19,09:32:01,CUST036,P019,Cereal,1,5.39,STORE02
T1512,2024-02-19,09:32:01,CUST036,P022,Sugar,4,3.04,STORE02
T1512,2024-02-19,09:32:01,CUST036,P014,Potatoes,4,2.55,STORE02
T1512,2024-02-19,09:32:01,CUST036,P050,Paper_Towels,5,6.78,STORE02
T1512,2024-02-19,09:32:01,CUST036,P007,Chicken,5,8.12,STORE02
T1513,2024-02-05,13:46:14,CUST442,P019,Cereal,3,5.08,STORE03
T1513,2024-02-05,13:46:14,CUST442,P016,Apples,5,3.69,STORE03
T1513,2024-02-05,13:46:14,CUST442,P049,Tissues,3,5.14,STORE03
T1513,2024-02-05,13:46:14,CUST442,P027,Flour,5,3.45,STORE03
T1513,2024-02-05,13:46:14,CUST442,P044,Wine,2,13.29,STORE03
T1514,2024-02-12,17:40:42,CUST275,P008,Beef,3,13.35,STORE01
T1514,2024-02-12,17:40:42,CUST275,P001,Bread,1,2.92,STORE01
T1515,2024-01-11,11:22:51,CUST108,P016,Apples,3,4.3,STORE03
T1515,2024-01-11,11:22:51,CUST108,P003,Eggs,2,4.54,STORE03
T1515,2024-01-11,11:22:51,CUST108,P033,Soup,2,3.14,STORE03
T1515,2024-01-11,11:22:51,CUST108,P036,Jam,1,3.92,STORE03
T1516,2024-01-29,16:27:48,CUST406,P003,Eggs,2,4.93,STORE03
T1516,2024-01-29,16:27:48,CUST406,P005,Cheese,3,6.56,STORE03
T1517,2024-03-12,17:28:30,CUST096,P004,Butter,1,5.37,STORE02
T1517,2024-03-12,17:28:30,CUST096,P024,Pepper,5,3.27,STORE02
T1518,2024-03-12,19:57:21,CUST305,P004,Butter,2,5.51,STORE05
T1518,2024-03-12,19:57:21,CUST305,P043,Beer,5,8.94,STORE05
T1518,2024-03-12,19:57:21,CUST305,P002,Milk,4,3.32,STORE05
T1518,2024-03-12,19:57:21,CUST305,P001,Bread,2,3.17,STORE05
T1519,2024-03-16,12:19:50,CUST367,P023,Salt,5,1.55,STORE04
T1519,2024-03-16,12:19:50,CUST367,P010,Rice,1,3.97,STORE04
T1519,2024-03-16,12:19:50,CUST367,P005,Cheese,5,7.55,STORE04
T1520,2024-02-24,10:44:45,CUST117,P049,Tissues,5,4.54,STORE02
T1520,2024-02-24,10:44:45,CUST117,P027,Flour,1,3.57,STORE02
T1520,2024-02-24,10:44:45,CUST117,P023,Salt,3,1.63,STORE02
T1520,2024-02-24,10:44:45,CUST117,P009,Fish,1,9.42,STORE02
T1520,2024-02-24,10:44:45,CUST117,P007,Chicken,3,8.35,STORE02
T1521,2024-03-07,21:06:17,CUST096,P047,Toothpaste,4,3.82,STORE01
T1521,2024-03-07,21:06:17,CUST096,P004,Butter,2,5.85,STORE01
T1521,2024-03-07,21:06:17,CUST096,P003,Eggs,1,5.4,STORE01
T1522,2024-03-24,16:48:04,CUST171,P016,Apples,1,4.33,STORE01
T1522,2024-03-24,16:48:04,CUST171,P001,Bread,4,2.97,STORE01
T1522,2024-03-24,16:48:04,CUST171,P042,Water,4,1.8,STORE01
T1522,2024-03-24,16:48:04,CUST171,P024,Pepper,4,3.06,STORE01
T1522,2024-03-24,16:48:04,CUST171,P046,Shampoo,4,6.08,STORE01
T1523,2024-03-06,17:03:43,CUST168,P042,Water,1,1.94,STORE02
T1523,2024-03-06,17:03:43,CUST168,P038,Nuts,2,6.83,STORE02
T1523,2024-03-06,17:03:43,CUST168,P045,Detergent,1,7.41,STORE02
T1523,2024-03-06,17:03:43,CUST168,P033,Soup,4,3.08,STORE02
T1524,2024-01-12,09:39:00,CUST388,P038,Nuts,4,7.28,STORE01
T1524,2024-01-12,09:39:00,CUST388,P041,Juice,5,4.19,STORE01
T1524,2024-01-12,09:39:00,CUST388,P014,Potatoes,4,2.66,STORE01
T1524,2024-01-12,09:39:00,CUST388,P029,Vanilla,2,3.93,STORE01
T1525,2024-01-09,21:14:30,CUST087,P047,Toothpaste,5,4.03,STORE04
T1525,2024-01-09,21:14:30,CUST087,P029,Vanilla,1,4.37,STORE04
T1526,2024-02-22,14:18:20,CUST277,P019,Cereal,1,5.39,STORE05
T1526,2024-02-22,14:18:20,CUST277,P025,Oil,1,5.2,STORE05
T1526,2024-02-22,14:18:20,CUST277,P027,Flour,3,3.75,STORE05
T1526,2024-02-22,14:18:20,CUST277,P004,Butter,1,5.88,STORE05
T1526,2024-02-22,14:18:20,CUST277,P036,Jam,2,4.24,STORE05
T1527,2024-03-27,15:31:27,CUST380,P047,Toothpaste,5,3.65,STORE04
T1527,2024-03-27,15:31:27,CUST380,P045,Detergent,4,7.46,STORE04
T1527,2024-03-27,15:31:27,CUST380,P044,Wine,2,13.62,STORE04
T1528,2024-01-21,10:25:21,CUST328,P041,Juice,4,3.81,STORE01
T1528,2024-01-21,10:25:21,CUST328,P029,Vanilla,5,4.28,STORE01
T1528,2024-01-21,10:25:21,CUST328,P031,Ice_Cream,2,6.59,STORE01
T1528,2024-01-21,10:25:21,CUST328,P009,Fish,4,10.75,STORE01
T1528,2024-01-21,10:25:21,CUST328,P005,Cheese,3,7.2,STORE01
T1529,2024-02-22,16:47:22,CUST145,P027,Flour,3,3.67,STORE01
T1529,2024-02-22,16:47:22,CUST145,P034,Crackers,1,3.36,STORE01
T1529,2024-02-22,16:47:22,CUST145,P003,Eggs,4,5.05,STORE01
T1530,2024-02-02,10:20:58,CUST028,P034,Crackers,1,3.43,STORE04
T1530,2024-02-02,10:20:58,CUST028,P020,Coffee,2,7.43,STORE04
T1530,2024-02-02,10:20:58,CUST028,P038,Nuts,4,7.11,STORE04
T1531,2024-02-06,21:39:43,CUST408,P010,Rice,3,3.81,STORE02
T1531,2024-02-06,21:39:43,CUST408,P050,Paper_Towels,4,7.38,STORE02
T1531,2024-02-06,21:39:43,CUST408,P049,Tissues,4,4.94,STORE02
T1531,2024-02-06,21:39:43,CUST408,P044,Wine,1,12.92,STORE02
T1532,2024-03-26,17:21:37,CUST412,P030,Chocolate,1,5.18,STORE01
T1532,2024-03-26,17:21:37,CUST412,P028,Baking_Powder,1,1.97,STORE01
T1533,2024-01-31,13:43:58,CUST301,P010,Rice,2,3.94,STORE04
T1533,2024-01-31,13:43:58,CUST301,P008,Beef,3,12.53,STORE04
T1533,2024-01-31,13:43:58,CUST301,P013,Onions,5,2.0,STORE04
T1533,2024-01-31,13:43:58,CUST301,P030,Chocolate,3,4.62,STORE04
T1533,2024-01-31,13:43:58,CUST301,P014,Potatoes,5,2.42,STORE04
T1534,2024-02-16,16:37:34,CUST225,P034,Crackers,4,3.79,STORE01
T1534,2024-02-16,16:37:34,CUST225,P040,Soda,3,2.92,STORE01
T1534,2024-02-16,16:37:34,CUST225,P011,Pasta,4,2.5,STORE01
T1534,2024-02-16,16:37:34,CUST225,P037,Honey,2,6.3,STORE01
T1535,2024-02-16,13:09:34,CUST331,P034,Crackers,1,3.62,STORE04
T1535,2024-02-16,13:09:34,CUST331,P042,Water,1,2.05,STORE04
T1535,2024-02-16,13:09:34,CUST331,P008,Beef,4,12.61,STORE04
T1535,2024-02-16,13:09:34,CUST331,P013,Onions,1,2.07,STORE04
T1535,2024-02-16,13:09:34,CUST331,P033,Soup,5,2.84,STORE04
T1536,2024-03-24,21:02:42,CUST309,P034,Crackers,5,3.7,STORE03
T1536,2024-03-24,21:02:42,CUST309,P040,Soda,3,3.09,STORE03
T1537,2024-01-15,09:44:37,CUST079,P006,Yogurt,3,1.8,STORE04
T1537,2024-01-15,09:44:37,CUST079,P028,Baking_Powder,2,2.19,STORE04
T1537,2024-01-15,09:44:37,CUST079,P045,Detergent,1,7.58,STORE04
T1537,2024-01-15,09:44:37,CUST079,P044,Wine,4,11.81,STORE04
T1537,2024-01-15,09:44:37,CUST079,P046,Shampoo,3,6.41,STORE04
T1538,2024-01-19,08:54:55,CUST277,P002,Milk,2,3.64,STORE03
T1538,2024-01-19,08:54:55,CUST277,P049,Tissues,4,5.37,STORE03
T1538,2024-01-19,08:54:55,CUST277,P032,Frozen_Pizza,3,6.89,STORE03
T1539,2024-03-18,09:03:55,CUST106,P004,Butter,5,5.81,STORE05
T1539,2024-03-18,09:03:55,CUST106,P013,Onions,2,1.97,STORE05
T1539,2024-03-18,09:03:55,CUST106,P046,Shampoo,5,6.38,STORE05
T1539,2024-03-18,09:03:55,CUST106,P006,Yogurt,4,1.84,STORE05
T1540,2024-02-15,08:25:41,CUST379,P039,Chips,1,4.36,STORE04
T1540,2024-02-15,08:25:41,CUST379,P020,Coffee,1,7.75,STORE04
T1540,2024-02-15,08:25:41,CUST379,P015,Carrots,1,1.66,STORE04
T1540,2024-02-15,08:25:41,CUST379,P030,Chocolate,1,5.12,STORE04
T1540,2024-02-15,08:25:41,CUST379,P046,Shampoo,4,6.51,STORE04
T1541,2024-02-09,15:21:19,CUST097,P024,Pepper,5,2.92,STORE02
T1541,2024-02-09,15:21:19,CUST097,P027,Flour,5,3.65,STORE02
T1541,2024-02-09,15:21:19,CUST097,P013,Onions,3,2.11,STORE02
T1541,2024-02-09,15:21:19,CUST097,P032,Frozen_Pizza,1,7.21,STORE02
T1541,2024-02-09,15:21:19,CUST097,P015,Carrots,4,1.61,STORE02
T1542,2024-03-24,16:42:00,CUST261,P048,Soap,1,3.16,STORE01
T1542,2024-03-24,16:42:00,CUST261,P045,Detergent,5,7.59,STORE01
T1543,2024-01-16,20:50:46,CUST088,P038,Nuts,4,7.59,STORE01
T1543,2024-01-16,20:50:46,CUST088,P013,Onions,1,1.96,STORE01
T1543,2024-01-16,20:50:46,CUST088,P043,Beer,4,9.69,STORE01
T1544,2024-03-25,19:26:28,CUST050,P006,Yogurt,2,2.13,STORE04
T1544,2024-03-25,19:26:28,CUST050,P016,Apples,1,4.26,STORE04
T1545,2024-02-15,14:24:51,CUST310,P011,Pasta,2,2.45,STORE05
T1545,2024-02-15,14:24:51,CUST310,P025,Oil,1,4.71,STORE05
T1545,2024-02-15,14:24:51,CUST310,P001,Bread,3,3.17,STORE05
T1545,2024-02-15,14:24:51,CUST310,P035,Peanut_Butter,1,5.22,STORE05
T1545,2024-02-15,14:24:51,CUST310,P050,Paper_Towels,3,6.64,STORE05
T1546,2024-01-04,15:35:36,CUST308,P029,Vanilla,4,4.19,STORE02
T1546,2024-01-04,15:35:36,CUST308,P045,Detergent,5,8.61,STORE02
T1546,2024-01-04,15:35:36,CUST308,P033,Soup,2,2.78,STORE02
T1547,2024-01-30,11:46:27,CUST081,P035,Peanut_Butter,3,5.22,STORE04
T1547,2024-01-30,11:46:27,CUST081,P048,Soap,1,2.78,STORE04
T1547,2024-01-30,11:46:27,CUST081,P045,Detergent,1,7.8,STORE04
T1548,2024-03-01,20:05:29,CUST416,P001,Bread,3,2.86,STORE03
T1548,2024-03-01,20:05:29,CUST416,P004,Butter,2,5.98,STORE03
T1548,2024-03-01,20:05:29,CUST416,P017,Bananas,2,1.9,STORE03
T1548,2024-03-01,20:05:29,CUST416,P033,Soup,5,3.29,STORE03
T1548,2024-03-01,20:05:29,CUST416,P009,Fish,4,9.99,STORE03
T1549,2024-03-04,11:06:11,CUST015,P010,Rice,5,3.64,STORE04
T1549,2024-03-04,11:06:11,CUST015,P018,Oranges,5,4.13,STORE04
T1549,2024-03-04,11:06:11,CUST015,P049,Tissues,3,4.53,STORE04
T1549,2024-03-04,11:06:11,CUST015,P004,Butter,2,5.77,STORE04
T1549,2024-03-04,11:06:11,CUST015,P013,Onions,2,1.81,STORE04
T1550,2024-02-25,10:47:59,CUST029,P038,Nuts,2,6.67,STORE05
T1550,2024-02-25,10:47:59,CUST029,P021,Tea,4,4.35,STORE05
T1550,2024-02-25,10:47:59,CUST029,P008,Beef,3,13.33,STORE05
T1550,2024-02-25,10:47:59,CUST029,P043,Beer,1,9.88,STORE05
T1550,2024-02-25,10:47:59,CUST029,P033,Soup,3,3.02,STORE05
T1551,2024-02-23,11:53:49,CUST331,P006,Yogurt,2,2.15,STORE02
T1551,2024-02-23,11:53:49,CUST331,P022,Sugar,4,3.21,STORE02
T1551,2024-02-23,11:53:49,CUST331,P044,Wine,1,13.12,STORE02
T1551,2024-02-23,11:53:49,CUST331,P023,Salt,2,1.54,STORE02
T1551,2024-02-23,11:53:49,CUST331,P007,Chicken,2,8.4,STORE02
T1552,2024-03-08,21:45:21,CUST487,P010,Rice,4,4.35,STORE01
T1552,2024-03-08,21:45:21,CUST487,P013,Onions,4,1.97,STORE01
T1552,2024-03-08,21:45:21,CUST487,P008,Beef,1,13.1,STORE01
T1552,2024-03-08,21:45:21,CUST487,P014,Potatoes,2,2.26,STORE01
T1553,2024-01-23,12:35:50,CUST338,P006,Yogurt,3,1.97,STORE02
T1553,2024-01-23,12:35:50,CUST338,P016,Apples,2,3.75,STORE02
T1553,2024-01-23,12:35:50,CUST338,P029,Vanilla,4,4.33,STORE02
T1553,2024-01-23,12:35:50,CUST338,P004,Butter,3,5.26,STORE02
T1553,2024-01-23,12:35:50,CUST338,P013,Onions,5,2.05,STORE02
T1554,2024-01-24,20:25:31,CUST232,P004,Butter,1,4.95,STORE01
T1554,2024-01-24,20:25:31,CUST232,P038,Nuts,3,6.82,STORE01
T1555,2024-03-01,17:21:40,CUST213,P002,Milk,4,3.37,STORE04
T1555,2024-03-01,17:21:40,CUST213,P016,Apples,4,3.91,STORE04
T1555,2024-03-01,17:21:40,CUST213,P035,Peanut_Butter,2,4.55,STORE04
T1555,2024-03-01,17:21:40,CUST213,P014,Potatoes,5,2.62,STORE04
T1555,2024-03-01,17:21:40,CUST213,P009,Fish,5,9.44,STORE04
T1556,2024-01-13,19:07:16,CUST235,P010,Rice,3,3.86,STORE01
T1556,2024-01-13,19:07:16,CUST235,P024,Pepper,5,3.08,STORE01
T1556,2024-01-13,19:07:16,CUST235,P040,Soda,1,2.99,STORE01
T1556,2024-01-13,19:07:16,CUST235,P036,Jam,5,4.22,STORE01
T1556,2024-01-13,19:07:16,CUST235,P009,Fish,5,10.35,STORE01
T1557,2024-02-14,19:06:33,CUST234,P009,Fish,3,9.12,STORE05
T1557,2024-02-14,19:06:33,CUST234,P035,Peanut_Butter,3,5.41,STORE05
T1558,2024-02-05,12:54:22,CUST312,P039,Chips,1,4.37,STORE01
T1558,2024-02-05,12:54:22,CUST312,P003,Eggs,1,4.51,STORE01
T1558,2024-02-05,12:54:22,CUST312,P024,Pepper,3,3.08,STORE01
T1558,2024-02-05,12:54:22,CUST312,P015,Carrots,4,1.97,STORE01
T1558,2024-02-05,12:54:22,CUST312,P033,Soup,5,3.1,STORE01
T1559,2024-02-12,10:18:13,CUST392,P040,Soda,4,3.04,STORE05
T1559,2024-02-12,10:18:13,CUST392,P043,Beer,2,8.12,STORE05
T1559,2024-02-12,10:18:13,CUST392,P032,Frozen_Pizza,1,7.13,STORE05
T1560,2024-03-04,13:33:57,CUST230,P010,Rice,1,3.99,STORE02
T1560,2024-03-04,13:33:57,CUST230,P013,Onions,3,2.14,STORE02
T1560,2024-03-04,13:33:57,CUST230,P008,Beef,1,13.59,STORE02
T1560,2024-03-04,13:33:57,CUST230,P014,Potatoes,4,2.49,STORE02
T1561,2024-01-06,13:47:35,CUST084,P035,Peanut_Butter,3,4.85,STORE01
T1561,2024-01-06,13:47:35,CUST084,P021,Tea,4,3.63,STORE01
T1561,2024-01-06,13:47:35,CUST084,P045,Detergent,3,8.49,STORE01
T1562,2024-03-03,16:17:51,CUST327,P041,Juice,2,3.79,STORE01
T1562,2024-03-03,16:17:51,CUST327,P018,Oranges,5,4.52,STORE01
T1563,2024-03-28,17:20:58,CUST365,P004,Butter,5,5.04,STORE04
T1563,2024-03-28,17:20:58,CUST365,P013,Onions,3,1.88,STORE04
T1563,2024-03-28,17:20:58,CUST365,P015,Carrots,1,1.72,STORE04
T1564,2024-03-11,19:36:57,CUST067,P009,Fish,1,10.66,STORE01
T1564,2024-03-11,19:36:57,CUST067,P005,Cheese,5,7.07,STORE01
T1564,2024-03-11,19:36:57,CUST067,P004,Butter,3,5.59,STORE01
T1565,2024-01-03,12:01:54,CUST243,P027,Flour,5,3.53,STORE04
T1565,2024-01-03,12:01:54,CUST243,P031,Ice_Cream,5,5.52,STORE04
T1566,2024-01-03,19:49:44,CUST053,P007,Chicken,4,8.28,STORE01
T1566,2024-01-03,19:49:44,CUST053,P011,Pasta,1,2.56,STORE01
T1566,2024-01-03,19:49:44,CUST053,P014,Potatoes,3,2.46,STORE01
T1567,2024-03-09,13:39:45,CUST242,P004,Butter,2,5.75,STORE02
T1567,2024-03-09,13:39:45,CUST242,P017,Bananas,5,1.99,STORE02
T1567,2024-03-09,13:39:45,CUST242,P028,Baking_Powder,5,1.91,STORE02
T1568,2024-03-28,09:22:03,CUST331,P018,Oranges,2,4.64,STORE03
T1568,2024-03-28,09:22:03,CUST331,P044,Wine,3,13.95,STORE03
T1569,2024-02-23,17:26:43,CUST216,P046,Shampoo,5,5.95,STORE03
T1569,2024-02-23,17:26:43,CUST216,P050,Paper_Towels,3,7.28,STORE03
T1570,2024-02-19,13:39:29,CUST487,P010,Rice,4,4.2,STORE03
T1570,2024-02-19,13:39:29,CUST487,P020,Coffee,1,7.2,STORE03
T1570,2024-02-19,13:39:29,CUST487,P002,Milk,3,3.82,STORE03
T1570,2024-02-19,13:39:29,CUST487,P022,Sugar,3,2.99,STORE03
T1571,2024-02-18,11:11:06,CUST486,P029,Vanilla,4,3.68,STORE02
T1571,2024-02-18,11:11:06,CUST486,P030,Chocolate,3,5.34,STORE02
T1571,2024-02-18,11:11:06,CUST486,P022,Sugar,4,3.23,STORE02
T1572,2024-01-17,21:08:27,CUST467,P046,Shampoo,5,6.09,STORE01
T1572,2024-01-17,21:08:27,CUST467,P036,Jam,5,4.11,STORE01
T1573,2024-01-20,08:13:31,CUST336,P023,Salt,5,1.38,STORE02
T1573,2024-01-20,08:13:31,CUST336,P017,Bananas,1,1.91,STORE02
T1574,2024-02-16,15:13:02,CUST485,P041,Juice,2,3.76,STORE01
T1574,2024-02-16,15:13:02,CUST485,P025,Oil,2,5.3,STORE01
T1574,2024-02-16,15:13:02,CUST485,P008,Beef,1,11.81,STORE01
T1574,2024-02-16,15:13:02,CUST485,P048,Soap,4,2.8,STORE01
T1574,2024-02-16,15:13:02,CUST485,P005,Cheese,4,6.65,STORE01
T1575,2024-03-02,16:17:09,CUST445,P003,Eggs,4,4.65,STORE05
T1575,2024-03-02,16:17:09,CUST445,P001,Bread,3,3.21,STORE05
T1575,2024-03-02,16:17:09,CUST445,P027,Flour,1,3.65,STORE05
T1575,2024-03-02,16:17:09,CUST445,P004,Butter,2,5.31,STORE05
T1575,2024-03-02,16:17:09,CUST445,P012,Tomatoes,3,3.14,STORE05
T1576,2024-01-13,13:45:27,CUST365,P027,Flour,3,3.61,STORE02
T1576,2024-01-13,13:45:27,CUST365,P006,Yogurt,3,2.04,STORE02
T1576,2024-01-13,13:45:27,CUST365,P050,Paper_Towels,2,6.46,STORE02
T1576,2024-01-13,13:45:27,CUST365,P013,Onions,4,2.02,STORE02
T1577,2024-03-22,08:59:13,CUST077,P031,Ice_Cream,2,6.54,STORE01
T1577,2024-03-22,08:59:13,CUST077,P016,Apples,4,3.97,STORE01
T1577,2024-03-22,08:59:13,CUST077,P003,Eggs,1,5.29,STORE01
T1577,2024-03-22,08:59:13,CUST077,P040,Soda,2,2.91,STORE01
T1578,2024-01-16,12:08:41,CUST249,P036,Jam,3,3.93,STORE05
T1578,2024-01-16,12:08:41,CUST249,P032,Frozen_Pizza,3,7.07,STORE05
T1578,2024-01-16,12:08:41,CUST249,P030,Chocolate,1,5.42,STORE05
T1578,2024-01-16,12:08:41,CUST249,P028,Baking_Powder,3,1.96,STORE05
T1579,2024-02-06,08:26:18,CUST159,P039,Chips,4,4.3,STORE05
T1579,2024-02-06,08:26:18,CUST159,P022,Sugar,3,3.16,STORE05
T1579,2024-02-06,08:26:18,CUST159,P040,Soda,3,3.25,STORE05
T1579,2024-02-06,08:26:18,CUST159,P043,Beer,3,9.23,STORE05
T1579,2024-02-06,08:26:18,CUST159,P014,Potatoes,4,2.46,STORE05
T1580,2024-01-17,20:17:58,CUST310,P038,Nuts,2,6.54,STORE05
T1580,2024-01-17,20:17:58,CUST310,P025,Oil,1,5.43,STORE05
T1581,2024-01-16,18:04:48,CUST422,P007,Chicken,1,8.25,STORE02
T1581,2024-01-16,18:04:48,CUST422,P041,Juice,4,3.85,STORE02
T1581,2024-01-16,18:04:48,CUST422,P037,Honey,2,6.08,STORE02
T1582,2024-01-26,21:03:21,CUST015,P023,Salt,4,1.56,STORE05
T1582,2024-01-26,21:03:21,CUST015,P019,Cereal,3,5.01,STORE05
T1582,2024-01-26,21:03:21,CUST015,P017,Bananas,5,2.14,STORE05
T1582,2024-01-26,21:03:21,CUST015,P002,Milk,4,3.6,STORE05
T1583,2024-02-16,10:37:28,CUST143,P034,Crackers,3,3.18,STORE02
T1583,2024-02-16,10:37:28,CUST143,P010,Rice,5,3.77,STORE02
T1583,2024-02-16,10:37:28,CUST143,P002,Milk,3,3.16,STORE02
T1583,2024-02-16,10:37:28,CUST143,P018,Oranges,4,4.9,STORE02
T1583,2024-02-16,10:37:28,CUST143,P030,Chocolate,4,4.63,STORE02
T1584,2024-01-29,09:27:22,CUST095,P010,Rice,5,3.63,STORE04
T1584,2024-01-29,09:27:22,CUST095,P008,Beef,1,13.08,STORE04
T1584,2024-01-29,09:27:22,CUST095,P009,Fish,1,10.56,STORE04
T1584,2024-01-29,09:27:22,CUST095,P046,Shampoo,4,6.42,STORE04
T1584,2024-01-29,09:27:22,CUST095,P005,Cheese,4,7.58,STORE04
T1585,2024-02-14,11:56:37,CUST239,P016,Apples,3,4.22,STORE03
T1585,2024-02-14,11:56:37,CUST239,P008,Beef,5,13.33,STORE03
T1585,2024-02-14,11:56:37,CUST239,P040,Soda,2,2.99,STORE03
T1585,2024-02-14,11:56:37,CUST239,P007,Chicken,4,8.3,STORE03
T1585,2024-02-14,11:56:37,CUST239,P037,Honey,2,5.7,STORE03
T1586,2024-01-16,18:29:08,CUST155,P039,Chips,1,4.1,STORE05
T1586,2024-01-16,18:29:08,CUST155,P043,Beer,3,8.97,STORE05
T1587,2024-02-02,13:19:05,CUST127,P008,Beef,1,12.23,STORE02
T1587,2024-02-02,13:19:05,CUST127,P035,Peanut_Butter,3,5.37,STORE02
T1587,2024-02-02,13:19:05,CUST127,P043,Beer,2,9.36,STORE02
T1587,2024-02-02,13:19:05,CUST127,P045,Detergent,2,8.7,STORE02
T1587,2024-02-02,13:19:05,CUST127,P032,Frozen_Pizza,4,6.87,STORE02
T1588,2024-01-13,11:09:31,CUST300,P004,Butter,1,5.79,STORE05
T1588,2024-01-13,11:09:31,CUST300,P038,Nuts,5,7.15,STORE05
T1588,2024-01-13,11:09:31,CUST300,P024,Pepper,4,2.76,STORE05
T1588,2024-01-13,11:09:31,CUST300,P007,Chicken,3,9.38,STORE05
T1589,2024-03-20,20:59:55,CUST087,P042,Water,1,1.86,STORE04
T1589,2024-03-20,20:59:55,CUST087,P035,Peanut_Butter,4,5.06,STORE04
T1589,2024-03-20,20:59:55,CUST087,P004,Butter,2,5.33,STORE04
T1589,2024-03-20,20:59:55,CUST087,P012,Tomatoes,3,3.08,STORE04
T1589,2024-03-20,20:59:55,CUST087,P007,Chicken,1,8.15,STORE04
T1590,2024-02-13,14:12:29,CUST225,P010,Rice,2,3.97,STORE04
T1590,2024-02-13,14:12:29,CUST225,P038,Nuts,2,7.67,STORE04
T1590,2024-02-13,14:12:29,CUST225,P028,Baking_Powder,2,1.85,STORE04
T1590,2024-02-13,14:12:29,CUST225,P020,Coffee,2,8.25,STORE04
T1590,2024-02-13,14:12:29,CUST225,P013,Onions,1,1.98,STORE04
T1591,2024-01-31,17:27:15,CUST079,P034,Crackers,2,3.26,STORE03
T1591,2024-01-31,17:27:15,CUST079,P017,Bananas,2,1.99,STORE03
T1591,2024-01-31,17:27:15,CUST079,P027,Flour,1,3.29,STORE03
T1592,2024-03-02,08:51:44,CUST166,P013,Onions,1,1.85,STORE01
T1592,2024-03-02,08:51:44,CUST166,P016,Apples,3,4.17,STORE01
T1592,2024-03-02,08:51:44,CUST166,P012,Tomatoes,4,3.01,STORE01
T1593,2024-01-29,17:37:45,CUST288,P026,Vinegar,3,2.42,STORE03
T1593,2024-01-29,17:37:45,CUST288,P032,Frozen_Pizza,4,7.42,STORE03
T1594,2024-03-05,12:06:30,CUST340,P023,Salt,3,1.46,STORE01
T1594,2024-03-05,12:06:30,CUST340,P048,Soap,3,3.22,STORE01
T1594,2024-03-05,12:06:30,CUST340,P022,Sugar,2,3.23,STORE01
T1595,2024-03-24,18:06:06,CUST265,P024,Pepper,2,2.86,STORE02
T1595,2024-03-24,18:06:06,CUST265,P043,Beer,1,9.4,STORE02
T1595,2024-03-24,18:06:06,CUST265,P032,Frozen_Pizza,1,7.15,STORE02
T1596,2024-03-08,10:57:34,CUST206,P003,Eggs,2,5.31,STORE04
T1596,2024-03-08,10:57:34,CUST206,P042,Water,4,2.17,STORE04
T1596,2024-03-08,10:57:34,CUST206,P028,Baking_Powder,1,1.93,STORE04
T1596,2024-03-08,10:57:34,CUST206,P012,Tomatoes,1,2.82,STORE04
T1596,2024-03-08,10:57:34,CUST206,P037,Honey,5,6.25,STORE04
T1597,2024-01-09,15:41:00,CUST398,P023,Salt,5,1.58,STORE01
T1597,2024-01-09,15:41:00,CUST398,P034,Crackers,5,3.26,STORE01
T1597,2024-01-09,15:41:00,CUST398,P018,Oranges,2,4.12,STORE01
T1597,2024-01-09,15:41:00,CUST398,P001,Bread,4,2.94,STORE01
T1598,2024-03-01,08:20:52,CUST229,P027,Flour,5,3.61,STORE03
T1598,2024-03-01,08:20:52,CUST229,P003,Eggs,3,4.72,STORE03
T1598,2024-03-01,08:20:52,CUST229,P001,Bread,2,2.95,STORE03
T1599,2024-01-22,14:36:16,CUST367,P006,Yogurt,2,1.98,STORE03
T1599,2024-01-22,14:36:16,CUST367,P050,Paper_Towels,3,6.31,STORE03
T1600,2024-02-21,14:04:45,CUST495,P027,Flour,4,3.61,STORE03
T1600,2024-02-21,14:04:45,CUST495,P009,Fish,2,9.17,STORE03
T1600,2024-02-21,14:04:45,CUST495,P003,Eggs,3,5.2,STORE03
T1600,2024-02-21,14:04:45,CUST495,P020,Coffee,5,7.42,STORE03
T1601,2024-01-16,18:54:24,CUST492,P007,Chicken,4,8.35,STORE03
T1601,2024-01-16,18:54:24,CUST492,P037,Honey,4,5.45,STORE03
T1602,2024-03-18,11:11:02,CUST173,P020,Coffee,3,7.74,STORE01
T1602,2024-03-18,11:11:02,CUST173,P045,Detergent,3,8.7,STORE01
T1602,2024-03-18,11:11:02,CUST173,P044,Wine,5,13.52,STORE01
T1602,2024-03-18,11:11:02,CUST173,P048,Soap,2,3.15,STORE01
T1602,2024-03-18,11:11:02,CUST173,P009,Fish,3,10.6,STORE01
T1603,2024-02-09,12:12:34,CUST128,P020,Coffee,5,7.39,STORE02
T1603,2024-02-09,12:12:34,CUST128,P003,Eggs,2,5.05,STORE02
T1603,2024-02-09,12:12:34,CUST128,P043,Beer,2,9.16,STORE02
T1603,2024-02-09,12:12:34,CUST128,P044,Wine,1,12.16,STORE02
T1604,2024-01-23,17:25:44,CUST210,P024,Pepper,1,3.03,STORE04
T1604,2024-01-23,17:25:44,CUST210,P049,Tissues,3,5.09,STORE04
T1604,2024-01-23,17:25:44,CUST210,P015,Carrots,4,1.66,STORE04
T1605,2024-02-29,12:08:20,CUST340,P034,Crackers,5,3.81,STORE03
T1605,2024-02-29,12:08:20,CUST340,P040,Soda,1,2.74,STORE03
T1606,2024-01-12,16:32:27,CUST244,P014,Potatoes,2,2.61,STORE04
T1606,2024-01-12,16:32:27,CUST244,P043,Beer,1,8.2,STORE04
T1606,2024-01-12,16:32:27,CUST244,P044,Wine,5,11.73,STORE04
T1607,2024-02-08,21:22:44,CUST321,P016,Apples,2,3.92,STORE02
T1607,2024-02-08,21:22:44,CUST321,P008,Beef,4,11.75,STORE02
T1607,2024-02-08,21:22:44,CUST321,P022,Sugar,1,2.71,STORE02
T1608,2024-03-20,17:58:35,CUST108,P047,Toothpaste,2,3.63,STORE05
T1608,2024-03-20,17:58:35,CUST108,P027,Flour,5,3.73,STORE05
T1608,2024-03-20,17:58:35,CUST108,P036,Jam,4,4.34,STORE05
T1608,2024-03-20,17:58:35,CUST108,P023,Salt,3,1.38,STORE05
T1608,2024-03-20,17:58:35,CUST108,P050,Paper_Towels,3,7.21,STORE05
T1609,2024-02-29,13:22:38,CUST101,P007,Chicken,4,9.01,STORE03
T1609,2024-02-29,13:22:38,CUST101,P015,Carrots,5,1.69,STORE03
T1610,2024-02-20,08:30:19,CUST206,P019,Cereal,2,4.72,STORE01
T1610,2024-02-20,08:30:19,CUST206,P016,Apples,3,3.95,STORE01
T1610,2024-02-20,08:30:19,CUST206,P038,Nuts,1,6.46,STORE01
T1610,2024-02-20,08:30:19,CUST206,P031,Ice_Cream,1,5.57,STORE01
T1610,2024-02-20,08:30:19,CUST206,P037,Honey,2,6.17,STORE01
T1611,2024-03-08,14:28:17,CUST280,P039,Chips,4,3.96,STORE04
T1611,2024-03-08,14:28:17,CUST280,P043,Beer,4,8.35,STORE04
T1611,2024-03-08,14:28:17,CUST280,P005,Cheese,1,6.35,STORE04
T1611,2024-03-08,14:28:17,CUST280,P036,Jam,2,4.15,STORE04
T1612,2024-02-19,15:05:44,CUST378,P010,Rice,4,4.36,STORE04
T1612,2024-02-19,15:05:44,CUST378,P018,Oranges,5,4.09,STORE04
T1612,2024-02-19,15:05:44,CUST378,P035,Peanut_Butter,1,5.31,STORE04
T1612,2024-02-19,15:05:44,CUST378,P004,Butter,3,5.54,STORE04
T1612,2024-02-19,15:05:44,CUST378,P005,Cheese,1,6.39,STORE04
T1613,2024-01-16,20:51:12,CUST399,P035,Peanut_Butter,5,5.31,STORE03
T1613,2024-01-16,20:51:12,CUST399,P044,Wine,5,11.97,STORE03
T1614,2024-01-16,21:42:03,CUST470,P023,Salt,3,1.38,STORE01
T1614,2024-01-16,21:42:03,CUST470,P007,Chicken,4,9.35,STORE01
T1615,2024-03-21,16:19:02,CUST263,P003,Eggs,2,4.59,STORE05
T1615,2024-03-21,16:19:02,CUST263,P041,Juice,1,4.35,STORE05
T1615,2024-03-21,16:19:02,CUST263,P018,Oranges,5,4.56,STORE05
T1615,2024-03-21,16:19:02,CUST263,P021,Tea,5,4.38,STORE05
T1615,2024-03-21,16:19:02,CUST263,P017,Bananas,5,2.06,STORE05
T1616,2024-03-24,17:27:26,CUST379,P046,Shampoo,2,5.9,STORE01
T1616,2024-03-24,17:27:26,CUST379,P040,Soda,5,3.21,STORE01
T1616,2024-03-24,17:27:26,CUST379,P021,Tea,4,4.34,STORE01
T1617,2024-01-31,18:20:55,CUST232,P006,Yogurt,3,1.79,STORE01
T1617,2024-01-31,18:20:55,CUST232,P018,Oranges,2,4.53,STORE01
T1617,2024-01-31,18:20:55,CUST232,P040,Soda,1,2.83,STORE01
T1617,2024-01-31,18:20:55,CUST232,P046,Shampoo,3,6.13,STORE01
T1617,2024-01-31,18:20:55,CUST232,P037,Honey,5,6.05,STORE01
T1618,2024-02-27,20:34:08,CUST439,P050,Paper_Towels,1,6.73,STORE04
T1618,2024-02-27,20:34:08,CUST439,P041,Juice,2,4.37,STORE04
T1618,2024-02-27,20:34:08,CUST439,P005,Cheese,1,6.8,STORE04
T1619,2024-03-03,19:41:08,CUST426,P004,Butter,4,4.95,STORE05
T1619,2024-03-03,19:41:08,CUST426,P003,Eggs,1,4.49,STORE05
T1619,2024-03-03,19:41:08,CUST426,P012,Tomatoes,5,3.29,STORE05
T1620,2024-03-28,15:39:53,CUST380,P021,Tea,1,3.86,STORE04
T1620,2024-03-28,15:39:53,CUST380,P008,Beef,3,14.23,STORE04
T1620,2024-03-28,15:39:53,CUST380,P031,Ice_Cream,4,6.56,STORE04
T1620,2024-03-28,15:39:53,CUST380,P017,Bananas,2,1.8,STORE04
T1620,2024-03-28,15:39:53,CUST380,P032,Frozen_Pizza,2,7.12,STORE04
T1621,2024-03-01,08:20:49,CUST060,P017,Bananas,3,2.05,STORE03
T1621,2024-03-01,08:20:49,CUST060,P035,Peanut_Butter,1,4.68,STORE03
T1621,2024-03-01,08:20:49,CUST060,P001,Bread,1,2.83,STORE03
T1622,2024-02-01,15:22:54,CUST264,P029,Vanilla,3,4.28,STORE01
T1622,2024-02-01,15:22:54,CUST264,P049,Tissues,2,5.24,STORE01
T1622,2024-02-01,15:22:54,CUST264,P050,Paper_Towels,2,6.91,STORE01
T1623,2024-01-22,20:23:38,CUST379,P001,Bread,2,3.08,STORE01
T1623,2024-01-22,20:23:38,CUST379,P028,Baking_Powder,3,1.98,STORE01
T1623,2024-01-22,20:23:38,CUST379,P037,Honey,3,5.82,STORE01
T1623,2024-01-22,20:23:38,CUST379,P012,Tomatoes,3,2.91,STORE01
T1624,2024-03-27,16:03:08,CUST454,P017,Bananas,3,1.96,STORE01
T1624,2024-03-27,16:03:08,CUST454,P003,Eggs,2,5.32,STORE01
T1624,2024-03-27,16:03:08,CUST454,P041,Juice,1,4.06,STORE01
T1624,2024-03-27,16:03:08,CUST454,P018,Oranges,3,4.19,STORE01
T1625,2024-01-26,18:11:34,CUST218,P049,Tissues,3,5.1,STORE04
T1625,2024-01-26,18:11:34,CUST218,P044,Wine,5,13.45,STORE04
T1625,2024-01-26,18:11:34,CUST218,P005,Cheese,1,6.82,STORE04
T1625,2024-01-26,18:11:34,CUST218,P028,Baking_Powder,3,1.93,STORE04
T1626,2024-03-04,15:04:41,CUST197,P011,Pasta,1,2.44,STORE01
T1626,2024-03-04,15:04:41,CUST197,P022,Sugar,4,3.03,STORE01
T1626,2024-03-04,15:04:41,CUST197,P033,Soup,2,2.77,STORE01
T1627,2024-03-14,20:48:32,CUST499,P006,Yogurt,3,2.0,STORE01
T1627,2024-03-14,20:48:32,CUST499,P039,Chips,1,4.18,STORE01
T1627,2024-03-14,20:48:32,CUST499,P042,Water,1,1.84,STORE01
T1627,2024-03-14,20:48:32,CUST499,P040,Soda,3,2.87,STORE01
T1627,2024-03-14,20:48:32,CUST499,P043,Beer,4,8.31,STORE01
T1628,2024-03-27,12:35:00,CUST084,P025,Oil,1,4.95,STORE02
T1628,2024-03-27,12:35:00,CUST084,P029,Vanilla,4,4.13,STORE02
T1628,2024-03-27,12:35:00,CUST084,P020,Coffee,5,7.67,STORE02
T1628,2024-03-27,12:35:00,CUST084,P013,Onions,4,2.15,STORE02
T1628,2024-03-27,12:35:00,CUST084,P050,Paper_Towels,2,7.27,STORE02
T1629,2024-03-05,11:54:14,CUST483,P034,Crackers,4,3.23,STORE04
T1629,2024-03-05,11:54:14,CUST483,P038,Nuts,5,7.1,STORE04
T1629,2024-03-05,11:54:14,CUST483,P043,Beer,1,9.72,STORE04
T1629,2024-03-05,11:54:14,CUST483,P036,Jam,1,4.12,STORE04
T1629,2024-03-05,11:54:14,CUST483,P023,Salt,2,1.38,STORE04
T1630,2024-02-16,20:44:18,CUST451,P038,Nuts,3,6.61,STORE04
T1630,2024-02-16,20:44:18,CUST451,P021,Tea,4,3.87,STORE04
T1630,2024-02-16,20:44:18,CUST451,P027,Flour,4,3.76,STORE04
T1630,2024-02-16,20:44:18,CUST451,P020,Coffee,1,8.19,STORE04
T1630,2024-02-16,20:44:18,CUST451,P015,Carrots,5,1.76,STORE04
T1631,2024-01-27,16:06:32,CUST383,P043,Beer,2,9.89,STORE02
T1631,2024-01-27,16:06:32,CUST383,P030,Chocolate,1,5.02,STORE02
T1631,2024-01-27,16:06:32,CUST383,P018,Oranges,5,4.92,STORE02
T1632,2024-01-08,09:56:51,CUST483,P019,Cereal,4,5.2,STORE03
T1632,2024-01-08,09:56:51,CUST483,P035,Peanut_Butter,1,4.74,STORE03
T1632,2024-01-08,09:56:51,CUST483,P022,Sugar,2,2.82,STORE03
T1633,2024-02-19,10:55:29,CUST200,P006,Yogurt,2,1.85,STORE04
T1633,2024-02-19,10:55:29,CUST200,P011,Pasta,1,2.47,STORE04
T1633,2024-02-19,10:55:29,CUST200,P018,Oranges,2,4.65,STORE04
T1633,2024-02-19,10:55:29,CUST200,P004,Butter,5,5.61,STORE04
T1633,2024-02-19,10:55:29,CUST200,P037,Honey,4,5.39,STORE04
T1634,2024-01-31,21:00:49,CUST160,P020,Coffee,3,7.23,STORE03
T1634,2024-01-31,21:00:49,CUST160,P013,Onions,3,2.15,STORE03
T1634,2024-01-31,21:00:49,CUST160,P049,Tissues,3,4.77,STORE03
T1635,2024-01-02,09:11:51,CUST017,P002,Milk,4,3.7,STORE03
T1635,2024-01-02,09:11:51,CUST017,P026,Vinegar,4,2.39,STORE03
T1635,2024-01-02,09:11:51,CUST017,P047,Toothpaste,2,3.76,STORE03
T1635,2024-01-02,09:11:51,CUST017,P033,Soup,1,2.75,STORE03
T1635,2024-01-02,09:11:51,CUST017,P037,Honey,4,6.37,STORE03
T1636,2024-03-01,21:10:07,CUST100,P039,Chips,2,4.07,STORE02
T1636,2024-03-01,21:10:07,CUST100,P043,Beer,1,9.26,STORE02
T1637,2024-01-25,12:07:13,CUST175,P034,Crackers,5,3.25,STORE05
T1637,2024-01-25,12:07:13,CUST175,P039,Chips,1,4.1,STORE05
T1637,2024-01-25,12:07:13,CUST175,P040,Soda,1,3.14,STORE05
T1637,2024-01-25,12:07:13,CUST175,P043,Beer,1,8.72,STORE05
T1637,2024-01-25,12:07:13,CUST175,P009,Fish,5,10.28,STORE05
T1638,2024-01-31,21:21:27,CUST447,P048,Soap,2,3.1,STORE05
T1638,2024-01-31,21:21:27,CUST447,P009,Fish,4,9.17,STORE05
T1638,2024-01-31,21:21:27,CUST447,P032,Frozen_Pizza,4,6.29,STORE05
T1638,2024-01-31,21:21:27,CUST447,P044,Wine,3,13.33,STORE05
T1639,2024-02-29,17:57:00,CUST468,P006,Yogurt,5,2.1,STORE05
T1639,2024-02-29,17:57:00,CUST468,P041,Juice,4,3.86,STORE05
T1639,2024-02-29,17:57:00,CUST468,P026,Vinegar,2,2.63,STORE05
T1639,2024-02-29,17:57:00,CUST468,P030,Chocolate,5,4.72,STORE05
T1639,2024-02-29,17:57:00,CUST468,P046,Shampoo,3,5.85,STORE05
T1640,2024-01-16,16:19:54,CUST237,P019,Cereal,2,4.97,STORE05
T1640,2024-01-16,16:19:54,CUST237,P045,Detergent,3,8.65,STORE05
T1640,2024-01-16,16:19:54,CUST237,P008,Beef,1,11.76,STORE05
T1640,2024-01-16,16:19:54,CUST237,P030,Chocolate,3,5.33,STORE05
T1641,2024-03-30,15:40:17,CUST184,P042,Water,4,1.91,STORE02
T1641,2024-03-30,15:40:17,CUST184,P016,Apples,1,4.29,STORE02
T1641,2024-03-30,15:40:17,CUST184,P021,Tea,4,3.78,STORE02
T1642,2024-03-13,17:40:10,CUST135,P006,Yogurt,2,2.09,STORE05
T1642,2024-03-13,17:40:10,CUST135,P044,Wine,3,12.91,STORE05
T1643,2024-01-04,09:53:40,CUST067,P016,Apples,4,4.24,STORE05
T1643,2024-01-04,09:53:40,CUST067,P040,Soda,4,2.74,STORE05
T1643,2024-01-04,09:53:40,CUST067,P043,Beer,2,8.87,STORE05
T1643,2024-01-04,09:53:40,CUST067,P032,Frozen_Pizza,3,6.9,STORE05
T1643,2024-01-04,09:53:40,CUST067,P012,Tomatoes,4,3.07,STORE05
T1644,2024-01-11,16:57:24,CUST358,P013,Onions,3,1.85,STORE05
T1644,2024-01-11,16:57:24,CUST358,P049,Tissues,3,5.08,STORE05
T1645,2024-01-02,14:28:51,CUST251,P010,Rice,5,3.71,STORE03
T1645,2024-01-02,14:28:51,CUST251,P008,Beef,3,12.86,STORE03
T1645,2024-01-02,14:28:51,CUST251,P020,Coffee,2,7.41,STORE03
T1645,2024-01-02,14:28:51,CUST251,P013,Onions,1,1.81,STORE03
T1645,2024-01-02,14:28:51,CUST251,P014,Potatoes,4,2.42,STORE03
T1646,2024-01-27,13:42:12,CUST160,P003,Eggs,1,4.74,STORE04
T1646,2024-01-27,13:42:12,CUST160,P038,Nuts,2,6.86,STORE04
T1646,2024-01-27,13:42:12,CUST160,P031,Ice_Cream,3,5.67,STORE04
T1646,2024-01-27,13:42:12,CUST160,P004,Butter,1,5.71,STORE04
T1646,2024-01-27,13:42:12,CUST160,P005,Cheese,5,6.41,STORE04
T1647,2024-01-22,12:35:36,CUST481,P034,Crackers,5,3.82,STORE01
T1647,2024-01-22,12:35:36,CUST481,P039,Chips,5,4.34,STORE01
T1647,2024-01-22,12:35:36,CUST481,P038,Nuts,3,6.36,STORE01
T1647,2024-01-22,12:35:36,CUST481,P014,Potatoes,1,2.41,STORE01
T1647,2024-01-22,12:35:36,CUST481,P005,Cheese,1,6.65,STORE01
T1648,2024-01-20,11:53:19,CUST096,P047,Toothpaste,1,3.61,STORE02
T1648,2024-01-20,11:53:19,CUST096,P010,Rice,4,3.94,STORE02
T1648,2024-01-20,11:53:19,CUST096,P007,Chicken,4,9.11,STORE02
T1648,2024-01-20,11:53:19,CUST096,P015,Carrots,5,1.65,STORE02
T1649,2024-02-18,15:21:45,CUST159,P046,Shampoo,4,6.38,STORE02
T1649,2024-02-18,15:21:45,CUST159,P007,Chicken,1,8.95,STORE02
T1649,2024-02-18,15:21:45,CUST159,P004,Butter,5,5.89,STORE02
T1650,2024-03-05,13:33:34,CUST471,P041,Juice,2,3.61,STORE02
T1650,2024-03-05,13:33:34,CUST471,P018,Oranges,5,4.59,STORE02
T1650,2024-03-05,13:33:34,CUST471,P012,Tomatoes,1,2.98,STORE02
T1650,2024-03-05,13:33:34,CUST471,P033,Soup,3,3.07,STORE02
T1650,2024-03-05,13:33:34,CUST471,P005,Cheese,4,6.69,STORE02
T1651,2024-01-31,19:50:20,CUST276,P027,Flour,1,3.77,STORE05
T1651,2024-01-31,19:50:20,CUST276,P047,Toothpaste,2,3.93,STORE05
T1651,2024-01-31,19:50:20,CUST276,P050,Paper_Towels,4,6.72,STORE05
T1652,2024-02-19,18:41:45,CUST210,P013,Onions,5,2.0,STORE04
T1652,2024-02-19,18:41:45,CUST210,P015,Carrots,3,1.78,STORE04
T1653,2024-03-14,11:57:55,CUST045,P028,Baking_Powder,3,1.95,STORE03
T1653,2024-03-14,11:57:55,CUST045,P027,Flour,3,3.82,STORE03
T1653,2024-03-14,11:57:55,CUST045,P017,Bananas,2,2.14,STORE03
T1653,2024-03-14,11:57:55,CUST045,P046,Shampoo,1,5.77,STORE03
T1653,2024-03-14,11:57:55,CUST045,P005,Cheese,5,6.37,STORE03
T1654,2024-01-25,18:03:06,CUST004,P006,Yogurt,3,2.07,STORE01
T1654,2024-01-25,18:03:06,CUST004,P019,Cereal,4,5.33,STORE01
T1654,2024-01-25,18:03:06,CUST004,P031,Ice_Cream,4,6.19,STORE01
T1654,2024-01-25,18:03:06,CUST004,P043,Beer,1,9.56,STORE01
T1654,2024-01-25,18:03:06,CUST004,P044,Wine,4,13.26,STORE01
T1655,2024-01-10,09:54:24,CUST443,P023,Salt,3,1.42,STORE01
T1655,2024-01-10,09:54:24,CUST443,P002,Milk,5,3.73,STORE01
T1655,2024-01-10,09:54:24,CUST443,P050,Paper_Towels,4,6.98,STORE01
T1656,2024-02-13,09:32:44,CUST413,P042,Water,3,1.93,STORE03
T1656,2024-02-13,09:32:44,CUST413,P038,Nuts,3,6.89,STORE03
T1656,2024-02-13,09:32:44,CUST413,P005,Cheese,4,7.4,STORE03
T1657,2024-01-18,10:21:13,CUST265,P010,Rice,5,4.09,STORE01
T1657,2024-01-18,10:21:13,CUST265,P050,Paper_Towels,3,6.73,STORE01
T1657,2024-01-18,10:21:13,CUST265,P018,Oranges,3,4.4,STORE01
T1657,2024-01-18,10:21:13,CUST265,P012,Tomatoes,2,2.89,STORE01
T1658,2024-01-27,08:52:12,CUST280,P013,Onions,2,1.86,STORE05
T1658,2024-01-27,08:52:12,CUST280,P044,Wine,2,13.55,STORE05
T1659,2024-02-27,13:06:09,CUST281,P006,Yogurt,2,2.07,STORE02
T1659,2024-02-27,13:06:09,CUST281,P016,Apples,3,3.9,STORE02
T1659,2024-02-27,13:06:09,CUST281,P041,Juice,5,4.14,STORE02
T1659,2024-02-27,13:06:09,CUST281,P044,Wine,1,11.71,STORE02
T1659,2024-02-27,13:06:09,CUST281,P036,Jam,2,4.03,STORE02
T1660,2024-02-08,16:42:34,CUST187,P010,Rice,3,3.79,STORE02
T1660,2024-02-08,16:42:34,CUST187,P013,Onions,4,2.0,STORE02
T1660,2024-02-08,16:42:34,CUST187,P008,Beef,3,11.84,STORE02
T1660,2024-02-08,16:42:34,CUST187,P014,Potatoes,3,2.68,STORE02
T1661,2024-03-05,21:18:19,CUST215,P039,Chips,4,4.33,STORE05
T1661,2024-03-05,21:18:19,CUST215,P043,Beer,3,8.13,STORE05
T1661,2024-03-05,21:18:19,CUST215,P037,Honey,3,6.57,STORE05
T1662,2024-02-11,17:03:22,CUST252,P048,Soap,5,2.99,STORE03
T1662,2024-02-11,17:03:22,CUST252,P035,Peanut_Butter,2,4.93,STORE03
T1662,2024-02-11,17:03:22,CUST252,P030,Chocolate,5,4.57,STORE03
T1663,2024-02-09,14:35:41,CUST080,P006,Yogurt,3,1.96,STORE02
T1663,2024-02-09,14:35:41,CUST080,P050,Paper_Towels,2,7.6,STORE02
T1663,2024-02-09,14:35:41,CUST080,P025,Oil,2,4.8,STORE02
T1663,2024-02-09,14:35:41,CUST080,P033,Soup,5,3.18,STORE02
T1664,2024-02-01,13:27:44,CUST054,P042,Water,3,1.8,STORE01
T1664,2024-02-01,13:27:44,CUST054,P026,Vinegar,5,2.3,STORE01
T1664,2024-02-01,13:27:44,CUST054,P035,Peanut_Butter,1,4.73,STORE01
T1664,2024-02-01,13:27:44,CUST054,P004,Butter,5,5.9,STORE01
T1664,2024-02-01,13:27:44,CUST054,P036,Jam,2,4.22,STORE01
T1665,2024-03-01,16:41:48,CUST433,P038,Nuts,2,6.59,STORE02
T1665,2024-03-01,16:41:48,CUST433,P047,Toothpaste,5,4.0,STORE02
T1665,2024-03-01,16:41:48,CUST433,P040,Soda,5,2.94,STORE02
T1665,2024-03-01,16:41:48,CUST433,P012,Tomatoes,5,3.19,STORE02
T1665,2024-03-01,16:41:48,CUST433,P050,Paper_Towels,3,7.23,STORE02
T1666,2024-03-13,12:31:39,CUST037,P042,Water,5,2.07,STORE03
T1666,2024-03-13,12:31:39,CUST037,P021,Tea,4,3.6,STORE03
T1666,2024-03-13,12:31:39,CUST037,P011,Pasta,1,2.59,STORE03
T1666,2024-03-13,12:31:39,CUST037,P025,Oil,3,5.13,STORE03
T1667,2024-01-21,12:53:51,CUST188,P031,Ice_Cream,4,6.38,STORE02
T1667,2024-01-21,12:53:51,CUST188,P002,Milk,1,3.41,STORE02
T1668,2024-01-25,17:27:41,CUST413,P034,Crackers,4,3.45,STORE05
T1668,2024-01-25,17:27:41,CUST413,P015,Carrots,4,1.9,STORE05
T1668,2024-01-25,17:27:41,CUST413,P011,Pasta,1,2.47,STORE05
T1668,2024-01-25,17:27:41,CUST413,P030,Chocolate,4,4.52,STORE05
T1669,2024-02-29,18:11:24,CUST042,P002,Milk,2,3.18,STORE04
T1669,2024-02-29,18:11:24,CUST042,P011,Pasta,1,2.59,STORE04
T1669,2024-02-29,18:11:24,CUST042,P049,Tissues,2,4.83,STORE04
T1669,2024-02-29,18:11:24,CUST042,P004,Butter,3,5.51,STORE04
T1669,2024-02-29,18:11:24,CUST042,P015,Carrots,2,1.7,STORE04
T1670,2024-02-01,15:08:21,CUST463,P040,Soda,1,2.75,STORE04
T1670,2024-02-01,15:08:21,CUST463,P032,Frozen_Pizza,5,7.06,STORE04
T1671,2024-03-23,12:18:58,CUST373,P034,Crackers,3,3.7,STORE03
T1671,2024-03-23,12:18:58,CUST373,P006,Yogurt,5,2.17,STORE03
T1671,2024-03-23,12:18:58,CUST373,P038,Nuts,4,7.52,STORE03
T1671,2024-03-23,12:18:58,CUST373,P021,Tea,4,4.38,STORE03
T1671,2024-03-23,12:18:58,CUST373,P043,Beer,5,8.45,STORE03
T1672,2024-03-22,15:22:51,CUST028,P048,Soap,2,2.71,STORE02
T1672,2024-03-22,15:22:51,CUST028,P017,Bananas,3,2.07,STORE02
T1672,2024-03-22,15:22:51,CUST028,P035,Peanut_Butter,1,5.01,STORE02
T1672,2024-03-22,15:22:51,CUST028,P033,Soup,4,3.22,STORE02
T1673,2024-01-26,16:14:54,CUST455,P035,Peanut_Butter,2,5.1,STORE01
T1673,2024-01-26,16:14:54,CUST455,P028,Baking_Powder,4,1.87,STORE01
T1673,2024-01-26,16:14:54,CUST455,P040,Soda,3,2.94,STORE01
T1673,2024-01-26,16:14:54,CUST455,P045,Detergent,4,7.95,STORE01
T1673,2024-01-26,16:14:54,CUST455,P036,Jam,3,4.0,STORE01
T1674,2024-02-11,18:31:35,CUST171,P048,Soap,2,2.88,STORE05
T1674,2024-02-11,18:31:35,CUST171,P046,Shampoo,5,6.13,STORE05
T1674,2024-02-11,18:31:35,CUST171,P034,Crackers,4,3.34,STORE05
T1674,2024-02-11,18:31:35,CUST171,P045,Detergent,2,8.16,STORE05
T1675,2024-03-16,09:14:43,CUST450,P041,Juice,5,3.94,STORE05
T1675,2024-03-16,09:14:43,CUST450,P028,Baking_Powder,5,2.04,STORE05
T1675,2024-03-16,09:14:43,CUST450,P004,Butter,2,5.17,STORE05
T1675,2024-03-16,09:14:43,CUST450,P013,Onions,1,1.8,STORE05
T1675,2024-03-16,09:14:43,CUST450,P005,Cheese,3,7.68,STORE05
T1676,2024-02-14,11:12:10,CUST418,P047,Toothpaste,5,3.68,STORE04
T1676,2024-02-14,11:12:10,CUST418,P023,Salt,2,1.47,STORE04
T1676,2024-02-14,11:12:10,CUST418,P045,Detergent,3,8.63,STORE04
T1676,2024-02-14,11:12:10,CUST418,P048,Soap,3,3.23,STORE04
T1676,2024-02-14,11:12:10,CUST418,P046,Shampoo,1,5.92,STORE04
T1677,2024-01-02,09:33:15,CUST139,P047,Toothpaste,4,3.85,STORE02
T1677,2024-01-02,09:33:15,CUST139,P016,Apples,4,3.82,STORE02
T1677,2024-01-02,09:33:15,CUST139,P049,Tissues,3,4.63,STORE02
T1677,2024-01-02,09:33:15,CUST139,P003,Eggs,2,4.67,STORE02
T1678,2024-02-02,10:24:13,CUST471,P003,Eggs,1,4.61,STORE03
T1678,2024-02-02,10:24:13,CUST471,P042,Water,4,1.92,STORE03
T1678,2024-02-02,10:24:13,CUST471,P035,Peanut_Butter,1,5.14,STORE03
T1678,2024-02-02,10:24:13,CUST471,P043,Beer,2,8.3,STORE03
T1678,2024-02-02,10:24:13,CUST471,P009,Fish,4,9.05,STORE03
T1679,2024-02-10,08:53:18,CUST354,P019,Cereal,5,4.6,STORE05
T1679,2024-02-10,08:53:18,CUST354,P050,Paper_Towels,4,7.44,STORE05
T1679,2024-02-10,08:53:18,CUST354,P030,Chocolate,2,4.87,STORE05
T1680,2024-03-07,18:23:18,CUST494,P031,Ice_Cream,3,5.96,STORE02
T1680,2024-03-07,18:23:18,CUST494,P044,Wine,4,12.83,STORE02
T1681,2024-03-05,09:07:23,CUST304,P010,Rice,5,4.0,STORE01
T1681,2024-03-05,09:07:23,CUST304,P024,Pepper,1,2.85,STORE01
T1681,2024-03-05,09:07:23,CUST304,P008,Beef,3,12.66,STORE01
T1681,2024-03-05,09:07:23,CUST304,P014,Potatoes,2,2.51,STORE01
T1681,2024-03-05,09:07:23,CUST304,P023,Salt,4,1.5,STORE01
T1682,2024-02-15,21:28:14,CUST461,P042,Water,5,1.89,STORE01
T1682,2024-02-15,21:28:14,CUST461,P031,Ice_Cream,5,6.2,STORE01
T1682,2024-02-15,21:28:14,CUST461,P038,Nuts,2,7.13,STORE01
T1683,2024-02-23,17:52:32,CUST083,P020,Coffee,1,8.26,STORE03
T1683,2024-02-23,17:52:32,CUST083,P002,Milk,4,3.69,STORE03
T1683,2024-02-23,17:52:32,CUST083,P022,Sugar,3,2.91,STORE03
T1684,2024-01-09,16:36:14,CUST115,P026,Vinegar,5,2.51,STORE02
T1684,2024-01-09,16:36:14,CUST115,P049,Tissues,2,4.86,STORE02
T1684,2024-01-09,16:36:14,CUST115,P028,Baking_Powder,5,2.14,STORE02
T1684,2024-01-09,16:36:14,CUST115,P032,Frozen_Pizza,2,7.17,STORE02
T1684,2024-01-09,16:36:14,CUST115,P012,Tomatoes,2,2.81,STORE02
T1685,2024-01-26,13:54:25,CUST005,P006,Yogurt,1,2.06,STORE04
T1685,2024-01-26,13:54:25,CUST005,P040,Soda,1,2.75,STORE04
T1685,2024-01-26,13:54:25,CUST005,P043,Beer,3,8.6,STORE04
T1685,2024-01-26,13:54:25,CUST005,P045,Detergent,5,7.79,STORE04
T1685,2024-01-26,13:54:25,CUST005,P036,Jam,4,3.86,STORE04
T1686,2024-03-10,11:20:04,CUST405,P029,Vanilla,1,4.04,STORE03
T1686,2024-03-10,11:20:04,CUST405,P022,Sugar,1,2.85,STORE03
T1687,2024-03-04,20:25:16,CUST478,P002,Milk,1,3.42,STORE03
T1687,2024-03-04,20:25:16,CUST478,P030,Chocolate,1,5.1,STORE03
T1687,2024-03-04,20:25:16,CUST478,P020,Coffee,3,8.43,STORE03
T1688,2024-01-03,18:55:23,CUST103,P019,Cereal,3,5.36,STORE02
T1688,2024-01-03,18:55:23,CUST103,P032,Frozen_Pizza,2,6.81,STORE02
T1688,2024-01-03,18:55:23,CUST103,P022,Sugar,2,3.24,STORE02
T1688,2024-01-03,18:55:23,CUST103,P012,Tomatoes,2,2.74,STORE02
T1689,2024-01-07,12:39:50,CUST448,P027,Flour,5,3.32,STORE02
T1689,2024-01-07,12:39:50,CUST448,P031,Ice_Cream,5,6.51,STORE02
T1689,2024-01-07,12:39:50,CUST448,P037,Honey,2,6.03,STORE02
T1690,2024-02-18,09:32:05,CUST103,P016,Apples,3,3.85,STORE02
T1690,2024-02-18,09:32:05,CUST103,P047,Toothpaste,1,3.8,STORE02
T1690,2024-02-18,09:32:05,CUST103,P045,Detergent,3,8.08,STORE02
T1690,2024-02-18,09:32:05,CUST103,P048,Soap,1,3.01,STORE02
T1690,2024-02-18,09:32:05,CUST103,P046,Shampoo,3,6.34,STORE02
T1691,2024-03-11,09:23:33,CUST098,P017,Bananas,4,1.98,STORE01
T1691,2024-03-11,09:23:33,CUST098,P025,Oil,4,4.91,STORE01
T1692,2024-02-04,17:50:13,CUST263,P006,Yogurt,3,2.15,STORE02
T1692,2024-02-04,17:50:13,CUST263,P024,Pepper,2,3.15,STORE02
T1692,2024-02-04,17:50:13,CUST263,P015,Carrots,1,1.84,STORE02
T1693,2024-01-03,14:04:47,CUST006,P047,Toothpaste,2,3.59,STORE02
T1693,2024-01-03,14:04:47,CUST006,P002,Milk,3,3.31,STORE02
T1694,2024-03-01,12:14:36,CUST070,P027,Flour,2,3.16,STORE02
T1694,2024-03-01,12:14:36,CUST070,P026,Vinegar,3,2.39,STORE02
T1694,2024-03-01,12:14:36,CUST070,P006,Yogurt,3,2.15,STORE02
T1695,2024-01-04,19:02:27,CUST311,P039,Chips,4,4.16,STORE04
T1695,2024-01-04,19:02:27,CUST311,P030,Chocolate,3,5.09,STORE04
T1695,2024-01-04,19:02:27,CUST311,P040,Soda,3,3.18,STORE04
T1696,2024-03-08,20:56:02,CUST015,P023,Salt,2,1.5,STORE03
T1696,2024-03-08,20:56:02,CUST015,P001,Bread,2,2.89,STORE03
T1697,2024-01-15,14:54:14,CUST017,P049,Tissues,3,5.3,STORE03
T1697,2024-01-15,14:54:14,CUST017,P020,Coffee,1,8.71,STORE03
T1697,2024-01-15,14:54:14,CUST017,P045,Detergent,4,7.42,STORE03
T1697,2024-01-15,14:54:14,CUST017,P033,Soup,3,3.28,STORE03
T1697,2024-01-15,14:54:14,CUST017,P009,Fish,3,10.13,STORE03
T1698,2024-01-08,08:05:13,CUST360,P004,Butter,4,6.02,STORE05
T1698,2024-01-08,08:05:13,CUST360,P006,Yogurt,2,2.18,STORE05
T1698,2024-01-08,08:05:13,CUST360,P001,Bread,4,3.21,STORE05
T1698,2024-01-08,08:05:13,CUST360,P019,Cereal,3,5.05,STORE05
T1699,2024-02-26,11:48:13,CUST093,P048,Soap,3,3.19,STORE05
T1699,2024-02-26,11:48:13,CUST093,P050,Paper_Towels,3,7.02,STORE05
T1699,2024-02-26,11:48:13,CUST093,P003,Eggs,3,5.42,STORE05
T1699,2024-02-26,11:48:13,CUST093,P012,Tomatoes,5,2.85,STORE05
T1700,2024-03-30,12:15:21,CUST138,P020,Coffee,2,7.2,STORE05
T1700,2024-03-30,12:15:21,CUST138,P035,Peanut_Butter,4,5.31,STORE05
T1700,2024-03-30,12:15:21,CUST138,P036,Jam,1,3.95,STORE05
T1701,2024-02-25,16:34:02,CUST002,P047,Toothpaste,5,4.14,STORE05
T1701,2024-02-25,16:34:02,CUST002,P004,Butter,1,5.07,STORE05
T1701,2024-02-25,16:34:02,CUST002,P030,Chocolate,1,4.75,STORE05
T1701,2024-02-25,16:34:02,CUST002,P015,Carrots,3,1.71,STORE05
T1701,2024-02-25,16:34:02,CUST002,P046,Shampoo,1,5.71,STORE05
T1702,2024-02-23,21:21:48,CUST246,P035,Peanut_Butter,4,4.74,STORE02
T1702,2024-02-23,21:21:48,CUST246,P039,Chips,4,4.15,STORE02
T1702,2024-02-23,21:21:48,CUST246,P041,Juice,2,3.92,STORE02
T1702,2024-02-23,21:21:48,CUST246,P015,Carrots,5,1.85,STORE02
T1703,2024-01-14,20:44:49,CUST009,P023,Salt,5,1.58,STORE03
T1703,2024-01-14,20:44:49,CUST009,P046,Shampoo,3,6.16,STORE03
T1703,2024-01-14,20:44:49,CUST009,P042,Water,3,1.94,STORE03
T1704,2024-01-06,08:44:56,CUST070,P042,Water,1,1.96,STORE03
T1704,2024-01-06,08:44:56,CUST070,P029,Vanilla,2,4.33,STORE03
T1704,2024-01-06,08:44:56,CUST070,P024,Pepper,3,3.03,STORE03
T1704,2024-01-06,08:44:56,CUST070,P032,Frozen_Pizza,4,6.31,STORE03
T1704,2024-01-06,08:44:56,CUST070,P007,Chicken,2,9.83,STORE03
T1705,2024-02-13,21:43:29,CUST076,P023,Salt,1,1.52,STORE03
T1705,2024-02-13,21:43:29,CUST076,P010,Rice,2,3.88,STORE03
T1705,2024-02-13,21:43:29,CUST076,P030,Chocolate,2,4.63,STORE03
T1706,2024-03-08,21:55:41,CUST042,P004,Butter,3,5.68,STORE04
T1706,2024-03-08,21:55:41,CUST042,P030,Chocolate,5,5.42,STORE04
T1707,2024-03-19,09:25:21,CUST263,P042,Water,5,1.85,STORE03
T1707,2024-03-19,09:25:21,CUST263,P002,Milk,1,3.38,STORE03
T1707,2024-03-19,09:25:21,CUST263,P008,Beef,1,13.16,STORE03
T1707,2024-03-19,09:25:21,CUST263,P028,Baking_Powder,2,1.91,STORE03
T1708,2024-03-17,16:09:17,CUST089,P001,Bread,3,2.87,STORE03
T1708,2024-03-17,16:09:17,CUST089,P008,Beef,5,13.37,STORE03
T1708,2024-03-17,16:09:17,CUST089,P044,Wine,5,13.39,STORE03
T1708,2024-03-17,16:09:17,CUST089,P012,Tomatoes,1,3.25,STORE03
T1708,2024-03-17,16:09:17,CUST089,P048,Soap,2,2.99,STORE03
T1709,2024-02-24,21:55:18,CUST490,P010,Rice,4,4.23,STORE01
T1709,2024-02-24,21:55:18,CUST490,P009,Fish,3,9.57,STORE01
T1710,2024-01-19,08:56:11,CUST147,P013,Onions,5,2.07,STORE03
T1710,2024-01-19,08:56:11,CUST147,P011,Pasta,2,2.54,STORE03
T1710,2024-01-19,08:56:11,CUST147,P015,Carrots,4,1.82,STORE03
T1710,2024-01-19,08:56:11,CUST147,P037,Honey,2,5.95,STORE03
T1711,2024-03-26,19:40:18,CUST251,P017,Bananas,2,2.01,STORE05
T1711,2024-03-26,19:40:18,CUST251,P024,Pepper,5,2.88,STORE05
T1711,2024-03-26,19:40:18,CUST251,P044,Wine,3,13.77,STORE05
T1712,2024-01-09,21:24:39,CUST100,P034,Crackers,1,3.28,STORE03
T1712,2024-01-09,21:24:39,CUST100,P019,Cereal,5,4.53,STORE03
T1712,2024-01-09,21:24:39,CUST100,P016,Apples,5,3.94,STORE03
T1712,2024-01-09,21:24:39,CUST100,P041,Juice,3,4.14,STORE03
T1712,2024-01-09,21:24:39,CUST100,P022,Sugar,3,2.87,STORE03
T1713,2024-01-12,15:53:48,CUST257,P041,Juice,5,3.62,STORE05
T1713,2024-01-12,15:53:48,CUST257,P028,Baking_Powder,1,2.18,STORE05
T1713,2024-01-12,15:53:48,CUST257,P030,Chocolate,1,5.39,STORE05
T1713,2024-01-12,15:53:48,CUST257,P014,Potatoes,4,2.51,STORE05
T1713,2024-01-12,15:53:48,CUST257,P046,Shampoo,3,6.44,STORE05
T1714,2024-01-08,14:14:48,CUST301,P010,Rice,5,4.26,STORE03
T1714,2024-01-08,14:14:48,CUST301,P007,Chicken,2,8.62,STORE03
T1714,2024-01-08,14:14:48,CUST301,P014,Potatoes,1,2.71,STORE03
T1714,2024-01-08,14:14:48,CUST301,P012,Tomatoes,1,2.81,STORE03
T1715,2024-03-04,19:40:47,CUST448,P049,Tissues,2,5.33,STORE05
T1715,2024-03-04,19:40:47,CUST448,P032,Frozen_Pizza,1,7.43,STORE05
T1715,2024-03-04,19:40:47,CUST448,P022,Sugar,5,2.99,STORE05
T1716,2024-01-06,09:46:51,CUST298,P048,Soap,1,2.86,STORE05
T1716,2024-01-06,09:46:51,CUST298,P026,Vinegar,1,2.43,STORE05
T1716,2024-01-06,09:46:51,CUST298,P038,Nuts,3,7.05,STORE05
T1717,2024-02-08,18:33:14,CUST166,P004,Butter,1,5.25,STORE01
T1717,2024-02-08,18:33:14,CUST166,P015,Carrots,1,1.72,STORE01
T1717,2024-02-08,18:33:14,CUST166,P006,Yogurt,2,2.11,STORE01
T1718,2024-03-21,20:05:35,CUST335,P019,Cereal,1,5.17,STORE05
T1718,2024-03-21,20:05:35,CUST335,P002,Milk,2,3.68,STORE05
T1718,2024-03-21,20:05:35,CUST335,P018,Oranges,2,4.71,STORE05
T1718,2024-03-21,20:05:35,CUST335,P047,Toothpaste,5,4.25,STORE05
T1718,2024-03-21,20:05:35,CUST335,P017,Bananas,4,1.84,STORE05
T1719,2024-02-17,09:44:58,CUST151,P002,Milk,4,3.3,STORE03
T1719,2024-02-17,09:44:58,CUST151,P001,Bread,2,2.74,STORE03
T1719,2024-02-17,09:44:58,CUST151,P047,Toothpaste,2,3.8,STORE03
T1719,2024-02-17,09:44:58,CUST151,P004,Butter,2,5.11,STORE03
T1719,2024-02-17,09:44:58,CUST151,P036,Jam,2,3.92,STORE03
T1720,2024-02-07,11:49:27,CUST054,P047,Toothpaste,5,3.73,STORE03
T1720,2024-02-07,11:49:27,CUST054,P026,Vinegar,3,2.47,STORE03
T1720,2024-02-07,11:49:27,CUST054,P028,Baking_Powder,3,1.99,STORE03
T1720,2024-02-07,11:49:27,CUST054,P020,Coffee,1,8.32,STORE03
T1721,2024-02-29,08:50:00,CUST379,P041,Juice,2,3.64,STORE02
T1721,2024-02-29,08:50:00,CUST379,P008,Beef,1,14.04,STORE02
T1722,2024-02-18,11:05:34,CUST458,P040,Soda,2,2.81,STORE01
T1722,2024-02-18,11:05:34,CUST458,P043,Beer,1,9.83,STORE01
T1722,2024-02-18,11:05:34,CUST458,P032,Frozen_Pizza,2,6.77,STORE01
T1722,2024-02-18,11:05:34,CUST458,P045,Detergent,1,7.63,STORE01
T1723,2024-01-19,11:29:32,CUST361,P013,Onions,2,2.13,STORE05
T1723,2024-01-19,11:29:32,CUST361,P043,Beer,1,8.14,STORE05
T1724,2024-01-02,18:13:51,CUST295,P039,Chips,2,4.05,STORE02
T1724,2024-01-02,18:13:51,CUST295,P033,Soup,3,3.02,STORE02
T1725,2024-02-27,19:58:13,CUST462,P031,Ice_Cream,3,6.44,STORE05
T1725,2024-02-27,19:58:13,CUST462,P003,Eggs,2,4.49,STORE05
T1725,2024-02-27,19:58:13,CUST462,P022,Sugar,5,3.1,STORE05
T1726,2024-01-30,08:22:12,CUST130,P039,Chips,5,4.19,STORE03
T1726,2024-01-30,08:22:12,CUST130,P025,Oil,3,5.12,STORE03
T1727,2024-02-13,15:22:47,CUST105,P024,Pepper,2,2.94,STORE02
T1727,2024-02-13,15:22:47,CUST105,P028,Baking_Powder,4,2.04,STORE02
T1728,2024-03-27,08:28:59,CUST432,P047,Toothpaste,3,3.65,STORE01
T1728,2024-03-27,08:28:59,CUST432,P046,Shampoo,2,5.41,STORE01
T1729,2024-01-15,12:25:47,CUST002,P039,Chips,1,4.13,STORE02
T1729,2024-01-15,12:25:47,CUST002,P025,Oil,5,4.7,STORE02
T1729,2024-01-15,12:25:47,CUST002,P027,Flour,2,3.4,STORE02
T1729,2024-01-15,12:25:47,CUST002,P040,Soda,4,2.94,STORE02
T1729,2024-01-15,12:25:47,CUST002,P043,Beer,3,9.35,STORE02
T1730,2024-03-27,14:43:07,CUST050,P035,Peanut_Butter,4,5.38,STORE05
T1730,2024-03-27,14:43:07,CUST050,P031,Ice_Cream,1,6.11,STORE05
T1730,2024-03-27,14:43:07,CUST050,P030,Chocolate,2,4.57,STORE05
T1731,2024-01-12,10:56:11,CUST122,P034,Crackers,4,3.57,STORE01
T1731,2024-01-12,10:56:11,CUST122,P013,Onions,1,1.84,STORE01
T1732,2024-03-24,19:40:10,CUST096,P039,Chips,1,3.59,STORE04
T1732,2024-03-24,19:40:10,CUST096,P022,Sugar,5,2.94,STORE04
T1732,2024-03-24,19:40:10,CUST096,P040,Soda,3,3.1,STORE04
T1732,2024-03-24,19:40:10,CUST096,P013,Onions,4,2.04,STORE04
T1732,2024-03-24,19:40:10,CUST096,P043,Beer,5,8.69,STORE04
T1733,2024-03-13,10:39:13,CUST403,P047,Toothpaste,1,4.03,STORE04
T1733,2024-03-13,10:39:13,CUST403,P003,Eggs,2,5.36,STORE04
T1733,2024-03-13,10:39:13,CUST403,P018,Oranges,4,4.6,STORE04
T1734,2024-01-17,20:47:47,CUST352,P042,Water,2,2.08,STORE05
T1734,2024-01-17,20:47:47,CUST352,P008,Beef,4,13.25,STORE05
T1734,2024-01-17,20:47:47,CUST352,P030,Chocolate,5,5.05,STORE05
T1734,2024-01-17,20:47:47,CUST352,P037,Honey,4,5.76,STORE05
T1734,2024-01-17,20:47:47,CUST352,P005,Cheese,5,6.39,STORE05
T1735,2024-03-18,13:01:29,CUST405,P017,Bananas,2,1.81,STORE02
T1735,2024-03-18,13:01:29,CUST405,P037,Honey,2,6.44,STORE02
T1735,2024-03-18,13:01:29,CUST405,P001,Bread,3,2.97,STORE02
T1736,2024-01-01,14:27:31,CUST397,P038,Nuts,5,6.48,STORE01
T1736,2024-01-01,14:27:31,CUST397,P007,Chicken,4,8.9,STORE01
T1736,2024-01-01,14:27:31,CUST397,P018,Oranges,4,4.06,STORE01
T1737,2024-02-18,11:37:46,CUST470,P019,Cereal,1,4.86,STORE03
T1737,2024-02-18,11:37:46,CUST470,P011,Pasta,4,2.68,STORE03
T1737,2024-02-18,11:37:46,CUST470,P028,Baking_Powder,1,1.88,STORE03
T1737,2024-02-18,11:37:46,CUST470,P015,Carrots,4,1.81,STORE03
T1737,2024-02-18,11:37:46,CUST470,P050,Paper_Towels,2,6.58,STORE03
T1738,2024-03-27,18:45:00,CUST222,P021,Tea,3,3.86,STORE05
T1738,2024-03-27,18:45:00,CUST222,P005,Cheese,5,6.77,STORE05
T1739,2024-02-24,17:48:34,CUST310,P009,Fish,5,10.02,STORE05
T1739,2024-02-24,17:48:34,CUST310,P029,Vanilla,3,4.09,STORE05
T1739,2024-02-24,17:48:34,CUST310,P018,Oranges,5,4.75,STORE05
T1739,2024-02-24,17:48:34,CUST310,P014,Potatoes,2,2.31,STORE05
T1740,2024-03-27,12:43:49,CUST107,P043,Beer,3,8.74,STORE04
T1740,2024-03-27,12:43:49,CUST107,P039,Chips,2,4.04,STORE04
T1740,2024-03-27,12:43:49,CUST107,P038,Nuts,5,6.52,STORE04
T1740,2024-03-27,12:43:49,CUST107,P040,Soda,1,2.99,STORE04
T1741,2024-03-18,17:12:08,CUST444,P040,Soda,2,2.82,STORE05
T1741,2024-03-18,17:12:08,CUST444,P015,Carrots,5,1.67,STORE05
T1742,2024-01-30,09:32:46,CUST096,P024,Pepper,2,2.86,STORE01
T1742,2024-01-30,09:32:46,CUST096,P043,Beer,3,8.61,STORE01
T1742,2024-01-30,09:32:46,CUST096,P014,Potatoes,5,2.59,STORE01
T1742,2024-01-30,09:32:46,CUST096,P012,Tomatoes,4,3.09,STORE01
T1743,2024-02-25,11:45:18,CUST248,P027,Flour,2,3.58,STORE02
T1743,2024-02-25,11:45:18,CUST248,P004,Butter,2,5.21,STORE02
T1743,2024-02-25,11:45:18,CUST248,P013,Onions,3,2.13,STORE02
T1743,2024-02-25,11:45:18,CUST248,P003,Eggs,5,5.22,STORE02
T1744,2024-03-18,20:46:59,CUST450,P027,Flour,2,3.79,STORE01
T1744,2024-03-18,20:46:59,CUST450,P006,Yogurt,4,1.8,STORE01
T1744,2024-03-18,20:46:59,CUST450,P007,Chicken,4,9.17,STORE01
T1744,2024-03-18,20:46:59,CUST450,P014,Potatoes,3,2.36,STORE01
T1745,2024-02-14,17:20:42,CUST122,P035,Peanut_Butter,2,4.97,STORE01
T1745,2024-02-14,17:20:42,CUST122,P010,Rice,2,3.96,STORE01
T1745,2024-02-14,17:20:42,CUST122,P014,Potatoes,3,2.67,STORE01
T1746,2024-01-27,15:13:40,CUST027,P016,Apples,2,3.72,STORE03
T1746,2024-01-27,15:13:40,CUST027,P021,Tea,4,3.64,STORE03
T1746,2024-01-27,15:13:40,CUST027,P027,Flour,5,3.62,STORE03
T1746,2024-01-27,15:13:40,CUST027,P004,Butter,5,5.45,STORE03
T1746,2024-01-27,15:13:40,CUST027,P032,Frozen_Pizza,4,7.2,STORE03
T1747,2024-03-07,21:03:32,CUST374,P004,Butter,3,5.09,STORE05
T1747,2024-03-07,21:03:32,CUST374,P029,Vanilla,5,4.11,STORE05
T1747,2024-03-07,21:03:32,CUST374,P008,Beef,5,12.33,STORE05
T1748,2024-02-26,12:56:08,CUST297,P010,Rice,5,3.88,STORE04
T1748,2024-02-26,12:56:08,CUST297,P029,Vanilla,1,3.66,STORE04
T1748,2024-02-26,12:56:08,CUST297,P028,Baking_Powder,4,2.1,STORE04
T1748,2024-02-26,12:56:08,CUST297,P043,Beer,1,8.56,STORE04
T1748,2024-02-26,12:56:08,CUST297,P046,Shampoo,5,6.51,STORE04
T1749,2024-01-10,16:43:55,CUST330,P038,Nuts,5,6.31,STORE05
T1749,2024-01-10,16:43:55,CUST330,P032,Frozen_Pizza,4,6.68,STORE05
T1749,2024-01-10,16:43:55,CUST330,P029,Vanilla,4,4.33,STORE05
T1750,2024-03-18,16:31:40,CUST338,P029,Vanilla,1,3.86,STORE01
T1750,2024-03-18,16:31:40,CUST338,P047,Toothpaste,2,3.87,STORE01
T1750,2024-03-18,16:31:40,CUST338,P043,Beer,4,8.98,STORE01
T1750,2024-03-18,16:31:40,CUST338,P044,Wine,1,13.52,STORE01
T1750,2024-03-18,16:31:40,CUST338,P009,Fish,5,10.75,STORE01
T1751,2024-01-30,20:46:02,CUST460,P030,Chocolate,3,4.59,STORE03
T1751,2024-01-30,20:46:02,CUST460,P018,Oranges,3,4.63,STORE03
T1751,2024-01-30,20:46:02,CUST460,P005,Cheese,3,7.38,STORE03
T1752,2024-01-23,14:09:52,CUST069,P041,Juice,2,4.15,STORE02
T1752,2024-01-23,14:09:52,CUST069,P014,Potatoes,3,2.64,STORE02
T1752,2024-01-23,14:09:52,CUST069,P036,Jam,4,3.88,STORE02
T1753,2024-03-13,10:24:17,CUST328,P002,Milk,4,3.78,STORE03
T1753,2024-03-13,10:24:17,CUST328,P046,Shampoo,2,6.19,STORE03
T1753,2024-03-13,10:24:17,CUST328,P036,Jam,5,3.74,STORE03
T1753,2024-03-13,10:24:17,CUST328,P001,Bread,5,3.04,STORE03
T1754,2024-03-02,17:47:06,CUST458,P050,Paper_Towels,5,7.03,STORE05
T1754,2024-03-02,17:47:06,CUST458,P025,Oil,3,5.27,STORE05
T1754,2024-03-02,17:47:06,CUST458,P016,Apples,5,3.61,STORE05
T1754,2024-03-02,17:47:06,CUST458,P028,Baking_Powder,4,2.0,STORE05
T1755,2024-03-12,17:28:43,CUST127,P047,Toothpaste,2,4.21,STORE04
T1755,2024-03-12,17:28:43,CUST127,P003,Eggs,3,4.85,STORE04
T1755,2024-03-12,17:28:43,CUST127,P027,Flour,5,3.19,STORE04
T1755,2024-03-12,17:28:43,CUST127,P032,Frozen_Pizza,3,6.74,STORE04
T1756,2024-03-10,11:06:44,CUST103,P042,Water,4,2.04,STORE04
T1756,2024-03-10,11:06:44,CUST103,P050,Paper_Towels,3,7.58,STORE04
T1757,2024-03-03,10:15:20,CUST077,P010,Rice,4,4.25,STORE01
T1757,2024-03-03,10:15:20,CUST077,P007,Chicken,2,9.28,STORE01
T1757,2024-03-03,10:15:20,CUST077,P012,Tomatoes,5,2.75,STORE01
T1758,2024-02-25,11:39:06,CUST144,P017,Bananas,2,2.06,STORE04
T1758,2024-02-25,11:39:06,CUST144,P011,Pasta,2,2.72,STORE04
T1758,2024-02-25,11:39:06,CUST144,P032,Frozen_Pizza,1,6.3,STORE04
T1759,2024-02-12,21:27:13,CUST111,P047,Toothpaste,4,4.15,STORE02
T1759,2024-02-12,21:27:13,CUST111,P014,Potatoes,3,2.67,STORE02
T1760,2024-03-09,14:38:10,CUST244,P034,Crackers,1,3.77,STORE04
T1760,2024-03-09,14:38:10,CUST244,P006,Yogurt,2,1.88,STORE04
T1760,2024-03-09,14:38:10,CUST244,P043,Beer,3,8.47,STORE04
T1760,2024-03-09,14:38:10,CUST244,P002,Milk,4,3.49,STORE04
T1761,2024-03-15,09:01:47,CUST107,P010,Rice,4,3.98,STORE01
T1761,2024-03-15,09:01:47,CUST107,P040,Soda,3,3.15,STORE01
T1761,2024-03-15,09:01:47,CUST107,P035,Peanut_Butter,4,5.26,STORE01
T1761,2024-03-15,09:01:47,CUST107,P037,Honey,4,5.9,STORE01
T1762,2024-02-14,20:00:31,CUST138,P048,Soap,3,3.08,STORE04
T1762,2024-02-14,20:00:31,CUST138,P013,Onions,2,2.05,STORE04
T1762,2024-02-14,20:00:31,CUST138,P028,Baking_Powder,3,2.14,STORE04
T1763,2024-02-01,20:59:47,CUST090,P047,Toothpaste,3,4.27,STORE04
T1763,2024-02-01,20:59:47,CUST090,P026,Vinegar,3,2.67,STORE04
T1763,2024-02-01,20:59:47,CUST090,P013,Onions,3,1.86,STORE04
T1763,2024-02-01,20:59:47,CUST090,P037,Honey,1,6.36,STORE04
T1764,2024-03-04,19:22:07,CUST193,P023,Salt,1,1.48,STORE03
T1764,2024-03-04,19:22:07,CUST193,P039,Chips,1,4.27,STORE03
T1764,2024-03-04,19:22:07,CUST193,P044,Wine,1,12.79,STORE03
T1765,2024-01-15,14:36:47,CUST312,P047,Toothpaste,4,3.92,STORE02
T1765,2024-01-15,14:36:47,CUST312,P013,Onions,2,1.91,STORE02
T1765,2024-01-15,14:36:47,CUST312,P025,Oil,1,4.55,STORE02
T1766,2024-03-03,20:42:51,CUST116,P013,Onions,4,2.05,STORE01
T1766,2024-03-03,20:42:51,CUST116,P014,Potatoes,5,2.25,STORE01
T1766,2024-03-03,20:42:51,CUST116,P033,Soup,5,3.23,STORE01
T1767,2024-03-12,21:20:14,CUST161,P047,Toothpaste,5,3.69,STORE05
T1767,2024-03-12,21:20:14,CUST161,P046,Shampoo,2,6.55,STORE05
T1767,2024-03-12,21:20:14,CUST161,P024,Pepper,3,3.26,STORE05
T1767,2024-03-12,21:20:14,CUST161,P030,Chocolate,5,5.11,STORE05
T1768,2024-01-19,09:10:18,CUST407,P023,Salt,2,1.38,STORE01
T1768,2024-01-19,09:10:18,CUST407,P043,Beer,5,9.75,STORE01
T1768,2024-01-19,09:10:18,CUST407,P011,Pasta,4,2.28,STORE01
T1769,2024-02-12,13:44:54,CUST330,P004,Butter,3,5.82,STORE05
T1769,2024-02-12,13:44:54,CUST330,P003,Eggs,1,5.47,STORE05
T1769,2024-02-12,13:44:54,CUST330,P010,Rice,4,3.6,STORE05
T1770,2024-01-10,17:52:44,CUST097,P035,Peanut_Butter,5,4.59,STORE02
T1770,2024-01-10,17:52:44,CUST097,P022,Sugar,2,2.71,STORE02
T1770,2024-01-10,17:52:44,CUST097,P033,Soup,2,3.14,STORE02
T1771,2024-02-16,11:19:09,CUST359,P010,Rice,1,4.32,STORE01
T1771,2024-02-16,11:19:09,CUST359,P039,Chips,5,4.26,STORE01
T1771,2024-02-16,11:19:09,CUST359,P024,Pepper,2,2.88,STORE01
T1772,2024-01-23,14:38:10,CUST427,P020,Coffee,1,7.38,STORE01
T1772,2024-01-23,14:38:10,CUST427,P005,Cheese,1,7.4,STORE01
T1772,2024-01-23,14:38:10,CUST427,P002,Milk,4,3.78,STORE01
T1772,2024-01-23,14:38:10,CUST427,P022,Sugar,1,3.09,STORE01
T1773,2024-01-29,19:57:44,CUST135,P046,Shampoo,5,6.3,STORE02
T1773,2024-01-29,19:57:44,CUST135,P041,Juice,5,3.91,STORE02
T1774,2024-03-28,20:04:42,CUST105,P019,Cereal,1,5.05,STORE04
T1774,2024-03-28,20:04:42,CUST105,P002,Milk,4,3.18,STORE04
T1775,2024-03-01,15:22:54,CUST428,P042,Water,4,1.89,STORE03
T1775,2024-03-01,15:22:54,CUST428,P048,Soap,1,2.92,STORE03
T1775,2024-03-01,15:22:54,CUST428,P044,Wine,2,12.57,STORE03
T1776,2024-03-18,15:23:07,CUST162,P023,Salt,1,1.49,STORE05
T1776,2024-03-18,15:23:07,CUST162,P037,Honey,5,6.04,STORE05
T1777,2024-03-27,08:18:28,CUST003,P002,Milk,5,3.44,STORE04
T1777,2024-03-27,08:18:28,CUST003,P040,Soda,4,3.11,STORE04
T1777,2024-03-27,08:18:28,CUST003,P001,Bread,2,2.85,STORE04
T1777,2024-03-27,08:18:28,CUST003,P020,Coffee,1,7.86,STORE04
T1778,2024-03-14,13:47:54,CUST285,P048,Soap,5,2.98,STORE04
T1778,2024-03-14,13:47:54,CUST285,P011,Pasta,4,2.39,STORE04
T1778,2024-03-14,13:47:54,CUST285,P022,Sugar,4,2.73,STORE04
T1778,2024-03-14,13:47:54,CUST285,P028,Baking_Powder,2,1.95,STORE04
T1779,2024-03-16,18:36:54,CUST339,P016,Apples,1,3.63,STORE04
T1779,2024-03-16,18:36:54,CUST339,P041,Juice,3,3.85,STORE04
T1779,2024-03-16,18:36:54,CUST339,P018,Oranges,2,4.11,STORE04
T1779,2024-03-16,18:36:54,CUST339,P026,Vinegar,5,2.74,STORE04
T1779,2024-03-16,18:36:54,CUST339,P014,Potatoes,5,2.4,STORE04
T1780,2024-02-25,21:58:47,CUST316,P009,Fish,5,9.57,STORE05
T1780,2024-02-25,21:58:47,CUST316,P046,Shampoo,4,5.83,STORE05
T1780,2024-02-25,21:58:47,CUST316,P012,Tomatoes,2,2.75,STORE05
T1781,2024-01-29,21:03:44,CUST222,P032,Frozen_Pizza,5,7.57,STORE01
T1781,2024-01-29,21:03:44,CUST222,P028,Baking_Powder,3,2.18,STORE01
T1782,2024-03-05,20:13:53,CUST129,P002,Milk,2,3.44,STORE03
T1782,2024-03-05,20:13:53,CUST129,P016,Apples,1,3.84,STORE03
T1782,2024-03-05,20:13:53,CUST129,P019,Cereal,3,5.15,STORE03
T1782,2024-03-05,20:13:53,CUST129,P001,Bread,5,2.76,STORE03
T1782,2024-03-05,20:13:53,CUST129,P030,Chocolate,2,4.68,STORE03
T1783,2024-02-22,18:38:26,CUST049,P024,Pepper,4,2.75,STORE03
T1783,2024-02-22,18:38:26,CUST049,P013,Onions,2,2.01,STORE03
T1783,2024-02-22,18:38:26,CUST049,P032,Frozen_Pizza,4,7.39,STORE03
T1783,2024-02-22,18:38:26,CUST049,P045,Detergent,5,8.58,STORE03
T1783,2024-02-22,18:38:26,CUST049,P005,Cheese,3,7.31,STORE03
T1784,2024-02-15,19:16:29,CUST165,P008,Beef,2,13.78,STORE02
T1784,2024-02-15,19:16:29,CUST165,P014,Potatoes,5,2.5,STORE02
T1785,2024-02-03,11:25:29,CUST383,P002,Milk,4,3.83,STORE05
T1785,2024-02-03,11:25:29,CUST383,P015,Carrots,3,1.95,STORE05
T1785,2024-02-03,11:25:29,CUST383,P030,Chocolate,3,5.0,STORE05
T1786,2024-01-13,15:04:35,CUST013,P023,Salt,5,1.53,STORE03
T1786,2024-01-13,15:04:35,CUST013,P024,Pepper,4,3.14,STORE03
T1787,2024-03-03,21:10:13,CUST465,P006,Yogurt,5,2.1,STORE03
T1787,2024-03-03,21:10:13,CUST465,P003,Eggs,5,4.77,STORE03
T1787,2024-03-03,21:10:13,CUST465,P026,Vinegar,2,2.56,STORE03
T1787,2024-03-03,21:10:13,CUST465,P022,Sugar,1,3.07,STORE03
T1787,2024-03-03,21:10:13,CUST465,P044,Wine,1,12.82,STORE03
T1788,2024-01-12,11:31:59,CUST085,P024,Pepper,2,3.08,STORE04
T1788,2024-01-12,11:31:59,CUST085,P008,Beef,1,12.07,STORE04
T1789,2024-01-10,19:45:18,CUST355,P004,Butter,2,5.54,STORE01
T1789,2024-01-10,19:45:18,CUST355,P001,Bread,4,2.9,STORE01
T1790,2024-01-03,19:24:30,CUST053,P023,Salt,4,1.38,STORE02
T1790,2024-01-03,19:24:30,CUST053,P047,Toothpaste,2,4.06,STORE02
T1790,2024-01-03,19:24:30,CUST053,P007,Chicken,3,9.45,STORE02
T1791,2024-02-20,10:45:42,CUST019,P013,Onions,5,2.14,STORE02
T1791,2024-02-20,10:45:42,CUST019,P030,Chocolate,5,5.1,STORE02
T1792,2024-02-12,18:16:47,CUST428,P040,Soda,5,2.82,STORE01
T1792,2024-02-12,18:16:47,CUST428,P049,Tissues,4,4.95,STORE01
T1792,2024-02-12,18:16:47,CUST428,P045,Detergent,2,7.51,STORE01
T1793,2024-03-25,16:59:32,CUST470,P010,Rice,4,4.36,STORE01
T1793,2024-03-25,16:59:32,CUST470,P016,Apples,2,3.9,STORE01
T1793,2024-03-25,16:59:32,CUST470,P040,Soda,3,2.87,STORE01
T1794,2024-03-20,08:20:36,CUST382,P027,Flour,2,3.49,STORE03
T1794,2024-03-20,08:20:36,CUST382,P006,Yogurt,1,2.08,STORE03
T1794,2024-03-20,08:20:36,CUST382,P016,Apples,2,4.38,STORE03
T1794,2024-03-20,08:20:36,CUST382,P011,Pasta,5,2.32,STORE03
T1795,2024-01-10,18:03:25,CUST089,P002,Milk,4,3.25,STORE01
T1795,2024-01-10,18:03:25,CUST089,P001,Bread,3,3.04,STORE01
T1795,2024-01-10,18:03:25,CUST089,P035,Peanut_Butter,4,4.89,STORE01
T1795,2024-01-10,18:03:25,CUST089,P004,Butter,2,5.48,STORE01
T1795,2024-01-10,18:03:25,CUST089,P012,Tomatoes,1,2.86,STORE01
T1796,2024-02-20,17:55:59,CUST282,P030,Chocolate,4,4.78,STORE01
T1796,2024-02-20,17:55:59,CUST282,P036,Jam,3,4.2,STORE01
T1797,2024-02-20,16:30:57,CUST002,P047,Toothpaste,2,3.85,STORE02
T1797,2024-02-20,16:30:57,CUST002,P048,Soap,1,2.95,STORE02
T1797,2024-02-20,16:30:57,CUST002,P045,Detergent,5,8.44,STORE02
T1797,2024-02-20,16:30:57,CUST002,P013,Onions,5,1.87,STORE02
T1798,2024-03-12,13:03:29,CUST261,P011,Pasta,5,2.49,STORE03
T1798,2024-03-12,13:03:29,CUST261,P015,Carrots,5,1.75,STORE03
T1798,2024-03-12,13:03:29,CUST261,P005,Cheese,3,7.18,STORE03
T1799,2024-03-23,15:22:28,CUST052,P031,Ice_Cream,1,5.83,STORE03
T1799,2024-03-23,15:22:28,CUST052,P046,Shampoo,3,5.79,STORE03
T1799,2024-03-23,15:22:28,CUST052,P005,Cheese,2,7.54,STORE03
T1799,2024-03-23,15:22:28,CUST052,P020,Coffee,5,8.17,STORE03
T1800,2024-01-01,08:15:42,CUST340,P049,Tissues,2,5.27,STORE03
T1800,2024-01-01,08:15:42,CUST340,P030,Chocolate,3,5.07,STORE03
T1800,2024-01-01,08:15:42,CUST340,P028,Baking_Powder,2,1.97,STORE03
T1801,2024-02-06,18:40:34,CUST204,P026,Vinegar,5,2.5,STORE02
T1801,2024-02-06,18:40:34,CUST204,P003,Eggs,2,4.8,STORE02
T1801,2024-02-06,18:40:34,CUST204,P001,Bread,1,2.74,STORE02
T1801,2024-02-06,18:40:34,CUST204,P033,Soup,2,3.05,STORE02
T1802,2024-02-29,08:19:17,CUST245,P042,Water,4,1.84,STORE04
T1802,2024-02-29,08:19:17,CUST245,P047,Toothpaste,1,4.18,STORE04
T1802,2024-02-29,08:19:17,CUST245,P017,Bananas,5,2.1,STORE04
T1802,2024-02-29,08:19:17,CUST245,P029,Vanilla,5,4.28,STORE04
T1803,2024-02-08,09:23:07,CUST286,P017,Bananas,3,2.09,STORE05
T1803,2024-02-08,09:23:07,CUST286,P021,Tea,3,4.05,STORE05
T1803,2024-02-08,09:23:07,CUST286,P018,Oranges,2,4.77,STORE05
T1804,2024-01-15,15:41:26,CUST124,P034,Crackers,1,3.62,STORE02
T1804,2024-01-15,15:41:26,CUST124,P006,Yogurt,3,2.14,STORE02
T1804,2024-01-15,15:41:26,CUST124,P035,Peanut_Butter,3,4.62,STORE02
T1804,2024-01-15,15:41:26,CUST124,P047,Toothpaste,2,4.09,STORE02
T1804,2024-01-15,15:41:26,CUST124,P014,Potatoes,3,2.7,STORE02
T1805,2024-02-16,15:07:23,CUST342,P034,Crackers,1,3.42,STORE04
T1805,2024-02-16,15:07:23,CUST342,P035,Peanut_Butter,1,4.92,STORE04
T1805,2024-02-16,15:07:23,CUST342,P028,Baking_Powder,2,1.91,STORE04
T1805,2024-02-16,15:07:23,CUST342,P040,Soda,4,3.17,STORE04
T1805,2024-02-16,15:07:23,CUST342,P007,Chicken,2,8.14,STORE04
T1806,2024-01-05,15:03:02,CUST010,P010,Rice,2,4.02,STORE01
T1806,2024-01-05,15:03:02,CUST010,P040,Soda,1,3.15,STORE01
T1806,2024-01-05,15:03:02,CUST010,P039,Chips,1,4.08,STORE01
T1806,2024-01-05,15:03:02,CUST010,P028,Baking_Powder,4,1.91,STORE01
T1807,2024-01-17,19:18:45,CUST195,P047,Toothpaste,4,4.09,STORE03
T1807,2024-01-17,19:18:45,CUST195,P010,Rice,4,3.83,STORE03
T1807,2024-01-17,19:18:45,CUST195,P016,Apples,4,4.14,STORE03
T1807,2024-01-17,19:18:45,CUST195,P050,Paper_Towels,4,6.61,STORE03
T1808,2024-03-23,13:45:13,CUST126,P002,Milk,5,3.61,STORE05
T1808,2024-03-23,13:45:13,CUST126,P036,Jam,2,4.14,STORE05
T1808,2024-03-23,13:45:13,CUST126,P016,Apples,3,4.07,STORE05
T1808,2024-03-23,13:45:13,CUST126,P001,Bread,1,2.76,STORE05
T1809,2024-02-02,20:51:38,CUST492,P010,Rice,1,3.73,STORE05
T1809,2024-02-02,20:51:38,CUST492,P039,Chips,1,3.72,STORE05
T1809,2024-02-02,20:51:38,CUST492,P008,Beef,4,13.83,STORE05
T1809,2024-02-02,20:51:38,CUST492,P013,Onions,4,1.82,STORE05
T1809,2024-02-02,20:51:38,CUST492,P014,Potatoes,1,2.3,STORE05
T1810,2024-02-29,18:43:45,CUST486,P023,Salt,4,1.61,STORE04
T1810,2024-02-29,18:43:45,CUST486,P006,Yogurt,3,1.86,STORE04
T1811,2024-01-19,15:12:17,CUST346,P044,Wine,1,12.47,STORE05
T1811,2024-01-19,15:12:17,CUST346,P012,Tomatoes,2,2.85,STORE05
T1812,2024-01-25,11:03:02,CUST263,P034,Crackers,4,3.63,STORE05
T1812,2024-01-25,11:03:02,CUST263,P002,Milk,3,3.41,STORE05
T1812,2024-01-25,11:03:02,CUST263,P020,Coffee,3,7.94,STORE05
T1812,2024-01-25,11:03:02,CUST263,P013,Onions,2,2.05,STORE05
T1812,2024-01-25,11:03:02,CUST263,P030,Chocolate,5,5.06,STORE05
T1813,2024-01-16,14:59:59,CUST146,P047,Toothpaste,1,3.93,STORE04
T1813,2024-01-16,14:59:59,CUST146,P031,Ice_Cream,4,5.39,STORE04
T1813,2024-01-16,14:59:59,CUST146,P029,Vanilla,1,4.07,STORE04
T1814,2024-02-04,11:58:43,CUST213,P042,Water,3,2.17,STORE02
T1814,2024-02-04,11:58:43,CUST213,P048,Soap,2,2.81,STORE02
T1814,2024-02-04,11:58:43,CUST213,P041,Juice,4,3.95,STORE02
T1815,2024-03-19,13:56:57,CUST036,P048,Soap,3,3.09,STORE01
T1815,2024-03-19,13:56:57,CUST036,P009,Fish,4,10.81,STORE01
T1815,2024-03-19,13:56:57,CUST036,P043,Beer,2,8.68,STORE01
T1816,2024-01-25,18:44:58,CUST034,P034,Crackers,5,3.62,STORE05
T1816,2024-01-25,18:44:58,CUST034,P002,Milk,4,3.25,STORE05
T1817,2024-02-20,10:44:58,CUST158,P039,Chips,5,4.28,STORE01
T1817,2024-02-20,10:44:58,CUST158,P042,Water,5,1.85,STORE01
T1817,2024-02-20,10:44:58,CUST158,P023,Salt,2,1.48,STORE01
T1817,2024-02-20,10:44:58,CUST158,P009,Fish,1,10.72,STORE01
T1817,2024-02-20,10:44:58,CUST158,P050,Paper_Towels,3,7.25,STORE01
T1818,2024-02-23,08:41:25,CUST392,P026,Vinegar,2,2.25,STORE05
T1818,2024-02-23,08:41:25,CUST392,P036,Jam,5,3.99,STORE05
T1819,2024-01-18,13:08:36,CUST090,P025,Oil,3,5.06,STORE03
T1819,2024-01-18,13:08:36,CUST090,P044,Wine,3,12.8,STORE03
T1820,2024-02-01,14:36:55,CUST202,P037,Honey,4,6.53,STORE05
T1820,2024-02-01,14:36:55,CUST202,P001,Bread,1,3.19,STORE05
T1821,2024-02-01,12:33:32,CUST180,P023,Salt,2,1.57,STORE02
T1821,2024-02-01,12:33:32,CUST180,P003,Eggs,1,4.68,STORE02
T1822,2024-03-11,12:58:35,CUST458,P029,Vanilla,3,4.02,STORE02
T1822,2024-03-11,12:58:35,CUST458,P040,Soda,1,3.23,STORE02
T1822,2024-03-11,12:58:35,CUST458,P030,Chocolate,5,5.34,STORE02
T1822,2024-03-11,12:58:35,CUST458,P012,Tomatoes,5,3.08,STORE02
T1822,2024-03-11,12:58:35,CUST458,P046,Shampoo,3,5.67,STORE02
T1823,2024-01-28,14:58:17,CUST284,P009,Fish,4,9.21,STORE05
T1823,2024-01-28,14:58:17,CUST284,P022,Sugar,4,3.22,STORE05
T1824,2024-02-22,12:31:16,CUST290,P013,Onions,3,1.94,STORE02
T1824,2024-02-22,12:31:16,CUST290,P012,Tomatoes,4,2.81,STORE02
T1825,2024-02-05,17:26:17,CUST071,P042,Water,1,2.13,STORE03
T1825,2024-02-05,17:26:17,CUST071,P003,Eggs,4,4.62,STORE03
T1826,2024-01-20,20:40:48,CUST102,P011,Pasta,3,2.64,STORE01
T1826,2024-01-20,20:40:48,CUST102,P047,Toothpaste,1,4.0,STORE01
T1826,2024-01-20,20:40:48,CUST102,P031,Ice_Cream,1,5.67,STORE01
T1826,2024-01-20,20:40:48,CUST102,P013,Onions,2,2.02,STORE01
T1826,2024-01-20,20:40:48,CUST102,P033,Soup,1,2.84,STORE01
T1827,2024-03-21,20:31:20,CUST420,P038,Nuts,3,7.36,STORE02
T1827,2024-03-21,20:31:20,CUST420,P017,Bananas,3,2.0,STORE02
T1827,2024-03-21,20:31:20,CUST420,P014,Potatoes,3,2.43,STORE02
T1827,2024-03-21,20:31:20,CUST420,P009,Fish,4,10.88,STORE02
T1827,2024-03-21,20:31:20,CUST420,P037,Honey,1,6.51,STORE02
T1828,2024-01-18,10:34:33,CUST141,P047,Toothpaste,4,3.86,STORE02
T1828,2024-01-18,10:34:33,CUST141,P037,Honey,1,5.48,STORE02
T1829,2024-03-29,10:12:11,CUST049,P031,Ice_Cream,2,5.49,STORE02
T1829,2024-03-29,10:12:11,CUST049,P038,Nuts,2,6.47,STORE02
T1829,2024-03-29,10:12:11,CUST049,P021,Tea,4,3.78,STORE02
T1829,2024-03-29,10:12:11,CUST049,P005,Cheese,5,6.69,STORE02
T1830,2024-01-01,11:41:27,CUST495,P006,Yogurt,5,1.94,STORE01
T1830,2024-01-01,11:41:27,CUST495,P035,Peanut_Butter,4,4.66,STORE01
T1831,2024-03-29,17:18:07,CUST469,P046,Shampoo,5,5.57,STORE04
T1831,2024-03-29,17:18:07,CUST469,P036,Jam,2,3.63,STORE04
T1831,2024-03-29,17:18:07,CUST469,P012,Tomatoes,1,3.05,STORE04
T1832,2024-03-15,09:51:51,CUST493,P016,Apples,3,4.29,STORE04
T1832,2024-03-15,09:51:51,CUST493,P018,Oranges,3,4.32,STORE04
T1832,2024-03-15,09:51:51,CUST493,P049,Tissues,3,5.47,STORE04
T1832,2024-03-15,09:51:51,CUST493,P024,Pepper,3,2.84,STORE04
T1832,2024-03-15,09:51:51,CUST493,P048,Soap,3,2.93,STORE04
T1833,2024-01-27,21:53:33,CUST262,P021,Tea,3,4.2,STORE03
T1833,2024-01-27,21:53:33,CUST262,P008,Beef,5,13.07,STORE03
T1833,2024-01-27,21:53:33,CUST262,P032,Frozen_Pizza,2,6.95,STORE03
T1833,2024-01-27,21:53:33,CUST262,P007,Chicken,3,9.53,STORE03
T1834,2024-01-13,18:26:57,CUST125,P034,Crackers,1,3.49,STORE04
T1834,2024-01-13,18:26:57,CUST125,P029,Vanilla,5,4.37,STORE04
T1834,2024-01-13,18:26:57,CUST125,P035,Peanut_Butter,1,4.74,STORE04
T1834,2024-01-13,18:26:57,CUST125,P028,Baking_Powder,4,2.03,STORE04
T1834,2024-01-13,18:26:57,CUST125,P040,Soda,3,3.15,STORE04
T1835,2024-01-18,21:25:45,CUST054,P042,Water,2,2.14,STORE04
T1835,2024-01-18,21:25:45,CUST054,P016,Apples,4,3.63,STORE04
T1835,2024-01-18,21:25:45,CUST054,P003,Eggs,4,4.67,STORE04
T1835,2024-01-18,21:25:45,CUST054,P038,Nuts,4,6.97,STORE04
T1836,2024-01-28,11:35:31,CUST193,P019,Cereal,3,4.76,STORE04
T1836,2024-01-28,11:35:31,CUST193,P014,Potatoes,1,2.71,STORE04
T1837,2024-03-18,21:22:09,CUST012,P027,Flour,1,3.28,STORE01
T1837,2024-03-18,21:22:09,CUST012,P009,Fish,5,10.38,STORE01
T1837,2024-03-18,21:22:09,CUST012,P050,Paper_Towels,4,7.55,STORE01
T1837,2024-03-18,21:22:09,CUST012,P012,Tomatoes,5,2.92,STORE01
T1838,2024-01-05,10:04:50,CUST471,P002,Milk,4,3.28,STORE02
T1838,2024-01-05,10:04:50,CUST471,P050,Paper_Towels,5,7.36,STORE02
T1838,2024-01-05,10:04:50,CUST471,P021,Tea,5,4.36,STORE02
T1838,2024-01-05,10:04:50,CUST471,P035,Peanut_Butter,4,5.44,STORE02
T1839,2024-01-29,08:00:48,CUST144,P031,Ice_Cream,2,5.51,STORE05
T1839,2024-01-29,08:00:48,CUST144,P018,Oranges,2,4.54,STORE05
T1840,2024-02-14,17:01:35,CUST229,P019,Cereal,1,5.36,STORE02
T1840,2024-02-14,17:01:35,CUST229,P021,Tea,3,3.8,STORE02
T1840,2024-02-14,17:01:35,CUST229,P043,Beer,5,8.71,STORE02
T1841,2024-03-01,21:39:42,CUST032,P031,Ice_Cream,5,5.85,STORE05
T1841,2024-03-01,21:39:42,CUST032,P021,Tea,3,3.98,STORE05
T1841,2024-03-01,21:39:42,CUST032,P001,Bread,2,2.87,STORE05
T1842,2024-03-16,18:38:05,CUST067,P031,Ice_Cream,1,6.24,STORE04
T1842,2024-03-16,18:38:05,CUST067,P035,Peanut_Butter,1,5.44,STORE04
T1842,2024-03-16,18:38:05,CUST067,P036,Jam,1,3.95,STORE04
T1843,2024-01-10,13:03:27,CUST321,P023,Salt,4,1.56,STORE03
T1843,2024-01-10,13:03:27,CUST321,P041,Juice,3,3.76,STORE03
T1843,2024-01-10,13:03:27,CUST321,P022,Sugar,5,2.74,STORE03
T1844,2024-02-28,18:14:21,CUST452,P031,Ice_Cream,3,5.89,STORE02
T1844,2024-02-28,18:14:21,CUST452,P021,Tea,1,3.69,STORE02
T1844,2024-02-28,18:14:21,CUST452,P012,Tomatoes,1,3.26,STORE02
T1845,2024-01-08,15:42:38,CUST176,P040,Soda,5,2.82,STORE05
T1845,2024-01-08,15:42:38,CUST176,P008,Beef,5,11.85,STORE05
T1845,2024-01-08,15:42:38,CUST176,P029,Vanilla,3,3.96,STORE05
T1846,2024-02-24,20:42:45,CUST058,P017,Bananas,5,1.88,STORE04
T1846,2024-02-24,20:42:45,CUST058,P050,Paper_Towels,2,7.48,STORE04
T1847,2024-03-29,20:15:05,CUST193,P011,Pasta,5,2.57,STORE02
T1847,2024-03-29,20:15:05,CUST193,P036,Jam,2,4.15,STORE02
T1848,2024-01-19,19:44:31,CUST311,P048,Soap,2,2.76,STORE01
T1848,2024-01-19,19:44:31,CUST311,P033,Soup,5,3.23,STORE01
T1849,2024-01-16,12:12:50,CUST327,P004,Butter,4,4.96,STORE05
T1849,2024-01-16,12:12:50,CUST327,P021,Tea,5,3.73,STORE05
T1850,2024-03-23,10:48:05,CUST003,P018,Oranges,3,4.39,STORE04
T1850,2024-03-23,10:48:05,CUST003,P026,Vinegar,1,2.65,STORE04
T1850,2024-03-23,10:48:05,CUST003,P038,Nuts,5,7.41,STORE04
T1850,2024-03-23,10:48:05,CUST003,P035,Peanut_Butter,4,4.85,STORE04
T1850,2024-03-23,10:48:05,CUST003,P023,Salt,5,1.5,STORE04
T1851,2024-03-28,10:34:38,CUST195,P010,Rice,5,3.98,STORE03
T1851,2024-03-28,10:34:38,CUST195,P007,Chicken,3,8.58,STORE03
T1852,2024-02-18,11:44:09,CUST494,P049,Tissues,4,5.0,STORE03
T1852,2024-02-18,11:44:09,CUST494,P018,Oranges,1,4.73,STORE03
T1852,2024-02-18,11:44:09,CUST494,P036,Jam,1,3.87,STORE03
T1853,2024-03-04,14:43:39,CUST017,P017,Bananas,4,2.03,STORE04
T1853,2024-03-04,14:43:39,CUST017,P014,Potatoes,2,2.62,STORE04
T1853,2024-03-04,14:43:39,CUST017,P012,Tomatoes,5,2.7,STORE04
T1853,2024-03-04,14:43:39,CUST017,P023,Salt,2,1.62,STORE04
T1853,2024-03-04,14:43:39,CUST017,P046,Shampoo,2,6.14,STORE04
T1854,2024-01-26,14:45:59,CUST284,P050,Paper_Towels,3,7.06,STORE01
T1854,2024-01-26,14:45:59,CUST284,P025,Oil,1,5.45,STORE01
T1855,2024-01-05,19:52:42,CUST423,P042,Water,1,1.95,STORE02
T1855,2024-01-05,19:52:42,CUST423,P013,Onions,2,1.84,STORE02
T1855,2024-01-05,19:52:42,CUST423,P025,Oil,2,4.71,STORE02
T1855,2024-01-05,19:52:42,CUST423,P014,Potatoes,4,2.38,STORE02
T1856,2024-03-25,08:53:57,CUST381,P027,Flour,4,3.47,STORE05
T1856,2024-03-25,08:53:57,CUST381,P035,Peanut_Butter,1,4.6,STORE05
T1856,2024-03-25,08:53:57,CUST381,P022,Sugar,2,2.78,STORE05
T1856,2024-03-25,08:53:57,CUST381,P033,Soup,5,3.06,STORE05
T1857,2024-01-22,20:01:04,CUST392,P010,Rice,3,4.29,STORE05
T1857,2024-01-22,20:01:04,CUST392,P016,Apples,2,3.71,STORE05
T1857,2024-01-22,20:01:04,CUST392,P038,Nuts,4,7.41,STORE05
T1857,2024-01-22,20:01:04,CUST392,P028,Baking_Powder,5,1.97,STORE05
T1858,2024-01-13,18:38:10,CUST496,P026,Vinegar,4,2.52,STORE03
T1858,2024-01-13,18:38:10,CUST496,P040,Soda,1,2.7,STORE03
T1858,2024-01-13,18:38:10,CUST496,P037,Honey,3,5.67,STORE03
T1858,2024-01-13,18:38:10,CUST496,P029,Vanilla,4,4.04,STORE03
T1859,2024-01-07,18:23:07,CUST208,P021,Tea,4,4.19,STORE05
T1859,2024-01-07,18:23:07,CUST208,P035,Peanut_Butter,4,4.5,STORE05
T1859,2024-01-07,18:23:07,CUST208,P027,Flour,3,3.27,STORE05
T1859,2024-01-07,18:23:07,CUST208,P020,Coffee,3,8.16,STORE05
T1859,2024-01-07,18:23:07,CUST208,P023,Salt,5,1.46,STORE05
T1860,2024-01-24,11:23:37,CUST484,P047,Toothpaste,2,4.37,STORE03
T1860,2024-01-24,11:23:37,CUST484,P046,Shampoo,4,6.34,STORE03
T1860,2024-01-24,11:23:37,CUST484,P045,Detergent,2,7.8,STORE03
T1861,2024-02-27,18:34:01,CUST157,P006,Yogurt,3,1.98,STORE01
T1861,2024-02-27,18:34:01,CUST157,P003,Eggs,4,4.65,STORE01
T1861,2024-02-27,18:34:01,CUST157,P042,Water,3,2.01,STORE01
T1861,2024-02-27,18:34:01,CUST157,P024,Pepper,4,3.09,STORE01
T1861,2024-02-27,18:34:01,CUST157,P012,Tomatoes,4,2.98,STORE01
T1862,2024-02-28,11:17:42,CUST366,P042,Water,3,1.98,STORE02
T1862,2024-02-28,11:17:42,CUST366,P041,Juice,3,3.98,STORE02
T1862,2024-02-28,11:17:42,CUST366,P022,Sugar,5,3.2,STORE02
T1862,2024-02-28,11:17:42,CUST366,P001,Bread,2,2.89,STORE02
T1863,2024-03-10,16:56:41,CUST453,P016,Apples,4,4.04,STORE04
T1863,2024-03-10,16:56:41,CUST453,P040,Soda,3,3.17,STORE04
T1864,2024-02-20,12:00:59,CUST386,P027,Flour,5,3.52,STORE04
T1864,2024-02-20,12:00:59,CUST386,P003,Eggs,3,5.22,STORE04
T1864,2024-02-20,12:00:59,CUST386,P022,Sugar,2,2.69,STORE04
T1865,2024-02-23,21:21:54,CUST303,P031,Ice_Cream,4,5.95,STORE03
T1865,2024-02-23,21:21:54,CUST303,P006,Yogurt,5,1.92,STORE03
T1865,2024-02-23,21:21:54,CUST303,P016,Apples,3,4.16,STORE03
T1865,2024-02-23,21:21:54,CUST303,P008,Beef,1,12.03,STORE03
T1866,2024-01-14,20:08:29,CUST367,P002,Milk,4,3.57,STORE02
T1866,2024-01-14,20:08:29,CUST367,P016,Apples,2,4.16,STORE02
T1866,2024-01-14,20:08:29,CUST367,P026,Vinegar,1,2.24,STORE02
T1866,2024-01-14,20:08:29,CUST367,P008,Beef,2,12.94,STORE02
T1866,2024-01-14,20:08:29,CUST367,P017,Bananas,2,2.02,STORE02
T1867,2024-03-04,13:14:04,CUST373,P002,Milk,4,3.73,STORE03
T1867,2024-03-04,13:14:04,CUST373,P019,Cereal,1,4.56,STORE03
T1867,2024-03-04,13:14:04,CUST373,P024,Pepper,4,2.73,STORE03
T1867,2024-03-04,13:14:04,CUST373,P022,Sugar,1,3.05,STORE03
T1867,2024-03-04,13:14:04,CUST373,P020,Coffee,1,8.2,STORE03
T1868,2024-01-18,12:17:18,CUST370,P027,Flour,5,3.81,STORE03
T1868,2024-01-18,12:17:18,CUST370,P002,Milk,2,3.16,STORE03
T1868,2024-01-18,12:17:18,CUST370,P041,Juice,5,4.0,STORE03
T1868,2024-01-18,12:17:18,CUST370,P045,Detergent,1,7.56,STORE03
T1869,2024-02-04,21:35:55,CUST415,P002,Milk,3,3.39,STORE02
T1869,2024-02-04,21:35:55,CUST415,P016,Apples,5,4.31,STORE02
T1869,2024-02-04,21:35:55,CUST415,P028,Baking_Powder,4,1.99,STORE02
T1869,2024-02-04,21:35:55,CUST415,P044,Wine,2,13.81,STORE02
T1869,2024-02-04,21:35:55,CUST415,P046,Shampoo,3,5.69,STORE02
T1870,2024-02-08,08:05:27,CUST318,P020,Coffee,3,8.45,STORE05
T1870,2024-02-08,08:05:27,CUST318,P050,Paper_Towels,5,6.64,STORE05
T1870,2024-02-08,08:05:27,CUST318,P017,Bananas,2,2.03,STORE05
T1870,2024-02-08,08:05:27,CUST318,P044,Wine,4,13.58,STORE05
T1871,2024-02-26,21:29:32,CUST386,P045,Detergent,5,8.68,STORE03
T1871,2024-02-26,21:29:32,CUST386,P032,Frozen_Pizza,1,6.6,STORE03
T1872,2024-03-09,11:15:01,CUST451,P034,Crackers,4,3.27,STORE03
T1872,2024-03-09,11:15:01,CUST451,P042,Water,1,1.98,STORE03
T1872,2024-03-09,11:15:01,CUST451,P047,Toothpaste,5,4.28,STORE03
T1872,2024-03-09,11:15:01,CUST451,P014,Potatoes,3,2.65,STORE03
T1872,2024-03-09,11:15:01,CUST451,P033,Soup,3,3.15,STORE03
T1873,2024-03-24,18:08:16,CUST241,P034,Crackers,3,3.73,STORE01
T1873,2024-03-24,18:08:16,CUST241,P024,Pepper,5,3.25,STORE01
T1873,2024-03-24,18:08:16,CUST241,P040,Soda,5,2.92,STORE01
T1873,2024-03-24,18:08:16,CUST241,P037,Honey,5,6.31,STORE01
T1873,2024-03-24,18:08:16,CUST241,P005,Cheese,4,6.73,STORE01
T1874,2024-02-24,11:00:11,CUST271,P034,Crackers,2,3.33,STORE02
T1874,2024-02-24,11:00:11,CUST271,P020,Coffee,4,8.59,STORE02
T1874,2024-02-24,11:00:11,CUST271,P032,Frozen_Pizza,5,6.54,STORE02
T1874,2024-02-24,11:00:11,CUST271,P015,Carrots,3,1.93,STORE02
T1875,2024-01-31,19:29:15,CUST393,P002,Milk,1,3.79,STORE01
T1875,2024-01-31,19:29:15,CUST393,P022,Sugar,4,3.03,STORE01
T1875,2024-01-31,19:29:15,CUST393,P020,Coffee,4,8.63,STORE01
T1875,2024-01-31,19:29:15,CUST393,P045,Detergent,5,8.34,STORE01
T1875,2024-01-31,19:29:15,CUST393,P007,Chicken,3,8.34,STORE01
T1876,2024-03-03,13:46:36,CUST181,P048,Soap,2,2.82,STORE03
T1876,2024-03-03,13:46:36,CUST181,P002,Milk,3,3.75,STORE03
T1876,2024-03-03,13:46:36,CUST181,P018,Oranges,5,4.57,STORE03
T1876,2024-03-03,13:46:36,CUST181,P019,Cereal,1,5.16,STORE03
T1877,2024-02-01,13:43:07,CUST253,P042,Water,1,2.13,STORE01
T1877,2024-02-01,13:43:07,CUST253,P013,Onions,4,2.08,STORE01
T1877,2024-02-01,13:43:07,CUST253,P035,Peanut_Butter,3,4.74,STORE01
T1877,2024-02-01,13:43:07,CUST253,P033,Soup,3,3.06,STORE01
T1878,2024-03-24,14:19:15,CUST132,P043,Beer,2,9.36,STORE03
T1878,2024-03-24,14:19:15,CUST132,P032,Frozen_Pizza,3,7.13,STORE03
T1879,2024-01-11,12:25:36,CUST410,P003,Eggs,2,4.98,STORE05
T1879,2024-01-11,12:25:36,CUST410,P025,Oil,2,4.95,STORE05
T1879,2024-01-11,12:25:36,CUST410,P021,Tea,4,3.85,STORE05
T1879,2024-01-11,12:25:36,CUST410,P017,Bananas,5,1.87,STORE05
T1879,2024-01-11,12:25:36,CUST410,P048,Soap,4,3.09,STORE05
T1880,2024-02-08,11:59:33,CUST368,P006,Yogurt,4,1.81,STORE03
T1880,2024-02-08,11:59:33,CUST368,P039,Chips,5,3.87,STORE03
T1881,2024-01-07,16:51:06,CUST422,P026,Vinegar,5,2.36,STORE03
T1881,2024-01-07,16:51:06,CUST422,P024,Pepper,5,3.04,STORE03
T1881,2024-01-07,16:51:06,CUST422,P011,Pasta,1,2.52,STORE03
T1882,2024-01-02,19:30:48,CUST009,P004,Butter,3,5.47,STORE01
T1882,2024-01-02,19:30:48,CUST009,P029,Vanilla,2,3.87,STORE01
T1882,2024-01-02,19:30:48,CUST009,P014,Potatoes,3,2.24,STORE01
T1882,2024-01-02,19:30:48,CUST009,P013,Onions,2,1.9,STORE01
T1883,2024-02-05,10:39:14,CUST416,P042,Water,2,1.92,STORE04
T1883,2024-02-05,10:39:14,CUST416,P048,Soap,4,2.95,STORE04
T1883,2024-02-05,10:39:14,CUST416,P043,Beer,4,8.52,STORE04
T1883,2024-02-05,10:39:14,CUST416,P014,Potatoes,3,2.61,STORE04
T1884,2024-03-28,08:44:01,CUST051,P047,Toothpaste,1,4.26,STORE02
T1884,2024-03-28,08:44:01,CUST051,P004,Butter,4,5.27,STORE02
T1884,2024-03-28,08:44:01,CUST051,P035,Peanut_Butter,2,4.68,STORE02
T1884,2024-03-28,08:44:01,CUST051,P044,Wine,1,11.78,STORE02
T1885,2024-01-18,21:11:10,CUST395,P043,Beer,4,8.65,STORE03
T1885,2024-01-18,21:11:10,CUST395,P033,Soup,5,3.12,STORE03
T1885,2024-01-18,21:11:10,CUST395,P028,Baking_Powder,4,2.12,STORE03
T1886,2024-02-15,10:02:50,CUST178,P039,Chips,5,3.93,STORE05
T1886,2024-02-15,10:02:50,CUST178,P018,Oranges,3,4.39,STORE05
T1886,2024-02-15,10:02:50,CUST178,P038,Nuts,1,7.26,STORE05
T1886,2024-02-15,10:02:50,CUST178,P036,Jam,3,4.32,STORE05
T1886,2024-02-15,10:02:50,CUST178,P037,Honey,2,6.01,STORE05
T1887,2024-02-13,16:27:15,CUST258,P004,Butter,1,5.42,STORE02
T1887,2024-02-13,16:27:15,CUST258,P003,Eggs,2,5.4,STORE02
T1887,2024-02-13,16:27:15,CUST258,P049,Tissues,2,5.21,STORE02
T1887,2024-02-13,16:27:15,CUST258,P030,Chocolate,2,5.15,STORE02
T1888,2024-02-24,10:15:49,CUST349,P003,Eggs,4,4.77,STORE04
T1888,2024-02-24,10:15:49,CUST349,P011,Pasta,4,2.59,STORE04
T1888,2024-02-24,10:15:49,CUST349,P035,Peanut_Butter,2,4.57,STORE04
T1888,2024-02-24,10:15:49,CUST349,P027,Flour,4,3.19,STORE04
T1888,2024-02-24,10:15:49,CUST349,P012,Tomatoes,3,2.97,STORE04
T1889,2024-01-10,13:32:40,CUST294,P013,Onions,5,2.12,STORE03
T1889,2024-01-10,13:32:40,CUST294,P032,Frozen_Pizza,3,6.49,STORE03
T1890,2024-01-02,17:00:07,CUST019,P020,Coffee,3,8.36,STORE01
T1890,2024-01-02,17:00:07,CUST019,P013,Onions,4,1.8,STORE01
T1890,2024-01-02,17:00:07,CUST019,P016,Apples,5,3.68,STORE01
T1890,2024-01-02,17:00:07,CUST019,P028,Baking_Powder,4,2.12,STORE01
T1891,2024-03-15,11:06:52,CUST261,P034,Crackers,3,3.27,STORE04
T1891,2024-03-15,11:06:52,CUST261,P035,Peanut_Butter,1,4.99,STORE04
T1891,2024-03-15,11:06:52,CUST261,P017,Bananas,5,2.15,STORE04
T1891,2024-03-15,11:06:52,CUST261,P040,Soda,3,3.03,STORE04
T1891,2024-03-15,11:06:52,CUST261,P005,Cheese,3,7.08,STORE04
T1892,2024-01-20,19:07:06,CUST314,P019,Cereal,3,4.91,STORE05
T1892,2024-01-20,19:07:06,CUST314,P017,Bananas,5,1.93,STORE05
T1892,2024-01-20,19:07:06,CUST314,P002,Milk,4,3.69,STORE05
T1893,2024-03-10,19:27:59,CUST186,P014,Potatoes,3,2.32,STORE03
T1893,2024-03-10,19:27:59,CUST186,P039,Chips,2,3.89,STORE03
T1893,2024-03-10,19:27:59,CUST186,P043,Beer,5,8.18,STORE03
T1893,2024-03-10,19:27:59,CUST186,P040,Soda,5,2.85,STORE03
T1894,2024-01-01,19:24:57,CUST073,P009,Fish,2,9.86,STORE03
T1894,2024-01-01,19:24:57,CUST073,P039,Chips,3,4.16,STORE03
T1894,2024-01-01,19:24:57,CUST073,P024,Pepper,1,3.17,STORE03
T1894,2024-01-01,19:24:57,CUST073,P015,Carrots,3,1.89,STORE03
T1895,2024-03-03,17:00:10,CUST111,P047,Toothpaste,4,4.24,STORE05
T1895,2024-03-03,17:00:10,CUST111,P045,Detergent,5,7.87,STORE05
T1895,2024-03-03,17:00:10,CUST111,P012,Tomatoes,2,3.15,STORE05
T1896,2024-02-25,13:50:17,CUST288,P002,Milk,2,3.54,STORE03
T1896,2024-02-25,13:50:17,CUST288,P041,Juice,2,3.7,STORE03
T1896,2024-02-25,13:50:17,CUST288,P022,Sugar,3,3.01,STORE03
T1896,2024-02-25,13:50:17,CUST288,P020,Coffee,5,8.1,STORE03
T1896,2024-02-25,13:50:17,CUST288,P007,Chicken,5,8.77,STORE03
T1897,2024-03-30,20:09:05,CUST298,P039,Chips,5,4.08,STORE04
T1897,2024-03-30,20:09:05,CUST298,P025,Oil,2,4.85,STORE04
T1897,2024-03-30,20:09:05,CUST298,P024,Pepper,1,2.77,STORE04
T1897,2024-03-30,20:09:05,CUST298,P028,Baking_Powder,2,1.8,STORE04
T1897,2024-03-30,20:09:05,CUST298,P027,Flour,5,3.42,STORE04
T1898,2024-03-01,12:06:05,CUST112,P023,Salt,4,1.61,STORE04
T1898,2024-03-01,12:06:05,CUST112,P050,Paper_Towels,2,7.17,STORE04
T1898,2024-03-01,12:06:05,CUST112,P011,Pasta,2,2.69,STORE04
T1898,2024-03-01,12:06:05,CUST112,P028,Baking_Powder,4,2.05,STORE04
T1899,2024-01-10,10:56:10,CUST099,P026,Vinegar,5,2.56,STORE01
T1899,2024-01-10,10:56:10,CUST099,P014,Potatoes,5,2.36,STORE01
T1900,2024-01-10,20:47:00,CUST432,P029,Vanilla,2,4.17,STORE03
T1900,2024-01-10,20:47:00,CUST432,P038,Nuts,5,6.48,STORE03
T1900,2024-01-10,20:47:00,CUST432,P012,Tomatoes,4,2.75,STORE03
T1900,2024-01-10,20:47:00,CUST432,P046,Shampoo,1,6.28,STORE03
T1900,2024-01-10,20:47:00,CUST432,P007,Chicken,4,8.38,STORE03
T1901,2024-02-07,21:16:48,CUST170,P046,Shampoo,2,5.69,STORE01
T1901,2024-02-07,21:16:48,CUST170,P002,Milk,2,3.59,STORE01
T1901,2024-02-07,21:16:48,CUST170,P005,Cheese,2,7.27,STORE01
T1902,2024-01-10,14:03:17,CUST209,P020,Coffee,2,8.39,STORE04
T1902,2024-01-10,14:03:17,CUST209,P002,Milk,3,3.65,STORE04
T1902,2024-01-10,14:03:17,CUST209,P018,Oranges,3,4.68,STORE04
T1902,2024-01-10,14:03:17,CUST209,P022,Sugar,3,3.03,STORE04
T1903,2024-01-27,15:31:04,CUST260,P013,Onions,2,1.93,STORE05
T1903,2024-01-27,15:31:04,CUST260,P011,Pasta,4,2.57,STORE05
T1903,2024-01-27,15:31:04,CUST260,P033,Soup,2,2.95,STORE05
T1904,2024-01-08,08:10:50,CUST217,P047,Toothpaste,2,3.84,STORE03
T1904,2024-01-08,08:10:50,CUST217,P004,Butter,5,5.76,STORE03
T1904,2024-01-08,08:10:50,CUST217,P048,Soap,3,2.87,STORE03
T1904,2024-01-08,08:10:50,CUST217,P025,Oil,2,5.39,STORE03
T1905,2024-01-16,15:31:49,CUST261,P031,Ice_Cream,2,6.42,STORE03
T1905,2024-01-16,15:31:49,CUST261,P004,Butter,1,5.59,STORE03
T1906,2024-03-12,16:26:08,CUST208,P017,Bananas,1,1.89,STORE04
T1906,2024-03-12,16:26:08,CUST208,P025,Oil,5,5.01,STORE04
T1907,2024-02-28,13:51:28,CUST027,P010,Rice,4,3.62,STORE01
T1907,2024-02-28,13:51:28,CUST027,P050,Paper_Towels,5,7.19,STORE01
T1907,2024-02-28,13:51:28,CUST027,P007,Chicken,5,9.87,STORE01
T1907,2024-02-28,13:51:28,CUST027,P014,Potatoes,2,2.57,STORE01
T1908,2024-01-05,08:24:43,CUST271,P006,Yogurt,5,2.16,STORE01
T1908,2024-01-05,08:24:43,CUST271,P041,Juice,2,3.82,STORE01
T1908,2024-01-05,08:24:43,CUST271,P025,Oil,2,4.97,STORE01
T1909,2024-01-20,09:23:21,CUST207,P002,Milk,1,3.78,STORE05
T1909,2024-01-20,09:23:21,CUST207,P001,Bread,5,3.26,STORE05
T1909,2024-01-20,09:23:21,CUST207,P028,Baking_Powder,3,2.01,STORE05
T1909,2024-01-20,09:23:21,CUST207,P030,Chocolate,2,5.31,STORE05
T1909,2024-01-20,09:23:21,CUST207,P036,Jam,4,3.91,STORE05
T1910,2024-02-26,16:54:30,CUST402,P042,Water,2,1.79,STORE05
T1910,2024-02-26,16:54:30,CUST402,P020,Coffee,2,8.59,STORE05
T1910,2024-02-26,16:54:30,CUST402,P023,Salt,3,1.45,STORE05
T1910,2024-02-26,16:54:30,CUST402,P043,Beer,2,9.45,STORE05
T1911,2024-03-30,20:53:21,CUST298,P042,Water,1,2.01,STORE01
T1911,2024-03-30,20:53:21,CUST298,P031,Ice_Cream,2,5.7,STORE01
T1912,2024-01-15,09:31:06,CUST066,P002,Milk,1,3.76,STORE03
T1912,2024-01-15,09:31:06,CUST066,P004,Butter,2,4.99,STORE03
T1912,2024-01-15,09:31:06,CUST066,P005,Cheese,2,6.74,STORE03
T1912,2024-01-15,09:31:06,CUST066,P001,Bread,3,2.97,STORE03
T1913,2024-02-19,12:08:45,CUST190,P034,Crackers,3,3.8,STORE05
T1913,2024-02-19,12:08:45,CUST190,P024,Pepper,2,2.94,STORE05
T1913,2024-02-19,12:08:45,CUST190,P033,Soup,4,3.12,STORE05
T1914,2024-03-17,17:19:25,CUST139,P027,Flour,3,3.7,STORE02
T1914,2024-03-17,17:19:25,CUST139,P026,Vinegar,4,2.44,STORE02
T1914,2024-03-17,17:19:25,CUST139,P016,Apples,4,3.68,STORE02
T1914,2024-03-17,17:19:25,CUST139,P020,Coffee,5,7.8,STORE02
T1915,2024-01-08,14:08:46,CUST019,P019,Cereal,1,4.81,STORE02
T1915,2024-01-08,14:08:46,CUST019,P007,Chicken,5,8.2,STORE02
T1915,2024-01-08,14:08:46,CUST019,P045,Detergent,2,8.14,STORE02
T1915,2024-01-08,14:08:46,CUST019,P012,Tomatoes,4,2.97,STORE02
T1916,2024-02-12,12:53:02,CUST486,P039,Chips,1,4.21,STORE02
T1916,2024-02-12,12:53:02,CUST486,P043,Beer,4,8.54,STORE02
T1916,2024-02-12,12:53:02,CUST486,P040,Soda,1,3.1,STORE02
T1917,2024-03-21,13:34:31,CUST168,P019,Cereal,5,4.63,STORE01
T1917,2024-03-21,13:34:31,CUST168,P042,Water,5,1.93,STORE01
T1917,2024-03-21,13:34:31,CUST168,P028,Baking_Powder,1,1.95,STORE01
T1917,2024-03-21,13:34:31,CUST168,P017,Bananas,1,2.14,STORE01
T1917,2024-03-21,13:34:31,CUST168,P048,Soap,2,2.95,STORE01
T1918,2024-03-19,14:11:21,CUST084,P040,Soda,2,2.71,STORE05
T1918,2024-03-19,14:11:21,CUST084,P017,Bananas,5,2.15,STORE05
T1918,2024-03-19,14:11:21,CUST084,P035,Peanut_Butter,5,5.14,STORE05
T1919,2024-03-05,19:29:24,CUST450,P002,Milk,1,3.34,STORE05
T1919,2024-03-05,19:29:24,CUST450,P036,Jam,1,4.25,STORE05
T1919,2024-03-05,19:29:24,CUST450,P029,Vanilla,3,3.9,STORE05
T1919,2024-03-05,19:29:24,CUST450,P001,Bread,3,2.79,STORE05
T1920,2024-03-24,17:59:40,CUST411,P046,Shampoo,3,5.69,STORE05
T1920,2024-03-24,17:59:40,CUST411,P025,Oil,4,5.17,STORE05
T1921,2024-02-23,18:05:09,CUST387,P004,Butter,1,5.54,STORE03
T1921,2024-02-23,18:05:09,CUST387,P025,Oil,1,5.09,STORE03
T1921,2024-02-23,18:05:09,CUST387,P045,Detergent,1,8.68,STORE03
T1922,2024-02-25,20:05:13,CUST329,P002,Milk,4,3.75,STORE04
T1922,2024-02-25,20:05:13,CUST329,P011,Pasta,4,2.47,STORE04
T1922,2024-02-25,20:05:13,CUST329,P001,Bread,1,2.79,STORE04
T1922,2024-02-25,20:05:13,CUST329,P026,Vinegar,4,2.52,STORE04
T1922,2024-02-25,20:05:13,CUST329,P036,Jam,5,3.65,STORE04
T1923,2024-02-14,18:36:38,CUST355,P029,Vanilla,4,4.29,STORE03
T1923,2024-02-14,18:36:38,CUST355,P049,Tissues,2,5.4,STORE03
T1923,2024-02-14,18:36:38,CUST355,P015,Carrots,2,1.79,STORE03
T1924,2024-02-17,12:20:33,CUST304,P027,Flour,3,3.43,STORE05
T1924,2024-02-17,12:20:33,CUST304,P012,Tomatoes,3,2.84,STORE05
T1925,2024-02-15,16:27:11,CUST071,P039,Chips,3,3.7,STORE03
T1925,2024-02-15,16:27:11,CUST071,P043,Beer,4,8.41,STORE03
T1925,2024-02-15,16:27:11,CUST071,P040,Soda,5,2.75,STORE03
T1926,2024-02-04,20:08:43,CUST424,P048,Soap,5,2.84,STORE03
T1926,2024-02-04,20:08:43,CUST424,P020,Coffee,2,8.01,STORE03
T1926,2024-02-04,20:08:43,CUST424,P041,Juice,5,4.3,STORE03
T1926,2024-02-04,20:08:43,CUST424,P022,Sugar,5,3.27,STORE03
T1927,2024-03-09,16:02:58,CUST305,P018,Oranges,4,4.9,STORE04
T1927,2024-03-09,16:02:58,CUST305,P004,Butter,1,5.63,STORE04
T1927,2024-03-09,16:02:58,CUST305,P013,Onions,1,2.09,STORE04
T1927,2024-03-09,16:02:58,CUST305,P050,Paper_Towels,3,6.4,STORE04
T1927,2024-03-09,16:02:58,CUST305,P007,Chicken,2,8.32,STORE04
T1928,2024-03-23,11:55:56,CUST116,P018,Oranges,1,4.71,STORE03
T1928,2024-03-23,11:55:56,CUST116,P029,Vanilla,2,4.01,STORE03
T1928,2024-03-23,11:55:56,CUST116,P017,Bananas,2,1.81,STORE03
T1928,2024-03-23,11:55:56,CUST116,P015,Carrots,5,1.64,STORE03
T1928,2024-03-23,11:55:56,CUST116,P037,Honey,5,6.22,STORE03
T1929,2024-03-23,14:27:11,CUST485,P024,Pepper,3,2.81,STORE01
T1929,2024-03-23,14:27:11,CUST485,P021,Tea,2,3.96,STORE01
T1929,2024-03-23,14:27:11,CUST485,P040,Soda,1,2.93,STORE01
T1929,2024-03-23,14:27:11,CUST485,P043,Beer,1,9.79,STORE01
T1929,2024-03-23,14:27:11,CUST485,P032,Frozen_Pizza,1,6.96,STORE01
T1930,2024-02-24,14:52:26,CUST395,P004,Butter,5,5.12,STORE05
T1930,2024-02-24,14:52:26,CUST395,P013,Onions,2,2.05,STORE05
T1930,2024-02-24,14:52:26,CUST395,P036,Jam,3,3.67,STORE05
T1931,2024-01-08,15:11:02,CUST310,P034,Crackers,2,3.22,STORE04
T1931,2024-01-08,15:11:02,CUST310,P045,Detergent,5,7.74,STORE04
T1932,2024-02-24,19:13:11,CUST015,P023,Salt,3,1.5,STORE04
T1932,2024-02-24,19:13:11,CUST015,P050,Paper_Towels,3,6.35,STORE04
T1932,2024-02-24,19:13:11,CUST015,P003,Eggs,1,4.77,STORE04
T1933,2024-01-23,18:04:49,CUST168,P024,Pepper,4,2.86,STORE03
T1933,2024-01-23,18:04:49,CUST168,P041,Juice,5,3.84,STORE03
T1933,2024-01-23,18:04:49,CUST168,P001,Bread,5,2.96,STORE03
T1934,2024-02-17,09:49:08,CUST148,P034,Crackers,2,3.37,STORE01
T1934,2024-02-17,09:49:08,CUST148,P018,Oranges,5,4.2,STORE01
T1934,2024-02-17,09:49:08,CUST148,P028,Baking_Powder,2,1.8,STORE01
T1934,2024-02-17,09:49:08,CUST148,P023,Salt,3,1.6,STORE01
T1934,2024-02-17,09:49:08,CUST148,P046,Shampoo,1,5.52,STORE01
T1935,2024-01-24,16:53:49,CUST239,P010,Rice,4,4.02,STORE05
T1935,2024-01-24,16:53:49,CUST239,P007,Chicken,1,9.81,STORE05
T1935,2024-01-24,16:53:49,CUST239,P014,Potatoes,1,2.61,STORE05
T1935,2024-01-24,16:53:49,CUST239,P012,Tomatoes,4,3.25,STORE05
T1936,2024-01-08,11:12:12,CUST264,P006,Yogurt,5,2.19,STORE03
T1936,2024-01-08,11:12:12,CUST264,P025,Oil,4,4.64,STORE03
T1936,2024-01-08,11:12:12,CUST264,P015,Carrots,1,1.85,STORE03
T1936,2024-01-08,11:12:12,CUST264,P011,Pasta,3,2.61,STORE03
T1937,2024-01-28,17:16:20,CUST046,P016,Apples,2,3.9,STORE01
T1937,2024-01-28,17:16:20,CUST046,P046,Shampoo,2,5.86,STORE01
T1937,2024-01-28,17:16:20,CUST046,P013,Onions,5,1.88,STORE01
T1937,2024-01-28,17:16:20,CUST046,P045,Detergent,4,8.01,STORE01
T1937,2024-01-28,17:16:20,CUST046,P009,Fish,1,9.9,STORE01
T1938,2024-03-04,15:11:18,CUST431,P010,Rice,5,4.28,STORE01
T1938,2024-03-04,15:11:18,CUST431,P042,Water,3,1.92,STORE01
T1938,2024-03-04,15:11:18,CUST431,P008,Beef,4,13.5,STORE01
T1938,2024-03-04,15:11:18,CUST431,P028,Baking_Powder,2,1.85,STORE01
T1938,2024-03-04,15:11:18,CUST431,P044,Wine,2,13.73,STORE01
T1939,2024-03-11,16:55:41,CUST114,P048,Soap,3,2.86,STORE04
T1939,2024-03-11,16:55:41,CUST114,P029,Vanilla,5,4.32,STORE04
T1939,2024-03-11,16:55:41,CUST114,P043,Beer,1,9.33,STORE04
T1939,2024-03-11,16:55:41,CUST114,P030,Chocolate,5,4.77,STORE04
T1940,2024-01-08,15:38:24,CUST118,P002,Milk,1,3.75,STORE05
T1940,2024-01-08,15:38:24,CUST118,P024,Pepper,1,2.83,STORE05
T1940,2024-01-08,15:38:24,CUST118,P028,Baking_Powder,3,2.09,STORE05
T1940,2024-01-08,15:38:24,CUST118,P031,Ice_Cream,3,5.64,STORE05
T1940,2024-01-08,15:38:24,CUST118,P033,Soup,4,2.98,STORE05
T1941,2024-03-12,15:32:06,CUST046,P040,Soda,3,3.21,STORE04
T1941,2024-03-12,15:32:06,CUST046,P025,Oil,1,4.99,STORE04
T1941,2024-03-12,15:32:06,CUST046,P022,Sugar,5,2.92,STORE04
T1942,2024-02-25,13:43:53,CUST218,P041,Juice,3,4.09,STORE04
T1942,2024-02-25,13:43:53,CUST218,P026,Vinegar,2,2.42,STORE04
T1942,2024-02-25,13:43:53,CUST218,P024,Pepper,1,2.76,STORE04
T1942,2024-02-25,13:43:53,CUST218,P004,Butter,3,5.11,STORE04
T1942,2024-02-25,13:43:53,CUST218,P030,Chocolate,5,5.01,STORE04
T1943,2024-03-12,11:20:25,CUST166,P002,Milk,1,3.41,STORE01
T1943,2024-03-12,11:20:25,CUST166,P024,Pepper,5,3.05,STORE01
T1943,2024-03-12,11:20:25,CUST166,P035,Peanut_Butter,3,4.76,STORE01
T1943,2024-03-12,11:20:25,CUST166,P022,Sugar,3,3.03,STORE01
T1943,2024-03-12,11:20:25,CUST166,P013,Onions,1,1.81,STORE01
T1944,2024-01-28,09:12:33,CUST116,P041,Juice,1,3.72,STORE03
T1944,2024-01-28,09:12:33,CUST116,P001,Bread,5,3.04,STORE03
T1945,2024-03-27,20:57:29,CUST253,P003,Eggs,1,5.21,STORE05
T1945,2024-03-27,20:57:29,CUST253,P014,Potatoes,1,2.72,STORE05
T1945,2024-03-27,20:57:29,CUST253,P022,Sugar,2,3.07,STORE05
T1946,2024-02-02,16:05:48,CUST083,P042,Water,3,1.81,STORE03
T1946,2024-02-02,16:05:48,CUST083,P043,Beer,4,8.49,STORE03
T1946,2024-02-02,16:05:48,CUST083,P032,Frozen_Pizza,4,7.62,STORE03
T1947,2024-01-05,20:31:18,CUST298,P003,Eggs,3,4.84,STORE03
T1947,2024-01-05,20:31:18,CUST298,P021,Tea,3,3.87,STORE03
T1947,2024-01-05,20:31:18,CUST298,P024,Pepper,1,2.79,STORE03
T1947,2024-01-05,20:31:18,CUST298,P043,Beer,4,9.32,STORE03
T1947,2024-01-05,20:31:18,CUST298,P048,Soap,3,3.11,STORE03
T1948,2024-03-04,16:32:40,CUST261,P050,Paper_Towels,4,6.99,STORE03
T1948,2024-03-04,16:32:40,CUST261,P043,Beer,3,9.54,STORE03
T1948,2024-03-04,16:32:40,CUST261,P030,Chocolate,4,5.12,STORE03
T1948,2024-03-04,16:32:40,CUST261,P008,Beef,4,13.64,STORE03
T1949,2024-03-15,08:22:24,CUST377,P041,Juice,5,4.22,STORE02
T1949,2024-03-15,08:22:24,CUST377,P029,Vanilla,3,4.11,STORE02
T1949,2024-03-15,08:22:24,CUST377,P035,Peanut_Butter,4,4.88,STORE02
T1949,2024-03-15,08:22:24,CUST377,P015,Carrots,2,1.96,STORE02
T1949,2024-03-15,08:22:24,CUST377,P046,Shampoo,1,6.48,STORE02
T1950,2024-02-14,16:48:45,CUST441,P035,Peanut_Butter,2,5.16,STORE01
T1950,2024-02-14,16:48:45,CUST441,P002,Milk,3,3.75,STORE01
T1950,2024-02-14,16:48:45,CUST441,P029,Vanilla,1,4.29,STORE01
T1950,2024-02-14,16:48:45,CUST441,P018,Oranges,2,4.29,STORE01
T1951,2024-02-10,12:14:17,CUST230,P019,Cereal,3,4.71,STORE04
T1951,2024-02-10,12:14:17,CUST230,P017,Bananas,4,1.82,STORE04
T1951,2024-02-10,12:14:17,CUST230,P002,Milk,4,3.66,STORE04
T1952,2024-02-11,11:22:46,CUST473,P048,Soap,3,3.15,STORE01
T1952,2024-02-11,11:22:46,CUST473,P024,Pepper,2,3.08,STORE01
T1952,2024-02-11,11:22:46,CUST473,P025,Oil,2,5.21,STORE01
T1952,2024-02-11,11:22:46,CUST473,P044,Wine,2,11.78,STORE01
T1953,2024-01-02,12:29:35,CUST363,P002,Milk,3,3.7,STORE01
T1953,2024-01-02,12:29:35,CUST363,P020,Coffee,2,7.41,STORE01
T1953,2024-01-02,12:29:35,CUST363,P035,Peanut_Butter,5,4.68,STORE01
T1953,2024-01-02,12:29:35,CUST363,P001,Bread,2,3.18,STORE01
T1954,2024-01-29,09:38:00,CUST375,P027,Flour,3,3.66,STORE04
T1954,2024-01-29,09:38:00,CUST375,P005,Cheese,1,6.3,STORE04
T1954,2024-01-29,09:38:00,CUST375,P012,Tomatoes,4,2.89,STORE04
T1955,2024-02-05,18:44:44,CUST119,P017,Bananas,4,2.07,STORE05
T1955,2024-02-05,18:44:44,CUST119,P033,Soup,3,2.96,STORE05
T1956,2024-02-04,19:29:17,CUST065,P048,Soap,3,3.03,STORE05
T1956,2024-02-04,19:29:17,CUST065,P013,Onions,2,2.04,STORE05
T1956,2024-02-04,19:29:17,CUST065,P028,Baking_Powder,1,1.85,STORE05
T1957,2024-01-02,19:34:05,CUST441,P039,Chips,1,3.89,STORE03
T1957,2024-01-02,19:34:05,CUST441,P031,Ice_Cream,1,6.16,STORE03
T1957,2024-01-02,19:34:05,CUST441,P040,Soda,3,3.24,STORE03
T1957,2024-01-02,19:34:05,CUST441,P043,Beer,2,9.01,STORE03
T1957,2024-01-02,19:34:05,CUST441,P007,Chicken,4,9.69,STORE03
T1958,2024-03-27,18:36:35,CUST116,P031,Ice_Cream,2,6.09,STORE05
T1958,2024-03-27,18:36:35,CUST116,P039,Chips,3,3.93,STORE05
T1959,2024-01-31,14:25:54,CUST284,P023,Salt,1,1.42,STORE04
T1959,2024-01-31,14:25:54,CUST284,P031,Ice_Cream,1,6.13,STORE04
T1959,2024-01-31,14:25:54,CUST284,P032,Frozen_Pizza,3,7.39,STORE04
T1960,2024-01-26,12:50:40,CUST413,P011,Pasta,3,2.61,STORE04
T1960,2024-01-26,12:50:40,CUST413,P049,Tissues,1,4.74,STORE04
T1960,2024-01-26,12:50:40,CUST413,P004,Butter,2,5.94,STORE04
T1960,2024-01-26,12:50:40,CUST413,P030,Chocolate,3,4.63,STORE04
T1960,2024-01-26,12:50:40,CUST413,P046,Shampoo,2,5.64,STORE04
T1961,2024-01-21,08:30:43,CUST360,P041,Juice,4,3.91,STORE01
T1961,2024-01-21,08:30:43,CUST360,P038,Nuts,3,6.35,STORE01
T1961,2024-01-21,08:30:43,CUST360,P008,Beef,5,13.25,STORE01
T1961,2024-01-21,08:30:43,CUST360,P012,Tomatoes,5,3.17,STORE01
T1961,2024-01-21,08:30:43,CUST360,P050,Paper_Towels,4,7.54,STORE01
T1962,2024-02-16,16:52:46,CUST311,P034,Crackers,4,3.5,STORE04
T1962,2024-02-16,16:52:46,CUST311,P026,Vinegar,3,2.71,STORE04
T1962,2024-02-16,16:52:46,CUST311,P050,Paper_Towels,4,6.37,STORE04
T1962,2024-02-16,16:52:46,CUST311,P033,Soup,2,3.16,STORE04
T1963,2024-01-25,17:25:12,CUST041,P004,Butter,4,5.97,STORE03
T1963,2024-01-25,17:25:12,CUST041,P041,Juice,1,3.74,STORE03
T1963,2024-01-25,17:25:12,CUST041,P028,Baking_Powder,2,2.0,STORE03
T1964,2024-01-21,15:01:01,CUST154,P047,Toothpaste,4,4.04,STORE04
T1964,2024-01-21,15:01:01,CUST154,P039,Chips,2,3.66,STORE04
T1964,2024-01-21,15:01:01,CUST154,P044,Wine,2,13.22,STORE04
T1964,2024-01-21,15:01:01,CUST154,P036,Jam,2,4.33,STORE04
T1965,2024-02-16,17:56:25,CUST180,P027,Flour,4,3.6,STORE01
T1965,2024-02-16,17:56:25,CUST180,P038,Nuts,2,6.77,STORE01
T1965,2024-02-16,17:56:25,CUST180,P040,Soda,3,2.94,STORE01
T1965,2024-02-16,17:56:25,CUST180,P005,Cheese,3,6.39,STORE01
T1966,2024-01-22,15:34:26,CUST332,P047,Toothpaste,1,3.7,STORE03
T1966,2024-01-22,15:34:26,CUST332,P004,Butter,4,5.12,STORE03
T1966,2024-01-22,15:34:26,CUST332,P040,Soda,2,2.84,STORE03
T1966,2024-01-22,15:34:26,CUST332,P050,Paper_Towels,1,6.42,STORE03
T1966,2024-01-22,15:34:26,CUST332,P037,Honey,1,6.39,STORE03
T1967,2024-01-26,11:47:03,CUST139,P025,Oil,3,5.06,STORE05
T1967,2024-01-26,11:47:03,CUST139,P018,Oranges,4,4.65,STORE05
T1968,2024-02-29,10:53:29,CUST190,P029,Vanilla,2,3.6,STORE04
T1968,2024-02-29,10:53:29,CUST190,P035,Peanut_Butter,1,5.25,STORE04
T1968,2024-02-29,10:53:29,CUST190,P005,Cheese,2,6.47,STORE04
T1969,2024-03-10,17:30:30,CUST260,P047,Toothpaste,5,3.94,STORE01
T1969,2024-03-10,17:30:30,CUST260,P048,Soap,5,3.08,STORE01
T1969,2024-03-10,17:30:30,CUST260,P037,Honey,3,6.08,STORE01
T1970,2024-03-15,08:19:32,CUST045,P016,Apples,4,3.65,STORE04
T1970,2024-03-15,08:19:32,CUST045,P024,Pepper,2,2.98,STORE04
T1971,2024-01-16,17:34:36,CUST106,P046,Shampoo,4,6.54,STORE01
T1971,2024-01-16,17:34:36,CUST106,P004,Butter,4,6.0,STORE01
T1972,2024-01-27,19:25:39,CUST268,P023,Salt,5,1.6,STORE02
T1972,2024-01-27,19:25:39,CUST268,P046,Shampoo,4,5.4,STORE02
T1973,2024-03-05,14:31:12,CUST319,P010,Rice,4,3.89,STORE02
T1973,2024-03-05,14:31:12,CUST319,P008,Beef,3,13.48,STORE02
T1973,2024-03-05,14:31:12,CUST319,P028,Baking_Powder,5,1.85,STORE02
T1973,2024-03-05,14:31:12,CUST319,P013,Onions,1,2.11,STORE02
T1973,2024-03-05,14:31:12,CUST319,P014,Potatoes,5,2.72,STORE02
T1974,2024-02-13,20:24:14,CUST151,P002,Milk,3,3.74,STORE05
T1974,2024-02-13,20:24:14,CUST151,P009,Fish,4,10.25,STORE05
T1974,2024-02-13,20:24:14,CUST151,P014,Potatoes,4,2.25,STORE05
T1975,2024-02-15,13:00:40,CUST375,P023,Salt,2,1.35,STORE02
T1975,2024-02-15,13:00:40,CUST375,P045,Detergent,1,7.65,STORE02
T1976,2024-03-29,21:33:04,CUST427,P026,Vinegar,3,2.59,STORE05
T1976,2024-03-29,21:33:04,CUST427,P029,Vanilla,2,4.14,STORE05
T1976,2024-03-29,21:33:04,CUST427,P039,Chips,2,3.62,STORE05
T1976,2024-03-29,21:33:04,CUST427,P013,Onions,3,1.99,STORE05
T1977,2024-01-31,13:37:36,CUST401,P026,Vinegar,5,2.38,STORE03
T1977,2024-01-31,13:37:36,CUST401,P024,Pepper,2,3.14,STORE03
T1977,2024-01-31,13:37:36,CUST401,P027,Flour,1,3.59,STORE03
T1977,2024-01-31,13:37:36,CUST401,P013,Onions,3,1.89,STORE03
T1977,2024-01-31,13:37:36,CUST401,P030,Chocolate,1,5.36,STORE03
T1978,2024-02-15,20:39:56,CUST393,P034,Crackers,1,3.71,STORE05
T1978,2024-02-15,20:39:56,CUST393,P019,Cereal,5,4.81,STORE05
T1979,2024-03-02,12:40:58,CUST334,P021,Tea,5,3.68,STORE05
T1979,2024-03-02,12:40:58,CUST334,P041,Juice,5,4.27,STORE05
T1979,2024-03-02,12:40:58,CUST334,P037,Honey,1,6.22,STORE05
T1980,2024-03-01,12:23:15,CUST100,P034,Crackers,3,3.36,STORE05
T1980,2024-03-01,12:23:15,CUST100,P050,Paper_Towels,2,7.35,STORE05
T1980,2024-03-01,12:23:15,CUST100,P024,Pepper,5,2.99,STORE05
T1981,2024-01-01,12:37:26,CUST042,P001,Bread,2,3.22,STORE01
T1981,2024-01-01,12:37:26,CUST042,P029,Vanilla,3,3.61,STORE01
T1981,2024-01-01,12:37:26,CUST042,P035,Peanut_Butter,4,4.61,STORE01
T1981,2024-01-01,12:37:26,CUST042,P004,Butter,1,5.78,STORE01
T1981,2024-01-01,12:37:26,CUST042,P036,Jam,5,4.29,STORE01
T1982,2024-01-12,19:47:44,CUST023,P043,Beer,5,9.41,STORE03
T1982,2024-01-12,19:47:44,CUST023,P039,Chips,2,4.33,STORE03
T1982,2024-01-12,19:47:44,CUST023,P003,Eggs,5,4.53,STORE03
T1982,2024-01-12,19:47:44,CUST023,P008,Beef,2,13.67,STORE03
T1983,2024-01-05,10:36:36,CUST380,P028,Baking_Powder,5,2.07,STORE04
T1983,2024-01-05,10:36:36,CUST380,P032,Frozen_Pizza,5,6.32,STORE04
T1983,2024-01-05,10:36:36,CUST380,P044,Wine,4,14.18,STORE04
T1983,2024-01-05,10:36:36,CUST380,P033,Soup,2,2.72,STORE04
T1984,2024-02-08,21:44:08,CUST104,P031,Ice_Cream,1,5.74,STORE01
T1984,2024-02-08,21:44:08,CUST104,P030,Chocolate,5,4.7,STORE01
T1984,2024-02-08,21:44:08,CUST104,P005,Cheese,4,6.71,STORE01
T1985,2024-01-12,21:52:02,CUST103,P040,Soda,2,2.82,STORE02
T1985,2024-01-12,21:52:02,CUST103,P021,Tea,3,4.03,STORE02
T1985,2024-01-12,21:52:02,CUST103,P007,Chicken,5,9.57,STORE02
T1986,2024-02-01,17:44:47,CUST202,P047,Toothpaste,3,4.35,STORE03
T1986,2024-02-01,17:44:47,CUST202,P009,Fish,2,10.38,STORE03
T1986,2024-02-01,17:44:47,CUST202,P025,Oil,3,5.44,STORE03
T1987,2024-01-04,11:13:42,CUST164,P036,Jam,5,3.8,STORE03
T1987,2024-01-04,11:13:42,CUST164,P050,Paper_Towels,1,7.5,STORE03
T1987,2024-01-04,11:13:42,CUST164,P001,Bread,1,2.82,STORE03
T1988,2024-02-20,17:31:32,CUST275,P016,Apples,1,4.1,STORE02
T1988,2024-02-20,17:31:32,CUST275,P011,Pasta,5,2.48,STORE02
T1988,2024-02-20,17:31:32,CUST275,P026,Vinegar,3,2.66,STORE02
T1988,2024-02-20,17:31:32,CUST275,P017,Bananas,4,2.02,STORE02
T1988,2024-02-20,17:31:32,CUST275,P032,Frozen_Pizza,3,7.26,STORE02
T1989,2024-03-14,19:47:43,CUST420,P007,Chicken,4,9.3,STORE01
T1989,2024-03-14,19:47:43,CUST420,P012,Tomatoes,1,2.76,STORE01
T1990,2024-03-05,12:47:37,CUST323,P042,Water,4,1.99,STORE04
T1990,2024-03-05,12:47:37,CUST323,P035,Peanut_Butter,4,5.08,STORE04
T1991,2024-03-13,10:59:06,CUST316,P023,Salt,1,1.4,STORE05
T1991,2024-03-13,10:59:06,CUST316,P038,Nuts,5,6.41,STORE05
T1991,2024-03-13,10:59:06,CUST316,P022,Sugar,1,3.0,STORE05
T1992,2024-01-23,14:01:52,CUST488,P002,Milk,5,3.14,STORE05
T1992,2024-01-23,14:01:52,CUST488,P015,Carrots,4,1.66,STORE05
T1992,2024-01-23,14:01:52,CUST488,P028,Baking_Powder,2,2.18,STORE05
T1993,2024-01-15,18:53:28,CUST287,P034,Crackers,1,3.21,STORE04
T1993,2024-01-15,18:53:28,CUST287,P026,Vinegar,1,2.45,STORE04
T1993,2024-01-15,18:53:28,CUST287,P049,Tissues,5,5.27,STORE04
T1993,2024-01-15,18:53:28,CUST287,P021,Tea,5,3.87,STORE04
T1993,2024-01-15,18:53:28,CUST287,P050,Paper_Towels,2,6.39,STORE04
T1994,2024-02-10,17:05:01,CUST244,P040,Soda,5,2.85,STORE04
T1994,2024-02-10,17:05:01,CUST244,P007,Chicken,3,9.5,STORE04
T1994,2024-02-10,17:05:01,CUST244,P043,Beer,2,9.79,STORE04
T1994,2024-02-10,17:05:01,CUST244,P032,Frozen_Pizza,3,7.66,STORE04
T1995,2024-02-06,17:56:02,CUST211,P034,Crackers,5,3.41,STORE02
T1995,2024-02-06,17:56:02,CUST211,P015,Carrots,3,1.67,STORE02
T1995,2024-02-06,17:56:02,CUST211,P007,Chicken,1,9.88,STORE02
T1995,2024-02-06,17:56:02,CUST211,P018,Oranges,2,4.07,STORE02
T1996,2024-02-25,08:38:40,CUST067,P044,Wine,3,13.62,STORE04
T1996,2024-02-25,08:38:40,CUST067,P028,Baking_Powder,3,1.95,STORE04
T1997,2024-02-13,08:56:55,CUST186,P023,Salt,1,1.38,STORE03
T1997,2024-02-13,08:56:55,CUST186,P036,Jam,5,4.34,STORE03
T1998,2024-01-19,13:21:08,CUST354,P006,Yogurt,4,2.1,STORE03
T1998,2024-01-19,13:21:08,CUST354,P028,Baking_Powder,3,2.08,STORE03
T1998,2024-01-19,13:21:08,CUST354,P020,Coffee,5,7.55,STORE03
T1998,2024-01-19,13:21:08,CUST354,P007,Chicken,2,8.86,STORE03
T1998,2024-01-19,13:21:08,CUST354,P037,Honey,1,6.57,STORE03
T1999,2024-02-02,10:36:12,CUST191,P048,Soap,2,3.15,STORE04
T1999,2024-02-02,10:36:12,CUST191,P044,Wine,3,12.33,STORE04
T2000,2024-02-17,15:01:27,CUST201,P004,Butter,2,5.44,STORE02
T2000,2024-02-17,15:01:27,CUST201,P001,Bread,4,3.16,STORE02
T2001,2024-01-27,15:58:34,CUST381,P010,Rice,2,4.38,STORE03
T2001,2024-01-27,15:58:34,CUST381,P035,Peanut_Butter,4,4.87,STORE03
T2002,2024-03-25,09:59:55,CUST048,P049,Tissues,4,5.06,STORE05
T2002,2024-03-25,09:59:55,CUST048,P025,Oil,1,4.77,STORE05
T2002,2024-03-25,09:59:55,CUST048,P018,Oranges,2,4.09,STORE05
T2002,2024-03-25,09:59:55,CUST048,P021,Tea,2,4.26,STORE05
T2003,2024-01-03,09:21:43,CUST475,P018,Oranges,1,4.46,STORE03
T2003,2024-01-03,09:21:43,CUST475,P035,Peanut_Butter,1,5.02,STORE03
T2004,2024-01-15,15:27:21,CUST087,P028,Baking_Powder,5,2.03,STORE05
T2004,2024-01-15,15:27:21,CUST087,P017,Bananas,4,1.84,STORE05
T2004,2024-01-15,15:27:21,CUST087,P030,Chocolate,2,5.05,STORE05
T2004,2024-01-15,15:27:21,CUST087,P045,Detergent,2,7.35,STORE05
T2004,2024-01-15,15:27:21,CUST087,P046,Shampoo,1,5.73,STORE05
T2005,2024-03-05,15:18:39,CUST392,P048,Soap,5,2.9,STORE04
T2005,2024-03-05,15:18:39,CUST392,P016,Apples,3,3.86,STORE04
T2005,2024-03-05,15:18:39,CUST392,P023,Salt,5,1.6,STORE04
T2005,2024-03-05,15:18:39,CUST392,P043,Beer,2,8.63,STORE04
T2006,2024-03-13,10:12:29,CUST105,P034,Crackers,4,3.37,STORE05
T2006,2024-03-13,10:12:29,CUST105,P016,Apples,1,4.02,STORE05
T2006,2024-03-13,10:12:29,CUST105,P021,Tea,4,3.83,STORE05
T2006,2024-03-13,10:12:29,CUST105,P033,Soup,2,2.72,STORE05
T2007,2024-01-19,16:20:36,CUST111,P013,Onions,1,2.18,STORE03
T2007,2024-01-19,16:20:36,CUST111,P008,Beef,5,13.75,STORE03
T2007,2024-01-19,16:20:36,CUST111,P014,Potatoes,1,2.68,STORE03
T2007,2024-01-19,16:20:36,CUST111,P005,Cheese,2,6.56,STORE03
T2008,2024-02-01,17:05:51,CUST488,P020,Coffee,5,7.7,STORE05
T2008,2024-02-01,17:05:51,CUST488,P011,Pasta,1,2.32,STORE05
T2008,2024-02-01,17:05:51,CUST488,P030,Chocolate,2,4.86,STORE05
T2009,2024-02-19,08:10:58,CUST051,P027,Flour,1,3.25,STORE02
T2009,2024-02-19,08:10:58,CUST051,P004,Butter,1,5.45,STORE02
T2009,2024-02-19,08:10:58,CUST051,P009,Fish,1,10.6,STORE02
T2010,2024-03-01,19:22:50,CUST461,P013,Onions,1,1.95,STORE05
T2010,2024-03-01,19:22:50,CUST461,P016,Apples,1,4.07,STORE05
T2010,2024-03-01,19:22:50,CUST461,P005,Cheese,3,6.42,STORE05
T2011,2024-03-04,18:30:24,CUST051,P027,Flour,4,3.72,STORE05
T2011,2024-03-04,18:30:24,CUST051,P003,Eggs,2,5.3,STORE05
T2011,2024-03-04,18:30:24,CUST051,P011,Pasta,2,2.35,STORE05
T2012,2024-02-25,10:45:16,CUST270,P004,Butter,2,5.41,STORE03
T2012,2024-02-25,10:45:16,CUST270,P013,Onions,3,2.12,STORE03
T2012,2024-02-25,10:45:16,CUST270,P003,Eggs,5,4.75,STORE03
T2013,2024-02-13,15:56:19,CUST494,P027,Flour,4,3.59,STORE01
T2013,2024-02-13,15:56:19,CUST494,P033,Soup,4,3.14,STORE01
T2014,2024-01-23,18:29:32,CUST143,P049,Tissues,3,5.3,STORE01
T2014,2024-01-23,18:29:32,CUST143,P012,Tomatoes,2,2.73,STORE01
T2014,2024-01-23,18:29:32,CUST143,P028,Baking_Powder,4,2.15,STORE01
T2015,2024-01-05,14:50:30,CUST050,P023,Salt,3,1.54,STORE02
T2015,2024-01-05,14:50:30,CUST050,P029,Vanilla,3,3.88,STORE02
T2015,2024-01-05,14:50:30,CUST050,P041,Juice,2,3.68,STORE02
T2015,2024-01-05,14:50:30,CUST050,P050,Paper_Towels,4,7.43,STORE02
T2016,2024-03-10,08:57:16,CUST427,P023,Salt,4,1.62,STORE05
T2016,2024-03-10,08:57:16,CUST427,P002,Milk,2,3.24,STORE05
T2016,2024-03-10,08:57:16,CUST427,P038,Nuts,1,7.48,STORE05
T2017,2024-02-15,14:30:08,CUST121,P009,Fish,3,10.76,STORE05
T2017,2024-02-15,14:30:08,CUST121,P038,Nuts,3,7.5,STORE05
T2018,2024-02-12,19:14:29,CUST447,P041,Juice,2,3.8,STORE02
T2018,2024-02-12,19:14:29,CUST447,P047,Toothpaste,5,4.16,STORE02
T2018,2024-02-12,19:14:29,CUST447,P045,Detergent,3,7.94,STORE02
T2018,2024-02-12,19:14:29,CUST447,P048,Soap,2,3.08,STORE02
T2018,2024-02-12,19:14:29,CUST447,P046,Shampoo,4,5.82,STORE02
T2019,2024-02-26,19:26:05,CUST072,P042,Water,1,1.82,STORE01
T2019,2024-02-26,19:26:05,CUST072,P046,Shampoo,5,6.31,STORE01
T2019,2024-02-26,19:26:05,CUST072,P016,Apples,5,4.13,STORE01
T2019,2024-02-26,19:26:05,CUST072,P017,Bananas,1,2.09,STORE01
T2020,2024-02-22,09:57:54,CUST001,P004,Butter,5,6.02,STORE04
T2020,2024-02-22,09:57:54,CUST001,P003,Eggs,5,5.4,STORE04
T2020,2024-02-22,09:57:54,CUST001,P014,Potatoes,2,2.28,STORE04
T2020,2024-02-22,09:57:54,CUST001,P036,Jam,4,3.81,STORE04
T2021,2024-03-15,10:36:03,CUST359,P006,Yogurt,2,2.08,STORE03
T2021,2024-03-15,10:36:03,CUST359,P008,Beef,2,11.91,STORE03
T2022,2024-01-21,12:09:50,CUST165,P003,Eggs,4,4.9,STORE03
T2022,2024-01-21,12:09:50,CUST165,P011,Pasta,2,2.31,STORE03
T2022,2024-01-21,12:09:50,CUST165,P028,Baking_Powder,2,1.94,STORE03
T2023,2024-03-11,18:28:41,CUST321,P003,Eggs,5,5.32,STORE02
T2023,2024-03-11,18:28:41,CUST321,P026,Vinegar,1,2.68,STORE02
T2023,2024-03-11,18:28:41,CUST321,P031,Ice_Cream,2,5.47,STORE02
T2023,2024-03-11,18:28:41,CUST321,P040,Soda,5,2.74,STORE02
T2023,2024-03-11,18:28:41,CUST321,P032,Frozen_Pizza,5,6.82,STORE02
T2024,2024-03-29,08:13:16,CUST460,P004,Butter,2,5.26,STORE04
T2024,2024-03-29,08:13:16,CUST460,P045,Detergent,4,8.76,STORE04
T2025,2024-01-24,15:18:00,CUST369,P002,Milk,4,3.67,STORE03
T2025,2024-01-24,15:18:00,CUST369,P013,Onions,2,2.06,STORE03
T2025,2024-01-24,15:18:00,CUST369,P038,Nuts,4,6.57,STORE03
T2025,2024-01-24,15:18:00,CUST369,P001,Bread,4,2.89,STORE03
T2026,2024-01-14,12:58:17,CUST296,P034,Crackers,4,3.41,STORE02
T2026,2024-01-14,12:58:17,CUST296,P006,Yogurt,5,2.09,STORE02
T2026,2024-01-14,12:58:17,CUST296,P025,Oil,5,5.32,STORE02
T2026,2024-01-14,12:58:17,CUST296,P026,Vinegar,3,2.66,STORE02
T2026,2024-01-14,12:58:17,CUST296,P038,Nuts,4,7.64,STORE02
T2027,2024-02-06,14:16:26,CUST211,P047,Toothpaste,2,4.33,STORE01
T2027,2024-02-06,14:16:26,CUST211,P026,Vinegar,4,2.64,STORE01
T2027,2024-02-06,14:16:26,CUST211,P017,Bananas,3,1.89,STORE01
T2027,2024-02-06,14:16:26,CUST211,P035,Peanut_Butter,2,5.16,STORE01
T2028,2024-03-05,21:19:55,CUST206,P031,Ice_Cream,1,6.15,STORE01
T2028,2024-03-05,21:19:55,CUST206,P019,Cereal,4,4.88,STORE01
T2028,2024-03-05,21:19:55,CUST206,P002,Milk,2,3.36,STORE01
T2029,2024-02-04,11:54:19,CUST321,P042,Water,2,1.84,STORE04
T2029,2024-02-04,11:54:19,CUST321,P006,Yogurt,5,1.81,STORE04
T2029,2024-02-04,11:54:19,CUST321,P032,Frozen_Pizza,2,6.34,STORE04
T2029,2024-02-04,11:54:19,CUST321,P014,Potatoes,1,2.34,STORE04
T2030,2024-02-13,11:52:42,CUST298,P031,Ice_Cream,5,5.5,STORE02
T2030,2024-02-13,11:52:42,CUST298,P039,Chips,2,4.31,STORE02
T2030,2024-02-13,11:52:42,CUST298,P032,Frozen_Pizza,2,7.65,STORE02
T2030,2024-02-13,11:52:42,CUST298,P037,Honey,2,6.2,STORE02
T2031,2024-01-21,17:28:00,CUST063,P019,Cereal,4,4.62,STORE03
T2031,2024-01-21,17:28:00,CUST063,P039,Chips,3,4.0,STORE03
T2031,2024-01-21,17:28:00,CUST063,P031,Ice_Cream,3,5.71,STORE03
T2031,2024-01-21,17:28:00,CUST063,P040,Soda,4,3.02,STORE03
T2031,2024-01-21,17:28:00,CUST063,P043,Beer,5,9.24,STORE03
T2032,2024-03-12,10:09:30,CUST292,P006,Yogurt,2,1.84,STORE03
T2032,2024-03-12,10:09:30,CUST292,P002,Milk,1,3.62,STORE03
T2032,2024-03-12,10:09:30,CUST292,P025,Oil,4,5.27,STORE03
T2032,2024-03-12,10:09:30,CUST292,P021,Tea,5,4.2,STORE03
T2032,2024-03-12,10:09:30,CUST292,P014,Potatoes,2,2.53,STORE03
T2033,2024-01-14,18:18:13,CUST258,P035,Peanut_Butter,2,5.17,STORE03
T2033,2024-01-14,18:18:13,CUST258,P027,Flour,4,3.71,STORE03
T2033,2024-01-14,18:18:13,CUST258,P030,Chocolate,2,4.54,STORE03
T2033,2024-01-14,18:18:13,CUST258,P044,Wine,2,13.49,STORE03
T2033,2024-01-14,18:18:13,CUST258,P046,Shampoo,3,6.22,STORE03
T2034,2024-03-13,21:33:29,CUST015,P002,Milk,1,3.63,STORE03
T2034,2024-03-13,21:33:29,CUST015,P007,Chicken,4,9.47,STORE03
T2035,2024-02-18,17:02:33,CUST089,P050,Paper_Towels,1,6.47,STORE01
T2035,2024-02-18,17:02:33,CUST089,P003,Eggs,5,4.78,STORE01
T2035,2024-02-18,17:02:33,CUST089,P001,Bread,2,2.88,STORE01
T2036,2024-03-17,08:41:18,CUST152,P042,Water,4,2.04,STORE03
T2036,2024-03-17,08:41:18,CUST152,P025,Oil,1,4.81,STORE03
T2036,2024-03-17,08:41:18,CUST152,P018,Oranges,4,4.55,STORE03
T2036,2024-03-17,08:41:18,CUST152,P037,Honey,5,6.31,STORE03
T2037,2024-01-19,13:28:33,CUST360,P047,Toothpaste,2,4.02,STORE03
T2037,2024-01-19,13:28:33,CUST360,P046,Shampoo,2,6.24,STORE03
T2037,2024-01-19,13:28:33,CUST360,P038,Nuts,3,7.38,STORE03
T2037,2024-01-19,13:28:33,CUST360,P018,Oranges,2,4.6,STORE03
T2038,2024-01-08,19:13:29,CUST204,P002,Milk,4,3.37,STORE05
T2038,2024-01-08,19:13:29,CUST204,P021,Tea,1,3.67,STORE05
T2039,2024-01-14,13:38:56,CUST371,P041,Juice,4,4.17,STORE05
T2039,2024-01-14,13:38:56,CUST371,P042,Water,5,1.87,STORE05
T2039,2024-01-14,13:38:56,CUST371,P022,Sugar,3,3.22,STORE05
T2039,2024-01-14,13:38:56,CUST371,P028,Baking_Powder,5,2.12,STORE05
T2039,2024-01-14,13:38:56,CUST371,P015,Carrots,4,1.77,STORE05
T2040,2024-03-29,15:16:33,CUST434,P023,Salt,2,1.61,STORE04
T2040,2024-03-29,15:16:33,CUST434,P019,Cereal,3,4.63,STORE04
T2040,2024-03-29,15:16:33,CUST434,P002,Milk,1,3.2,STORE04
T2040,2024-03-29,15:16:33,CUST434,P022,Sugar,1,3.07,STORE04
T2041,2024-02-25,09:37:47,CUST180,P046,Shampoo,3,6.31,STORE04
T2041,2024-02-25,09:37:47,CUST180,P041,Juice,1,4.25,STORE04
T2042,2024-02-15,08:40:28,CUST416,P020,Coffee,2,8.22,STORE02
T2042,2024-02-15,08:40:28,CUST416,P038,Nuts,5,6.46,STORE02
T2042,2024-02-15,08:40:28,CUST416,P007,Chicken,5,8.51,STORE02
T2042,2024-02-15,08:40:28,CUST416,P033,Soup,5,2.91,STORE02
T2043,2024-01-05,17:12:58,CUST368,P035,Peanut_Butter,2,5.23,STORE03
T2043,2024-01-05,17:12:58,CUST368,P024,Pepper,3,3.27,STORE03
T2043,2024-01-05,17:12:58,CUST368,P015,Carrots,3,1.71,STORE03
T2044,2024-02-07,16:27:39,CUST291,P026,Vinegar,3,2.36,STORE04
T2044,2024-02-07,16:27:39,CUST291,P003,Eggs,5,4.78,STORE04
T2045,2024-02-13,16:10:01,CUST374,P040,Soda,5,2.81,STORE01
T2045,2024-02-13,16:10:01,CUST374,P043,Beer,1,9.56,STORE01
T2045,2024-02-13,16:10:01,CUST374,P032,Frozen_Pizza,2,7.54,STORE01
T2045,2024-02-13,16:10:01,CUST374,P011,Pasta,3,2.27,STORE01
T2046,2024-02-02,10:07:31,CUST377,P002,Milk,3,3.41,STORE04
T2046,2024-02-02,10:07:31,CUST377,P013,Onions,4,1.8,STORE04
T2046,2024-02-02,10:07:31,CUST377,P025,Oil,4,5.4,STORE04
T2047,2024-03-17,15:22:57,CUST184,P043,Beer,5,9.34,STORE02
T2047,2024-03-17,15:22:57,CUST184,P032,Frozen_Pizza,4,7.02,STORE02
T2047,2024-03-17,15:22:57,CUST184,P022,Sugar,5,2.94,STORE02
T2048,2024-02-21,17:30:24,CUST041,P006,Yogurt,3,2.01,STORE05
T2048,2024-02-21,17:30:24,CUST041,P003,Eggs,2,4.89,STORE05
T2048,2024-02-21,17:30:24,CUST041,P001,Bread,3,2.92,STORE05
T2048,2024-02-21,17:30:24,CUST041,P022,Sugar,4,2.88,STORE05
T2048,2024-02-21,17:30:24,CUST041,P004,Butter,3,5.08,STORE05
T2049,2024-02-03,13:54:02,CUST262,P010,Rice,4,4.06,STORE05
T2049,2024-02-03,13:54:02,CUST262,P007,Chicken,4,8.93,STORE05
T2049,2024-02-03,13:54:02,CUST262,P014,Potatoes,5,2.45,STORE05
T2049,2024-02-03,13:54:02,CUST262,P012,Tomatoes,5,3.13,STORE05
T2050,2024-02-05,19:22:32,CUST224,P034,Crackers,3,3.23,STORE02
T2050,2024-02-05,19:22:32,CUST224,P032,Frozen_Pizza,4,6.79,STORE02
T2050,2024-02-05,19:22:32,CUST224,P014,Potatoes,2,2.49,STORE02
T2050,2024-02-05,19:22:32,CUST224,P012,Tomatoes,5,2.92,STORE02
T2051,2024-02-15,14:16:01,CUST498,P027,Flour,3,3.31,STORE05
T2051,2024-02-15,14:16:01,CUST498,P024,Pepper,2,3.25,STORE05
T2051,2024-02-15,14:16:01,CUST498,P036,Jam,1,4.21,STORE05
T2052,2024-01-18,13:37:03,CUST091,P016,Apples,2,4.03,STORE01
T2052,2024-01-18,13:37:03,CUST091,P015,Carrots,1,1.79,STORE01
T2052,2024-01-18,13:37:03,CUST091,P022,Sugar,3,2.83,STORE01
T2053,2024-02-25,21:47:23,CUST434,P006,Yogurt,4,1.86,STORE02
T2053,2024-02-25,21:47:23,CUST434,P007,Chicken,3,8.69,STORE02
T2053,2024-02-25,21:47:23,CUST434,P025,Oil,4,4.98,STORE02
T2053,2024-02-25,21:47:23,CUST434,P033,Soup,2,2.85,STORE02
T2054,2024-01-30,09:44:39,CUST407,P049,Tissues,3,5.34,STORE05
T2054,2024-01-30,09:44:39,CUST407,P043,Beer,2,9.24,STORE05
T2054,2024-01-30,09:44:39,CUST407,P012,Tomatoes,2,3.05,STORE05
T2054,2024-01-30,09:44:39,CUST407,P050,Paper_Towels,5,6.92,STORE05
T2054,2024-01-30,09:44:39,CUST407,P007,Chicken,2,9.56,STORE05
T2055,2024-03-23,11:50:24,CUST207,P017,Bananas,2,2.02,STORE01
T2055,2024-03-23,11:50:24,CUST207,P024,Pepper,5,2.71,STORE01
T2055,2024-03-23,11:50:24,CUST207,P049,Tissues,3,5.07,STORE01
T2055,2024-03-23,11:50:24,CUST207,P015,Carrots,2,1.71,STORE01
T2056,2024-02-26,14:08:14,CUST043,P047,Toothpaste,3,4.25,STORE01
T2056,2024-02-26,14:08:14,CUST043,P006,Yogurt,4,1.95,STORE01
T2056,2024-02-26,14:08:14,CUST043,P029,Vanilla,1,3.79,STORE01
T2056,2024-02-26,14:08:14,CUST043,P044,Wine,1,13.99,STORE01
T2057,2024-02-19,10:52:32,CUST493,P034,Crackers,4,3.34,STORE02
T2057,2024-02-19,10:52:32,CUST493,P039,Chips,1,4.01,STORE02
T2057,2024-02-19,10:52:32,CUST493,P050,Paper_Towels,3,7.5,STORE02
T2057,2024-02-19,10:52:32,CUST493,P012,Tomatoes,1,3.28,STORE02
T2058,2024-02-26,16:46:13,CUST230,P021,Tea,3,3.86,STORE05
T2058,2024-02-26,16:46:13,CUST230,P041,Juice,5,4.05,STORE05
T2058,2024-02-26,16:46:13,CUST230,P045,Detergent,1,7.7,STORE05
T2058,2024-02-26,16:46:13,CUST230,P005,Cheese,2,7.15,STORE05
T2059,2024-03-29,19:28:10,CUST045,P034,Crackers,3,3.78,STORE04
T2059,2024-03-29,19:28:10,CUST045,P006,Yogurt,2,1.98,STORE04
T2059,2024-03-29,19:28:10,CUST045,P040,Soda,1,2.99,STORE04
T2059,2024-03-29,19:28:10,CUST045,P050,Paper_Towels,2,7.07,STORE04
T2059,2024-03-29,19:28:10,CUST045,P005,Cheese,2,7.3,STORE04
T2060,2024-02-29,21:15:44,CUST332,P010,Rice,5,4.02,STORE05
T2060,2024-02-29,21:15:44,CUST332,P015,Carrots,1,1.66,STORE05
T2061,2024-01-14,17:01:39,CUST226,P048,Soap,4,3.28,STORE02
T2061,2024-01-14,17:01:39,CUST226,P050,Paper_Towels,5,7.02,STORE02
T2061,2024-01-14,17:01:39,CUST226,P032,Frozen_Pizza,4,7.43,STORE02
T2062,2024-02-07,11:57:11,CUST218,P034,Crackers,3,3.42,STORE02
T2062,2024-02-07,11:57:11,CUST218,P002,Milk,3,3.68,STORE02
T2062,2024-02-07,11:57:11,CUST218,P001,Bread,5,2.85,STORE02
T2062,2024-02-07,11:57:11,CUST218,P035,Peanut_Butter,4,5.16,STORE02
T2062,2024-02-07,11:57:11,CUST218,P004,Butter,1,5.06,STORE02
T2063,2024-03-10,21:12:24,CUST061,P016,Apples,5,4.26,STORE04
T2063,2024-03-10,21:12:24,CUST061,P024,Pepper,3,3.03,STORE04
T2063,2024-03-10,21:12:24,CUST061,P027,Flour,3,3.49,STORE04
T2063,2024-03-10,21:12:24,CUST061,P020,Coffee,2,7.72,STORE04
T2063,2024-03-10,21:12:24,CUST061,P004,Butter,3,5.48,STORE04
T2064,2024-02-11,16:12:13,CUST129,P034,Crackers,3,3.59,STORE03
T2064,2024-02-11,16:12:13,CUST129,P009,Fish,3,9.98,STORE03
T2065,2024-02-07,16:28:48,CUST124,P009,Fish,4,10.6,STORE01
T2065,2024-02-07,16:28:48,CUST124,P011,Pasta,2,2.68,STORE01
T2066,2024-03-05,14:57:26,CUST002,P048,Soap,2,3.13,STORE04
T2066,2024-03-05,14:57:26,CUST002,P025,Oil,2,5.29,STORE04
T2067,2024-01-18,21:01:54,CUST076,P046,Shampoo,4,6.51,STORE03
T2067,2024-01-18,21:01:54,CUST076,P049,Tissues,4,4.99,STORE03
T2067,2024-01-18,21:01:54,CUST076,P001,Bread,4,2.95,STORE03
T2068,2024-02-19,10:35:23,CUST007,P047,Toothpaste,4,4.31,STORE04
T2068,2024-02-19,10:35:23,CUST007,P020,Coffee,1,8.28,STORE04
T2068,2024-02-19,10:35:23,CUST007,P038,Nuts,2,6.41,STORE04
T2068,2024-02-19,10:35:23,CUST007,P012,Tomatoes,5,3.24,STORE04
T2069,2024-02-02,09:14:24,CUST456,P046,Shampoo,1,6.38,STORE05
T2069,2024-02-02,09:14:24,CUST456,P006,Yogurt,3,2.15,STORE05
T2070,2024-01-03,16:05:47,CUST180,P010,Rice,1,3.7,STORE03
T2070,2024-01-03,16:05:47,CUST180,P037,Honey,1,6.28,STORE03
T2071,2024-01-25,08:10:03,CUST134,P040,Soda,5,2.76,STORE01
T2071,2024-01-25,08:10:03,CUST134,P030,Chocolate,5,5.34,STORE01
T2071,2024-01-25,08:10:03,CUST134,P016,Apples,5,4.01,STORE01
T2072,2024-02-29,20:51:08,CUST260,P034,Crackers,3,3.16,STORE03
T2072,2024-02-29,20:51:08,CUST260,P042,Water,5,1.9,STORE03
T2072,2024-02-29,20:51:08,CUST260,P022,Sugar,2,3.1,STORE03
T2072,2024-02-29,20:51:08,CUST260,P040,Soda,4,2.76,STORE03
T2072,2024-02-29,20:51:08,CUST260,P012,Tomatoes,2,3.19,STORE03
T2073,2024-01-08,21:51:45,CUST117,P042,Water,1,1.91,STORE04
T2073,2024-01-08,21:51:45,CUST117,P004,Butter,1,6.03,STORE04
T2073,2024-01-08,21:51:45,CUST117,P027,Flour,2,3.46,STORE04
T2074,2024-01-27,11:50:27,CUST202,P009,Fish,3,9.52,STORE02
T2074,2024-01-27,11:50:27,CUST202,P049,Tissues,3,5.14,STORE02
T2075,2024-03-02,20:25:13,CUST426,P039,Chips,2,4.13,STORE03
T2075,2024-03-02,20:25:13,CUST426,P024,Pepper,3,3.26,STORE03
T2075,2024-03-02,20:25:13,CUST426,P029,Vanilla,2,3.94,STORE03
T2075,2024-03-02,20:25:13,CUST426,P028,Baking_Powder,2,1.81,STORE03
T2076,2024-01-10,08:24:02,CUST380,P003,Eggs,2,5.23,STORE03
T2076,2024-01-10,08:24:02,CUST380,P038,Nuts,4,7.27,STORE03
T2076,2024-01-10,08:24:02,CUST380,P027,Flour,1,3.42,STORE03
T2076,2024-01-10,08:24:02,CUST380,P004,Butter,2,5.32,STORE03
T2076,2024-01-10,08:24:02,CUST380,P014,Potatoes,3,2.33,STORE03
T2077,2024-03-16,13:50:38,CUST480,P023,Salt,5,1.47,STORE05
T2077,2024-03-16,13:50:38,CUST480,P004,Butter,3,5.13,STORE05
T2078,2024-03-29,11:33:39,CUST077,P001,Bread,2,3.09,STORE03
T2078,2024-03-29,11:33:39,CUST077,P026,Vinegar,2,2.49,STORE03
T2078,2024-03-29,11:33:39,CUST077,P047,Toothpaste,1,3.66,STORE03
T2078,2024-03-29,11:33:39,CUST077,P043,Beer,4,8.77,STORE03
T2078,2024-03-29,11:33:39,CUST077,P005,Cheese,3,6.54,STORE03
T2079,2024-01-26,13:57:14,CUST262,P042,Water,1,1.99,STORE04
T2079,2024-01-26,13:57:14,CUST262,P005,Cheese,1,6.8,STORE04
T2080,2024-01-10,08:53:45,CUST469,P027,Flour,4,3.41,STORE02
T2080,2024-01-10,08:53:45,CUST469,P003,Eggs,3,4.6,STORE02
T2081,2024-03-04,13:49:48,CUST211,P027,Flour,4,3.67,STORE01
T2081,2024-03-04,13:49:48,CUST211,P004,Butter,3,5.43,STORE01
T2081,2024-03-04,13:49:48,CUST211,P003,Eggs,1,5.41,STORE01
T2082,2024-02-29,21:19:16,CUST350,P046,Shampoo,3,5.57,STORE05
T2082,2024-02-29,21:19:16,CUST350,P044,Wine,1,11.86,STORE05
T2082,2024-02-29,21:19:16,CUST350,P028,Baking_Powder,4,1.98,STORE05
T2083,2024-03-21,16:00:25,CUST094,P019,Cereal,5,4.79,STORE04
T2083,2024-03-21,16:00:25,CUST094,P015,Carrots,5,1.64,STORE04
T2084,2024-03-20,13:26:33,CUST459,P013,Onions,2,1.9,STORE04
T2084,2024-03-20,13:26:33,CUST459,P001,Bread,5,2.95,STORE04
T2085,2024-02-20,19:44:53,CUST061,P046,Shampoo,4,6.43,STORE01
T2085,2024-02-20,19:44:53,CUST061,P013,Onions,1,2.14,STORE01
T2085,2024-02-20,19:44:53,CUST061,P040,Soda,1,3.11,STORE01
T2086,2024-03-22,09:41:53,CUST099,P027,Flour,2,3.26,STORE02
T2086,2024-03-22,09:41:53,CUST099,P047,Toothpaste,4,3.67,STORE02
T2086,2024-03-22,09:41:53,CUST099,P045,Detergent,5,7.3,STORE02
T2086,2024-03-22,09:41:53,CUST099,P048,Soap,1,2.77,STORE02
T2086,2024-03-22,09:41:53,CUST099,P046,Shampoo,3,6.35,STORE02
T2087,2024-03-09,18:59:50,CUST259,P011,Pasta,5,2.34,STORE05
T2087,2024-03-09,18:59:50,CUST259,P004,Butter,2,5.59,STORE05
T2087,2024-03-09,18:59:50,CUST259,P043,Beer,1,8.43,STORE05
T2087,2024-03-09,18:59:50,CUST259,P023,Salt,3,1.58,STORE05
T2087,2024-03-09,18:59:50,CUST259,P046,Shampoo,4,6.4,STORE05
T2088,2024-01-14,16:18:57,CUST026,P010,Rice,1,3.93,STORE05
T2088,2024-01-14,16:18:57,CUST026,P049,Tissues,3,5.19,STORE05
T2088,2024-01-14,16:18:57,CUST026,P025,Oil,3,5.35,STORE05
T2088,2024-01-14,16:18:57,CUST026,P045,Detergent,2,8.03,STORE05
T2089,2024-01-16,21:43:15,CUST370,P004,Butter,3,5.86,STORE05
T2089,2024-01-16,21:43:15,CUST370,P002,Milk,5,3.62,STORE05
T2089,2024-01-16,21:43:15,CUST370,P001,Bread,2,3.24,STORE05
T2090,2024-02-12,17:01:51,CUST199,P050,Paper_Towels,3,7.68,STORE03
T2090,2024-02-12,17:01:51,CUST199,P003,Eggs,4,4.57,STORE03
T2090,2024-02-12,17:01:51,CUST199,P025,Oil,1,4.53,STORE03
T2090,2024-02-12,17:01:51,CUST199,P007,Chicken,2,9.11,STORE03
T2091,2024-03-23,10:16:39,CUST010,P041,Juice,2,3.79,STORE04
T2091,2024-03-23,10:16:39,CUST010,P035,Peanut_Butter,2,5.47,STORE04
T2091,2024-03-23,10:16:39,CUST010,P018,Oranges,1,4.6,STORE04
T2091,2024-03-23,10:16:39,CUST010,P036,Jam,2,3.78,STORE04
T2092,2024-03-12,21:05:10,CUST425,P007,Chicken,4,8.29,STORE04
T2092,2024-03-12,21:05:10,CUST425,P008,Beef,2,13.74,STORE04
T2093,2024-02-04,12:56:28,CUST283,P038,Nuts,5,6.98,STORE03
T2093,2024-02-04,12:56:28,CUST283,P035,Peanut_Butter,1,5.15,STORE03
T2093,2024-02-04,12:56:28,CUST283,P017,Bananas,3,1.95,STORE03
T2093,2024-02-04,12:56:28,CUST283,P043,Beer,5,8.94,STORE03
T2093,2024-02-04,12:56:28,CUST283,P045,Detergent,5,8.56,STORE03
T2094,2024-01-09,15:59:43,CUST390,P039,Chips,3,4.18,STORE02
T2094,2024-01-09,15:59:43,CUST390,P011,Pasta,2,2.28,STORE02
T2094,2024-01-09,15:59:43,CUST390,P018,Oranges,4,4.68,STORE02
T2094,2024-01-09,15:59:43,CUST390,P049,Tissues,5,5.04,STORE02
T2094,2024-01-09,15:59:43,CUST390,P021,Tea,4,3.9,STORE02
T2095,2024-01-19,11:28:31,CUST350,P047,Toothpaste,5,4.09,STORE05
T2095,2024-01-19,11:28:31,CUST350,P010,Rice,5,4.36,STORE05
T2095,2024-01-19,11:28:31,CUST350,P035,Peanut_Butter,2,4.76,STORE05
T2095,2024-01-19,11:28:31,CUST350,P026,Vinegar,2,2.7,STORE05
T2096,2024-02-12,10:08:49,CUST306,P023,Salt,3,1.61,STORE04
T2096,2024-02-12,10:08:49,CUST306,P016,Apples,5,4.37,STORE04
T2096,2024-02-12,10:08:49,CUST306,P032,Frozen_Pizza,1,6.71,STORE04
T2096,2024-02-12,10:08:49,CUST306,P045,Detergent,4,8.45,STORE04
T2097,2024-02-27,16:25:41,CUST367,P043,Beer,1,9.35,STORE05
T2097,2024-02-27,16:25:41,CUST367,P005,Cheese,3,6.39,STORE05
T2098,2024-01-17,17:17:32,CUST279,P041,Juice,5,4.25,STORE02
T2098,2024-01-17,17:17:32,CUST279,P001,Bread,1,2.83,STORE02
T2098,2024-01-17,17:17:32,CUST279,P013,Onions,1,2.19,STORE02
T2098,2024-01-17,17:17:32,CUST279,P014,Potatoes,1,2.67,STORE02
T2098,2024-01-17,17:17:32,CUST279,P036,Jam,3,4.03,STORE02
T2099,2024-03-29,20:38:30,CUST429,P027,Flour,3,3.25,STORE03
T2099,2024-03-29,20:38:30,CUST429,P046,Shampoo,2,6.28,STORE03
T2099,2024-03-29,20:38:30,CUST429,P029,Vanilla,1,4.18,STORE03
T2099,2024-03-29,20:38:30,CUST429,P045,Detergent,3,8.52,STORE03
T2100,2024-01-01,14:53:24,CUST418,P001,Bread,5,3.28,STORE04
T2100,2024-01-01,14:53:24,CUST418,P028,Baking_Powder,5,2.04,STORE04
T2100,2024-01-01,14:53:24,CUST418,P047,Toothpaste,1,4.05,STORE04
T2100,2024-01-01,14:53:24,CUST418,P031,Ice_Cream,5,6.0,STORE04
T2100,2024-01-01,14:53:24,CUST418,P014,Potatoes,2,2.6,STORE04
T2101,2024-01-12,19:01:38,CUST451,P046,Shampoo,3,5.89,STORE04
T2101,2024-01-12,19:01:38,CUST451,P050,Paper_Towels,4,6.43,STORE04
T2101,2024-01-12,19:01:38,CUST451,P033,Soup,3,3.04,STORE04
T2102,2024-03-19,11:47:29,CUST108,P048,Soap,3,3.02,STORE04
T2102,2024-03-19,11:47:29,CUST108,P037,Honey,5,6.47,STORE04
T2102,2024-03-19,11:47:29,CUST108,P027,Flour,5,3.28,STORE04
T2102,2024-03-19,11:47:29,CUST108,P022,Sugar,4,3.23,STORE04
T2103,2024-03-23,09:52:07,CUST396,P018,Oranges,4,4.61,STORE01
T2103,2024-03-23,09:52:07,CUST396,P033,Soup,4,2.78,STORE01
T2103,2024-03-23,09:52:07,CUST396,P026,Vinegar,4,2.35,STORE01
T2103,2024-03-23,09:52:07,CUST396,P049,Tissues,5,5.13,STORE01
T2103,2024-03-23,09:52:07,CUST396,P012,Tomatoes,2,2.76,STORE01
T2104,2024-03-26,08:44:06,CUST403,P036,Jam,4,3.76,STORE05
T2104,2024-03-26,08:44:06,CUST403,P035,Peanut_Butter,1,4.7,STORE05
T2104,2024-03-26,08:44:06,CUST403,P001,Bread,1,3.18,STORE05
T2105,2024-01-25,17:13:07,CUST223,P002,Milk,4,3.36,STORE05
T2105,2024-01-25,17:13:07,CUST223,P017,Bananas,3,1.87,STORE05
T2105,2024-01-25,17:13:07,CUST223,P015,Carrots,4,1.72,STORE05
T2106,2024-02-01,09:48:42,CUST016,P029,Vanilla,2,4.25,STORE03
T2106,2024-02-01,09:48:42,CUST016,P030,Chocolate,4,4.56,STORE03
T2106,2024-02-01,09:48:42,CUST016,P015,Carrots,1,1.71,STORE03
T2107,2024-01-09,20:58:28,CUST500,P029,Vanilla,4,3.98,STORE02
T2107,2024-01-09,20:58:28,CUST500,P043,Beer,3,9.6,STORE02
T2107,2024-01-09,20:58:28,CUST500,P032,Frozen_Pizza,4,6.85,STORE02
T2108,2024-02-16,17:53:13,CUST015,P034,Crackers,4,3.44,STORE02
T2108,2024-02-16,17:53:13,CUST015,P006,Yogurt,2,2.06,STORE02
T2108,2024-02-16,17:53:13,CUST015,P049,Tissues,5,4.74,STORE02
T2108,2024-02-16,17:53:13,CUST015,P035,Peanut_Butter,3,5.28,STORE02
T2108,2024-02-16,17:53:13,CUST015,P046,Shampoo,3,5.95,STORE02
T2109,2024-02-23,17:02:47,CUST471,P048,Soap,1,3.2,STORE03
T2109,2024-02-23,17:02:47,CUST471,P003,Eggs,1,5.35,STORE03
T2109,2024-02-23,17:02:47,CUST471,P035,Peanut_Butter,1,4.82,STORE03
T2110,2024-03-10,14:30:52,CUST116,P007,Chicken,4,8.61,STORE03
T2110,2024-03-10,14:30:52,CUST116,P012,Tomatoes,2,3.06,STORE03
T2111,2024-03-07,19:51:32,CUST216,P002,Milk,2,3.17,STORE02
T2111,2024-03-07,19:51:32,CUST216,P041,Juice,3,4.03,STORE02
T2111,2024-03-07,19:51:32,CUST216,P030,Chocolate,4,5.32,STORE02
T2112,2024-03-12,15:39:00,CUST314,P017,Bananas,4,1.8,STORE03
T2112,2024-03-12,15:39:00,CUST314,P021,Tea,3,4.25,STORE03
T2112,2024-03-12,15:39:00,CUST314,P037,Honey,3,5.52,STORE03
T2113,2024-02-14,14:35:10,CUST318,P003,Eggs,2,4.66,STORE05
T2113,2024-02-14,14:35:10,CUST318,P011,Pasta,4,2.68,STORE05
T2113,2024-02-14,14:35:10,CUST318,P035,Peanut_Butter,5,4.85,STORE05
T2114,2024-01-17,11:57:47,CUST094,P046,Shampoo,4,5.88,STORE03
T2114,2024-01-17,11:57:47,CUST094,P011,Pasta,3,2.59,STORE03
T2115,2024-01-30,13:39:05,CUST346,P043,Beer,5,9.49,STORE02
T2115,2024-01-30,13:39:05,CUST346,P021,Tea,2,3.86,STORE02
T2115,2024-01-30,13:39:05,CUST346,P018,Oranges,2,4.2,STORE02
T2115,2024-01-30,13:39:05,CUST346,P035,Peanut_Butter,5,4.55,STORE02
T2116,2024-02-13,15:33:05,CUST246,P027,Flour,1,3.4,STORE02
T2116,2024-02-13,15:33:05,CUST246,P002,Milk,4,3.36,STORE02
T2116,2024-02-13,15:33:05,CUST246,P040,Soda,1,3.19,STORE02
T2116,2024-02-13,15:33:05,CUST246,P041,Juice,1,3.62,STORE02
T2117,2024-03-24,13:31:01,CUST283,P009,Fish,3,10.85,STORE04
T2117,2024-03-24,13:31:01,CUST283,P038,Nuts,2,7.4,STORE04
T2117,2024-03-24,13:31:01,CUST283,P018,Oranges,3,4.56,STORE04
T2117,2024-03-24,13:31:01,CUST283,P030,Chocolate,3,4.69,STORE04
T2118,2024-02-05,12:03:23,CUST215,P009,Fish,3,10.17,STORE02
T2118,2024-02-05,12:03:23,CUST215,P039,Chips,1,4.3,STORE02
T2118,2024-02-05,12:03:23,CUST215,P024,Pepper,1,2.73,STORE02
T2118,2024-02-05,12:03:23,CUST215,P005,Cheese,1,7.19,STORE02
T2119,2024-03-10,16:46:40,CUST162,P023,Salt,3,1.57,STORE03
T2119,2024-03-10,16:46:40,CUST162,P046,Shampoo,4,6.03,STORE03
T2119,2024-03-10,16:46:40,CUST162,P011,Pasta,5,2.54,STORE03
T2119,2024-03-10,16:46:40,CUST162,P028,Baking_Powder,1,1.92,STORE03
T2120,2024-01-24,15:53:34,CUST086,P026,Vinegar,3,2.32,STORE01
T2120,2024-01-24,15:53:34,CUST086,P024,Pepper,5,2.9,STORE01
T2120,2024-01-24,15:53:34,CUST086,P022,Sugar,1,2.77,STORE01
T2121,2024-03-28,19:58:33,CUST350,P027,Flour,3,3.18,STORE02
T2121,2024-03-28,19:58:33,CUST350,P040,Soda,3,2.98,STORE02
T2121,2024-03-28,19:58:33,CUST350,P043,Beer,1,9.87,STORE02
T2121,2024-03-28,19:58:33,CUST350,P032,Frozen_Pizza,5,6.87,STORE02
T2122,2024-03-10,10:29:50,CUST449,P019,Cereal,5,5.2,STORE01
T2122,2024-03-10,10:29:50,CUST449,P021,Tea,3,3.84,STORE01
T2122,2024-03-10,10:29:50,CUST449,P035,Peanut_Butter,1,4.7,STORE01
T2123,2024-03-22,08:51:24,CUST025,P035,Peanut_Butter,3,5.36,STORE01
T2123,2024-03-22,08:51:24,CUST025,P028,Baking_Powder,3,2.1,STORE01
T2124,2024-03-17,09:42:47,CUST024,P010,Rice,3,4.0,STORE05
T2124,2024-03-17,09:42:47,CUST024,P021,Tea,4,4.33,STORE05
T2124,2024-03-17,09:42:47,CUST024,P014,Potatoes,1,2.27,STORE05
T2124,2024-03-17,09:42:47,CUST024,P019,Cereal,3,5.12,STORE05
T2125,2024-01-23,08:43:23,CUST224,P006,Yogurt,1,2.0,STORE04
T2125,2024-01-23,08:43:23,CUST224,P021,Tea,1,4.01,STORE04
T2126,2024-01-13,10:51:45,CUST365,P019,Cereal,2,4.51,STORE05
T2126,2024-01-13,10:51:45,CUST365,P029,Vanilla,3,3.85,STORE05
T2126,2024-01-13,10:51:45,CUST365,P035,Peanut_Butter,4,5.11,STORE05
T2126,2024-01-13,10:51:45,CUST365,P044,Wine,4,14.04,STORE05
T2126,2024-01-13,10:51:45,CUST365,P012,Tomatoes,1,2.97,STORE05
T2127,2024-01-09,17:39:05,CUST359,P047,Toothpaste,3,4.33,STORE04
T2127,2024-01-09,17:39:05,CUST359,P044,Wine,2,14.03,STORE04
T2128,2024-03-22,20:00:16,CUST143,P011,Pasta,1,2.41,STORE05
T2128,2024-03-22,20:00:16,CUST143,P033,Soup,4,3.01,STORE05
T2129,2024-02-23,13:21:00,CUST318,P039,Chips,5,3.99,STORE02
T2129,2024-02-23,13:21:00,CUST318,P043,Beer,4,8.48,STORE02
T2129,2024-02-23,13:21:00,CUST318,P032,Frozen_Pizza,1,7.65,STORE02
T2130,2024-01-25,09:09:55,CUST421,P020,Coffee,3,8.49,STORE03
T2130,2024-01-25,09:09:55,CUST421,P002,Milk,5,3.52,STORE03
T2130,2024-01-25,09:09:55,CUST421,P022,Sugar,5,3.1,STORE03
T2131,2024-03-02,19:36:25,CUST193,P044,Wine,5,14.18,STORE04
T2131,2024-03-02,19:36:25,CUST193,P012,Tomatoes,1,3.28,STORE04
T2132,2024-03-25,16:27:17,CUST337,P002,Milk,2,3.39,STORE01
T2132,2024-03-25,16:27:17,CUST337,P041,Juice,1,3.62,STORE01
T2132,2024-03-25,16:27:17,CUST337,P038,Nuts,2,7.34,STORE01
T2132,2024-03-25,16:27:17,CUST337,P049,Tissues,2,5.39,STORE01
T2132,2024-03-25,16:27:17,CUST337,P012,Tomatoes,3,2.81,STORE01
T2133,2024-03-09,21:32:00,CUST075,P026,Vinegar,1,2.5,STORE02
T2133,2024-03-09,21:32:00,CUST075,P016,Apples,3,4.33,STORE02
T2133,2024-03-09,21:32:00,CUST075,P001,Bread,1,2.99,STORE02
T2134,2024-02-04,15:14:18,CUST099,P049,Tissues,3,4.61,STORE05
T2134,2024-02-04,15:14:18,CUST099,P035,Peanut_Butter,1,5.16,STORE05
T2135,2024-01-13,14:47:32,CUST181,P004,Butter,2,5.37,STORE05
T2135,2024-01-13,14:47:32,CUST181,P013,Onions,3,2.16,STORE05
T2135,2024-01-13,14:47:32,CUST181,P020,Coffee,3,7.23,STORE05
T2135,2024-01-13,14:47:32,CUST181,P030,Chocolate,5,4.72,STORE05
T2135,2024-01-13,14:47:32,CUST181,P037,Honey,3,6.14,STORE05
T2136,2024-02-19,11:51:10,CUST205,P019,Cereal,3,4.64,STORE02
T2136,2024-02-19,11:51:10,CUST205,P008,Beef,3,13.89,STORE02
T2137,2024-03-04,19:17:17,CUST168,P049,Tissues,3,5.4,STORE04
T2137,2024-03-04,19:17:17,CUST168,P035,Peanut_Butter,3,4.82,STORE04
T2137,2024-03-04,19:17:17,CUST168,P022,Sugar,5,3.1,STORE04
T2138,2024-01-08,21:26:08,CUST200,P010,Rice,4,3.74,STORE03
T2138,2024-01-08,21:26:08,CUST200,P017,Bananas,5,2.01,STORE03
T2138,2024-01-08,21:26:08,CUST200,P038,Nuts,2,7.1,STORE03
T2138,2024-01-08,21:26:08,CUST200,P012,Tomatoes,1,3.12,STORE03
T2139,2024-02-01,18:27:21,CUST389,P048,Soap,3,3.27,STORE05
T2139,2024-02-01,18:27:21,CUST389,P026,Vinegar,4,2.46,STORE05
T2139,2024-02-01,18:27:21,CUST389,P039,Chips,2,3.64,STORE05
T2140,2024-02-21,08:34:52,CUST028,P026,Vinegar,1,2.49,STORE05
T2140,2024-02-21,08:34:52,CUST028,P043,Beer,4,8.91,STORE05
T2140,2024-02-21,08:34:52,CUST028,P018,Oranges,3,4.5,STORE05
T2141,2024-01-19,09:00:39,CUST315,P002,Milk,2,3.62,STORE03
T2141,2024-01-19,09:00:39,CUST315,P020,Coffee,4,7.61,STORE03
T2141,2024-01-19,09:00:39,CUST315,P001,Bread,1,2.92,STORE03
T2141,2024-01-19,09:00:39,CUST315,P019,Cereal,5,4.74,STORE03
T2142,2024-02-04,10:40:10,CUST007,P004,Butter,3,5.85,STORE04
T2142,2024-02-04,10:40:10,CUST007,P003,Eggs,4,4.75,STORE04
T2142,2024-02-04,10:40:10,CUST007,P015,Carrots,2,1.85,STORE04
T2142,2024-02-04,10:40:10,CUST007,P028,Baking_Powder,1,2.06,STORE04
T2143,2024-03-29,21:06:39,CUST352,P012,Tomatoes,5,3.24,STORE01
T2143,2024-03-29,21:06:39,CUST352,P033,Soup,1,3.17,STORE01
T2144,2024-01-15,19:24:23,CUST492,P048,Soap,4,2.75,STORE01
T2144,2024-01-15,19:24:23,CUST492,P011,Pasta,1,2.62,STORE01
T2145,2024-01-14,13:31:03,CUST042,P016,Apples,2,4.13,STORE04
T2145,2024-01-14,13:31:03,CUST042,P008,Beef,3,12.39,STORE04
T2145,2024-01-14,13:31:03,CUST042,P037,Honey,4,5.91,STORE04
T2146,2024-02-06,17:43:31,CUST055,P002,Milk,1,3.66,STORE03
T2146,2024-02-06,17:43:31,CUST055,P030,Chocolate,3,4.56,STORE03
T2147,2024-02-29,13:00:32,CUST099,P027,Flour,4,3.75,STORE01
T2147,2024-02-29,13:00:32,CUST099,P004,Butter,1,5.14,STORE01
T2147,2024-02-29,13:00:32,CUST099,P050,Paper_Towels,3,7.42,STORE01
T2147,2024-02-29,13:00:32,CUST099,P025,Oil,3,5.21,STORE01
T2148,2024-02-18,09:48:02,CUST050,P027,Flour,3,3.72,STORE04
T2148,2024-02-18,09:48:02,CUST050,P002,Milk,3,3.22,STORE04
T2148,2024-02-18,09:48:02,CUST050,P018,Oranges,5,4.3,STORE04
T2148,2024-02-18,09:48:02,CUST050,P001,Bread,2,2.97,STORE04
T2149,2024-03-13,16:33:19,CUST441,P042,Water,3,1.88,STORE03
T2149,2024-03-13,16:33:19,CUST441,P038,Nuts,1,7.01,STORE03
T2149,2024-03-13,16:33:19,CUST441,P021,Tea,4,3.73,STORE03
T2149,2024-03-13,16:33:19,CUST441,P022,Sugar,4,3.26,STORE03
T2149,2024-03-13,16:33:19,CUST441,P015,Carrots,5,1.75,STORE03
T2150,2024-03-14,14:16:14,CUST410,P010,Rice,5,4.19,STORE01
T2150,2024-03-14,14:16:14,CUST410,P013,Onions,3,1.94,STORE01
T2150,2024-03-14,14:16:14,CUST410,P008,Beef,5,12.89,STORE01
T2150,2024-03-14,14:16:14,CUST410,P014,Potatoes,5,2.24,STORE01
T2151,2024-03-11,11:17:41,CUST004,P002,Milk,1,3.25,STORE03
T2151,2024-03-11,11:17:41,CUST004,P041,Juice,3,4.35,STORE03
T2151,2024-03-11,11:17:41,CUST004,P026,Vinegar,4,2.62,STORE03
T2151,2024-03-11,11:17:41,CUST004,P024,Pepper,1,2.86,STORE03
T2151,2024-03-11,11:17:41,CUST004,P015,Carrots,1,1.71,STORE03
T2152,2024-02-09,15:05:59,CUST094,P002,Milk,2,3.14,STORE05
T2152,2024-02-09,15:05:59,CUST094,P030,Chocolate,3,5.1,STORE05
T2153,2024-01-25,18:47:29,CUST223,P038,Nuts,1,7.15,STORE03
T2153,2024-01-25,18:47:29,CUST223,P013,Onions,2,2.07,STORE03
T2154,2024-02-23,19:02:05,CUST257,P006,Yogurt,2,2.0,STORE03
T2154,2024-02-23,19:02:05,CUST257,P003,Eggs,2,5.27,STORE03
T2154,2024-02-23,19:02:05,CUST257,P041,Juice,2,3.72,STORE03
T2154,2024-02-23,19:02:05,CUST257,P001,Bread,3,3.14,STORE03
T2154,2024-02-23,19:02:05,CUST257,P031,Ice_Cream,2,5.45,STORE03
T2155,2024-03-09,08:21:19,CUST275,P023,Salt,3,1.42,STORE02
T2155,2024-03-09,08:21:19,CUST275,P029,Vanilla,4,4.2,STORE02
T2155,2024-03-09,08:21:19,CUST275,P028,Baking_Powder,5,1.83,STORE02
T2156,2024-03-27,12:30:00,CUST315,P004,Butter,3,4.95,STORE02
T2156,2024-03-27,12:30:00,CUST315,P016,Apples,4,4.16,STORE02
T2156,2024-03-27,12:30:00,CUST315,P043,Beer,5,9.65,STORE02
T2156,2024-03-27,12:30:00,CUST315,P044,Wine,1,13.59,STORE02
T2157,2024-01-29,18:50:50,CUST152,P002,Milk,2,3.62,STORE04
T2157,2024-01-29,18:50:50,CUST152,P030,Chocolate,4,4.76,STORE04
T2157,2024-01-29,18:50:50,CUST152,P001,Bread,3,2.75,STORE04
T2158,2024-03-27,21:41:56,CUST291,P004,Butter,3,5.8,STORE01
T2158,2024-03-27,21:41:56,CUST291,P009,Fish,3,9.15,STORE01
T2158,2024-03-27,21:41:56,CUST291,P006,Yogurt,3,1.9,STORE01
T2159,2024-03-27,20:59:29,CUST148,P031,Ice_Cream,5,6.17,STORE04
T2159,2024-03-27,20:59:29,CUST148,P007,Chicken,3,8.33,STORE04
T2159,2024-03-27,20:59:29,CUST148,P014,Potatoes,1,2.54,STORE04
T2160,2024-02-16,10:52:06,CUST231,P047,Toothpaste,3,3.91,STORE03
T2160,2024-02-16,10:52:06,CUST231,P029,Vanilla,1,4.34,STORE03
T2161,2024-02-13,10:46:03,CUST488,P025,Oil,5,4.56,STORE01
T2161,2024-02-13,10:46:03,CUST488,P037,Honey,3,5.51,STORE01
T2162,2024-02-08,09:48:59,CUST442,P009,Fish,1,9.44,STORE05
T2162,2024-02-08,09:48:59,CUST442,P050,Paper_Towels,5,7.4,STORE05
T2162,2024-02-08,09:48:59,CUST442,P038,Nuts,2,6.36,STORE05
T2162,2024-02-08,09:48:59,CUST442,P037,Honey,5,6.21,STORE05
T2163,2024-01-18,17:07:40,CUST247,P024,Pepper,1,3.17,STORE04
T2163,2024-01-18,17:07:40,CUST247,P008,Beef,1,13.98,STORE04
T2163,2024-01-18,17:07:40,CUST247,P047,Toothpaste,2,3.9,STORE04
T2163,2024-01-18,17:07:40,CUST247,P014,Potatoes,4,2.74,STORE04
T2163,2024-01-18,17:07:40,CUST247,P023,Salt,3,1.5,STORE04
T2164,2024-01-26,11:17:17,CUST414,P010,Rice,1,4.01,STORE02
T2164,2024-01-26,11:17:17,CUST414,P043,Beer,2,8.63,STORE02
T2164,2024-01-26,11:17:17,CUST414,P044,Wine,4,13.09,STORE02
T2165,2024-01-16,08:01:59,CUST056,P042,Water,3,1.97,STORE05
T2165,2024-01-16,08:01:59,CUST056,P025,Oil,3,4.62,STORE05
T2165,2024-01-16,08:01:59,CUST056,P012,Tomatoes,3,2.83,STORE05
T2166,2024-03-27,20:17:20,CUST145,P024,Pepper,5,2.84,STORE05
T2166,2024-03-27,20:17:20,CUST145,P015,Carrots,2,1.78,STORE05
T2167,2024-01-12,19:25:58,CUST362,P034,Crackers,4,3.77,STORE02
T2167,2024-01-12,19:25:58,CUST362,P050,Paper_Towels,4,6.67,STORE02
T2167,2024-01-12,19:25:58,CUST362,P015,Carrots,4,1.73,STORE02
T2167,2024-01-12,19:25:58,CUST362,P033,Soup,1,3.13,STORE02
T2168,2024-01-10,10:17:52,CUST392,P044,Wine,2,12.08,STORE03
T2168,2024-01-10,10:17:52,CUST392,P033,Soup,2,3.26,STORE03
T2169,2024-03-06,12:29:27,CUST203,P048,Soap,4,3.02,STORE03
T2169,2024-03-06,12:29:27,CUST203,P046,Shampoo,1,5.47,STORE03
T2169,2024-03-06,12:29:27,CUST203,P047,Toothpaste,5,4.31,STORE03
T2169,2024-03-06,12:29:27,CUST203,P045,Detergent,1,7.2,STORE03
T2170,2024-02-11,11:11:20,CUST120,P042,Water,1,2.06,STORE02
T2170,2024-02-11,11:11:20,CUST120,P008,Beef,3,13.57,STORE02
T2170,2024-02-11,11:11:20,CUST120,P018,Oranges,1,4.86,STORE02
T2170,2024-02-11,11:11:20,CUST120,P044,Wine,4,12.83,STORE02
T2171,2024-01-18,17:07:34,CUST472,P029,Vanilla,1,3.8,STORE01
T2171,2024-01-18,17:07:34,CUST472,P035,Peanut_Butter,3,4.67,STORE01
T2171,2024-01-18,17:07:34,CUST472,P036,Jam,5,4.17,STORE01
T2171,2024-01-18,17:07:34,CUST472,P048,Soap,3,2.73,STORE01
T2171,2024-01-18,17:07:34,CUST472,P009,Fish,5,10.18,STORE01
T2172,2024-01-10,15:53:48,CUST088,P010,Rice,2,4.3,STORE02
T2172,2024-01-10,15:53:48,CUST088,P049,Tissues,3,4.67,STORE02
T2172,2024-01-10,15:53:48,CUST088,P011,Pasta,2,2.44,STORE02
T2172,2024-01-10,15:53:48,CUST088,P004,Butter,1,5.77,STORE02
T2173,2024-01-31,10:53:43,CUST091,P010,Rice,2,4.31,STORE03
T2173,2024-01-31,10:53:43,CUST091,P032,Frozen_Pizza,5,7.06,STORE03
T2174,2024-01-04,13:54:36,CUST386,P010,Rice,2,4.11,STORE05
T2174,2024-01-04,13:54:36,CUST386,P026,Vinegar,5,2.7,STORE05
T2174,2024-01-04,13:54:36,CUST386,P009,Fish,2,9.37,STORE05
T2174,2024-01-04,13:54:36,CUST386,P005,Cheese,5,6.54,STORE05
T2175,2024-02-22,09:46:22,CUST492,P034,Crackers,3,3.36,STORE05
T2175,2024-02-22,09:46:22,CUST492,P002,Milk,3,3.55,STORE05
T2175,2024-02-22,09:46:22,CUST492,P042,Water,5,1.84,STORE05
T2175,2024-02-22,09:46:22,CUST492,P004,Butter,5,5.34,STORE05
T2175,2024-02-22,09:46:22,CUST492,P036,Jam,5,4.36,STORE05
T2176,2024-03-08,19:20:34,CUST391,P005,Cheese,4,6.55,STORE01
T2176,2024-03-08,19:20:34,CUST391,P001,Bread,5,2.75,STORE01
T2177,2024-01-27,08:30:08,CUST408,P006,Yogurt,4,2.02,STORE01
T2177,2024-01-27,08:30:08,CUST408,P005,Cheese,3,7.26,STORE01
T2178,2024-03-06,17:54:08,CUST144,P042,Water,3,1.91,STORE02
T2178,2024-03-06,17:54:08,CUST144,P025,Oil,5,4.66,STORE02
T2178,2024-03-06,17:54:08,CUST144,P011,Pasta,5,2.39,STORE02
T2178,2024-03-06,17:54:08,CUST144,P035,Peanut_Butter,2,5.33,STORE02
T2179,2024-02-15,21:53:22,CUST150,P031,Ice_Cream,5,5.4,STORE02
T2179,2024-02-15,21:53:22,CUST150,P009,Fish,3,10.0,STORE02
T2179,2024-02-15,21:53:22,CUST150,P037,Honey,5,5.69,STORE02
T2179,2024-02-15,21:53:22,CUST150,P012,Tomatoes,4,2.73,STORE02
T2180,2024-02-25,09:18:10,CUST048,P019,Cereal,4,5.46,STORE03
T2180,2024-02-25,09:18:10,CUST048,P002,Milk,3,3.51,STORE03
T2180,2024-02-25,09:18:10,CUST048,P004,Butter,4,5.91,STORE03
T2180,2024-02-25,09:18:10,CUST048,P033,Soup,5,2.8,STORE03
T2180,2024-02-25,09:18:10,CUST048,P007,Chicken,1,9.68,STORE03
T2181,2024-02-29,12:14:06,CUST224,P010,Rice,3,4.24,STORE04
T2181,2024-02-29,12:14:06,CUST224,P007,Chicken,5,8.52,STORE04
T2181,2024-02-29,12:14:06,CUST224,P014,Potatoes,2,2.64,STORE04
T2181,2024-02-29,12:14:06,CUST224,P012,Tomatoes,2,2.95,STORE04
T2182,2024-03-25,17:11:46,CUST049,P049,Tissues,1,5.19,STORE04
T2182,2024-03-25,17:11:46,CUST049,P045,Detergent,4,8.29,STORE04
T2182,2024-03-25,17:11:46,CUST049,P021,Tea,2,3.61,STORE04
T2183,2024-03-15,09:27:36,CUST167,P006,Yogurt,3,2.04,STORE04
T2183,2024-03-15,09:27:36,CUST167,P011,Pasta,2,2.57,STORE04
T2183,2024-03-15,09:27:36,CUST167,P035,Peanut_Butter,4,5.34,STORE04
T2183,2024-03-15,09:27:36,CUST167,P001,Bread,2,2.71,STORE04
T2184,2024-01-30,20:20:53,CUST400,P003,Eggs,5,4.64,STORE02
T2184,2024-01-30,20:20:53,CUST400,P042,Water,2,1.88,STORE02
T2184,2024-01-30,20:20:53,CUST400,P049,Tissues,2,5.37,STORE02
T2184,2024-01-30,20:20:53,CUST400,P027,Flour,5,3.69,STORE02
T2184,2024-01-30,20:20:53,CUST400,P036,Jam,1,4.17,STORE02
T2185,2024-01-12,17:16:39,CUST364,P042,Water,1,1.94,STORE01
T2185,2024-01-12,17:16:39,CUST364,P031,Ice_Cream,2,5.58,STORE01
T2185,2024-01-12,17:16:39,CUST364,P030,Chocolate,3,5.22,STORE01
T2186,2024-03-16,13:07:40,CUST316,P027,Flour,4,3.24,STORE03
T2186,2024-03-16,13:07:40,CUST316,P006,Yogurt,3,1.86,STORE03
T2186,2024-03-16,13:07:40,CUST316,P023,Salt,5,1.45,STORE03
T2186,2024-03-16,13:07:40,CUST316,P033,Soup,1,3.02,STORE03
T2187,2024-02-14,20:17:49,CUST440,P046,Shampoo,3,5.69,STORE02
T2187,2024-02-14,20:17:49,CUST440,P021,Tea,3,4.18,STORE02
T2187,2024-02-14,20:17:49,CUST440,P015,Carrots,2,1.83,STORE02
T2188,2024-01-13,14:30:53,CUST337,P048,Soap,3,2.84,STORE05
T2188,2024-01-13,14:30:53,CUST337,P019,Cereal,4,4.65,STORE05
T2188,2024-01-13,14:30:53,CUST337,P046,Shampoo,5,5.42,STORE05
T2188,2024-01-13,14:30:53,CUST337,P028,Baking_Powder,2,1.82,STORE05
T2189,2024-02-08,15:25:07,CUST313,P036,Jam,1,4.11,STORE04
T2189,2024-02-08,15:25:07,CUST313,P001,Bread,5,2.94,STORE04
T2190,2024-01-25,13:01:45,CUST150,P019,Cereal,5,4.74,STORE01
T2190,2024-01-25,13:01:45,CUST150,P002,Milk,3,3.39,STORE01
T2190,2024-01-25,13:01:45,CUST150,P017,Bananas,2,1.89,STORE01
T2190,2024-01-25,13:01:45,CUST150,P012,Tomatoes,4,2.73,STORE01
T2190,2024-01-25,13:01:45,CUST150,P009,Fish,2,10.52,STORE01
T2191,2024-02-26,21:28:45,CUST236,P026,Vinegar,4,2.71,STORE01
T2191,2024-02-26,21:28:45,CUST236,P043,Beer,1,9.43,STORE01
T2191,2024-02-26,21:28:45,CUST236,P022,Sugar,1,2.78,STORE01
T2192,2024-03-13,21:04:03,CUST092,P019,Cereal,1,4.83,STORE04
T2192,2024-03-13,21:04:03,CUST092,P002,Milk,5,3.46,STORE04
T2192,2024-03-13,21:04:03,CUST092,P017,Bananas,3,2.02,STORE04
T2192,2024-03-13,21:04:03,CUST092,P040,Soda,2,2.81,STORE04
T2192,2024-03-13,21:04:03,CUST092,P046,Shampoo,1,6.29,STORE04
T2193,2024-02-09,13:04:33,CUST167,P020,Coffee,2,8.35,STORE02
T2193,2024-02-09,13:04:33,CUST167,P002,Milk,3,3.74,STORE02
T2194,2024-01-13,12:06:14,CUST497,P011,Pasta,2,2.59,STORE02
T2194,2024-01-13,12:06:14,CUST497,P035,Peanut_Butter,1,4.59,STORE02
T2194,2024-01-13,12:06:14,CUST497,P047,Toothpaste,4,3.88,STORE02
T2194,2024-01-13,12:06:14,CUST497,P030,Chocolate,5,5.46,STORE02
T2194,2024-01-13,12:06:14,CUST497,P033,Soup,5,3.2,STORE02
T2195,2024-03-19,13:16:03,CUST291,P046,Shampoo,3,6.45,STORE03
T2195,2024-03-19,13:16:03,CUST291,P041,Juice,2,4.19,STORE03
T2195,2024-03-19,13:16:03,CUST291,P030,Chocolate,4,5.33,STORE03
T2195,2024-03-19,13:16:03,CUST291,P005,Cheese,3,7.42,STORE03
T2196,2024-02-14,14:26:45,CUST497,P010,Rice,2,3.96,STORE02
T2196,2024-02-14,14:26:45,CUST497,P039,Chips,5,4.35,STORE02
T2196,2024-02-14,14:26:45,CUST497,P043,Beer,5,9.38,STORE02
T2197,2024-02-03,19:27:55,CUST050,P035,Peanut_Butter,2,4.57,STORE03
T2197,2024-02-03,19:27:55,CUST050,P015,Carrots,2,1.9,STORE03
T2197,2024-02-03,19:27:55,CUST050,P037,Honey,1,5.59,STORE03
T2198,2024-02-29,20:48:32,CUST188,P019,Cereal,1,4.97,STORE02
T2198,2024-02-29,20:48:32,CUST188,P017,Bananas,1,2.04,STORE02
T2198,2024-02-29,20:48:32,CUST188,P041,Juice,2,4.14,STORE02
T2199,2024-03-07,13:33:26,CUST256,P010,Rice,2,3.79,STORE02
T2199,2024-03-07,13:33:26,CUST256,P007,Chicken,4,9.36,STORE02
T2199,2024-03-07,13:33:26,CUST256,P014,Potatoes,2,2.31,STORE02
T2200,2024-03-09,14:59:49,CUST343,P017,Bananas,4,1.98,STORE01
T2200,2024-03-09,14:59:49,CUST343,P025,Oil,3,4.93,STORE01
T2200,2024-03-09,14:59:49,CUST343,P012,Tomatoes,2,2.89,STORE01
T2201,2024-03-22,20:05:13,CUST452,P009,Fish,4,10.44,STORE03
T2201,2024-03-22,20:05:13,CUST452,P040,Soda,4,3.22,STORE03
T2201,2024-03-22,20:05:13,CUST452,P016,Apples,3,3.73,STORE03
T2202,2024-01-29,15:29:01,CUST154,P041,Juice,4,4.02,STORE03
T2202,2024-01-29,15:29:01,CUST154,P047,Toothpaste,1,3.91,STORE03
T2202,2024-01-29,15:29:01,CUST154,P033,Soup,2,3.06,STORE03
T2202,2024-01-29,15:29:01,CUST154,P046,Shampoo,2,6.31,STORE03
T2202,2024-01-29,15:29:01,CUST154,P007,Chicken,3,9.66,STORE03
T2203,2024-01-27,11:59:46,CUST122,P016,Apples,2,3.68,STORE05
T2203,2024-01-27,11:59:46,CUST122,P011,Pasta,3,2.37,STORE05
T2203,2024-01-27,11:59:46,CUST122,P008,Beef,4,14.13,STORE05
T2203,2024-01-27,11:59:46,CUST122,P044,Wine,2,13.88,STORE05
T2203,2024-01-27,11:59:46,CUST122,P037,Honey,4,6.35,STORE05
T2204,2024-03-10,21:28:45,CUST285,P003,Eggs,5,4.78,STORE04
T2204,2024-03-10,21:28:45,CUST285,P011,Pasta,2,2.39,STORE04
T2204,2024-03-10,21:28:45,CUST285,P021,Tea,3,3.61,STORE04
T2204,2024-03-10,21:28:45,CUST285,P015,Carrots,2,1.9,STORE04
T2204,2024-03-10,21:28:45,CUST285,P005,Cheese,1,7.26,STORE04
T2205,2024-02-08,18:58:39,CUST143,P006,Yogurt,5,1.96,STORE02
T2205,2024-02-08,18:58:39,CUST143,P042,Water,2,1.96,STORE02
T2205,2024-02-08,18:58:39,CUST143,P008,Beef,2,12.22,STORE02
T2205,2024-02-08,18:58:39,CUST143,P037,Honey,4,5.46,STORE02
T2205,2024-02-08,18:58:39,CUST143,P005,Cheese,1,6.48,STORE02
T2206,2024-03-16,21:35:34,CUST005,P017,Bananas,2,2.0,STORE01
T2206,2024-03-16,21:35:34,CUST005,P028,Baking_Powder,3,2.09,STORE01
T2207,2024-02-29,13:55:30,CUST156,P039,Chips,4,3.88,STORE02
T2207,2024-02-29,13:55:30,CUST156,P011,Pasta,3,2.49,STORE02
T2207,2024-02-29,13:55:30,CUST156,P026,Vinegar,4,2.6,STORE02
T2207,2024-02-29,13:55:30,CUST156,P035,Peanut_Butter,2,5.28,STORE02
T2207,2024-02-29,13:55:30,CUST156,P043,Beer,4,8.35,STORE02
T2208,2024-01-13,18:18:21,CUST369,P042,Water,5,2.07,STORE05
T2208,2024-01-13,18:18:21,CUST369,P003,Eggs,4,4.61,STORE05
T2208,2024-01-13,18:18:21,CUST369,P022,Sugar,2,3.28,STORE05
T2209,2024-03-24,10:19:16,CUST031,P039,Chips,4,4.32,STORE02
T2209,2024-03-24,10:19:16,CUST031,P021,Tea,4,4.12,STORE02
T2209,2024-03-24,10:19:16,CUST031,P035,Peanut_Butter,3,5.36,STORE02
T2209,2024-03-24,10:19:16,CUST031,P022,Sugar,3,2.89,STORE02
T2210,2024-03-26,10:21:55,CUST275,P019,Cereal,1,4.62,STORE05
T2210,2024-03-26,10:21:55,CUST275,P040,Soda,2,3.04,STORE05
T2210,2024-03-26,10:21:55,CUST275,P049,Tissues,5,4.62,STORE05
T2210,2024-03-26,10:21:55,CUST275,P016,Apples,3,3.9,STORE05
T2211,2024-02-26,13:53:15,CUST460,P049,Tissues,3,5.16,STORE04
T2211,2024-02-26,13:53:15,CUST460,P044,Wine,3,13.38,STORE04
T2211,2024-02-26,13:53:15,CUST460,P001,Bread,1,2.76,STORE04
T2212,2024-03-01,08:52:48,CUST175,P047,Toothpaste,2,4.13,STORE01
T2212,2024-03-01,08:52:48,CUST175,P009,Fish,5,10.97,STORE01
T2212,2024-03-01,08:52:48,CUST175,P007,Chicken,4,9.6,STORE01
T2212,2024-03-01,08:52:48,CUST175,P037,Honey,3,5.39,STORE01
T2213,2024-01-10,20:05:17,CUST492,P013,Onions,3,1.95,STORE04
T2213,2024-01-10,20:05:17,CUST492,P025,Oil,1,5.13,STORE04
T2213,2024-01-10,20:05:17,CUST492,P040,Soda,3,3.0,STORE04
T2214,2024-02-14,13:29:06,CUST251,P009,Fish,4,10.77,STORE04
T2214,2024-02-14,13:29:06,CUST251,P049,Tissues,3,4.61,STORE04
T2214,2024-02-14,13:29:06,CUST251,P020,Coffee,5,7.23,STORE04
T2215,2024-01-08,12:59:04,CUST486,P031,Ice_Cream,3,6.53,STORE04
T2215,2024-01-08,12:59:04,CUST486,P002,Milk,5,3.33,STORE04
T2215,2024-01-08,12:59:04,CUST486,P038,Nuts,3,6.38,STORE04
T2215,2024-01-08,12:59:04,CUST486,P008,Beef,3,12.41,STORE04
T2216,2024-02-20,09:58:46,CUST081,P029,Vanilla,2,4.33,STORE04
T2216,2024-02-20,09:58:46,CUST081,P028,Baking_Powder,4,1.98,STORE04
T2216,2024-02-20,09:58:46,CUST081,P031,Ice_Cream,5,6.06,STORE04
T2216,2024-02-20,09:58:46,CUST081,P017,Bananas,1,1.93,STORE04
T2216,2024-02-20,09:58:46,CUST081,P030,Chocolate,1,5.1,STORE04
T2217,2024-03-25,08:40:57,CUST149,P048,Soap,5,3.16,STORE03
T2217,2024-03-25,08:40:57,CUST149,P006,Yogurt,2,2.0,STORE03
T2217,2024-03-25,08:40:57,CUST149,P016,Apples,3,3.7,STORE03
T2218,2024-02-19,15:46:59,CUST152,P045,Detergent,3,8.52,STORE04
T2218,2024-02-19,15:46:59,CUST152,P049,Tissues,4,4.57,STORE04
T2218,2024-02-19,15:46:59,CUST152,P018,Oranges,3,4.44,STORE04
T2219,2024-02-06,18:25:34,CUST470,P048,Soap,5,3.09,STORE04
T2219,2024-02-06,18:25:34,CUST470,P030,Chocolate,4,4.74,STORE04
T2220,2024-01-14,15:34:35,CUST139,P010,Rice,5,4.38,STORE03
T2220,2024-01-14,15:34:35,CUST139,P049,Tissues,3,5.05,STORE03
T2220,2024-01-14,15:34:35,CUST139,P020,Coffee,4,8.27,STORE03
T2220,2024-01-14,15:34:35,CUST139,P033,Soup,1,3.19,STORE03
T2221,2024-03-21,21:07:29,CUST292,P031,Ice_Cream,1,5.69,STORE01
T2221,2024-03-21,21:07:29,CUST292,P049,Tissues,3,5.38,STORE01
T2222,2024-03-14,15:38:30,CUST038,P038,Nuts,4,6.49,STORE05
T2222,2024-03-14,15:38:30,CUST038,P020,Coffee,5,8.74,STORE05
T2222,2024-03-14,15:38:30,CUST038,P015,Carrots,5,1.88,STORE05
T2222,2024-03-14,15:38:30,CUST038,P009,Fish,4,10.52,STORE05
T2222,2024-03-14,15:38:30,CUST038,P050,Paper_Towels,4,7.68,STORE05
T2223,2024-02-25,21:42:31,CUST056,P048,Soap,2,2.8,STORE02
T2223,2024-02-25,21:42:31,CUST056,P041,Juice,4,4.18,STORE02
T2224,2024-01-02,09:10:59,CUST463,P039,Chips,1,4.0,STORE02
T2224,2024-01-02,09:10:59,CUST463,P033,Soup,4,3.02,STORE02
T2225,2024-03-01,10:35:22,CUST496,P027,Flour,4,3.2,STORE04
T2225,2024-03-01,10:35:22,CUST496,P003,Eggs,4,5.28,STORE04
T2225,2024-03-01,10:35:22,CUST496,P014,Potatoes,3,2.67,STORE04
T2226,2024-01-13,12:52:10,CUST381,P010,Rice,2,4.12,STORE04
T2226,2024-01-13,12:52:10,CUST381,P040,Soda,4,3.0,STORE04
T2227,2024-03-09,09:43:41,CUST024,P026,Vinegar,4,2.39,STORE05
T2227,2024-03-09,09:43:41,CUST024,P024,Pepper,1,2.99,STORE05
T2227,2024-03-09,09:43:41,CUST024,P011,Pasta,2,2.32,STORE05
T2227,2024-03-09,09:43:41,CUST024,P022,Sugar,2,3.12,STORE05
T2228,2024-03-16,17:11:10,CUST105,P042,Water,1,1.96,STORE02
T2228,2024-03-16,17:11:10,CUST105,P026,Vinegar,2,2.6,STORE02
T2228,2024-03-16,17:11:10,CUST105,P013,Onions,4,1.89,STORE02
T2228,2024-03-16,17:11:10,CUST105,P017,Bananas,4,2.15,STORE02
T2228,2024-03-16,17:11:10,CUST105,P050,Paper_Towels,3,7.01,STORE02
T2229,2024-02-16,13:28:58,CUST171,P032,Frozen_Pizza,3,7.23,STORE02
T2229,2024-02-16,13:28:58,CUST171,P043,Beer,2,9.31,STORE02
T2229,2024-02-16,13:28:58,CUST171,P035,Peanut_Butter,5,4.64,STORE02
T2229,2024-02-16,13:28:58,CUST171,P037,Honey,1,6.07,STORE02
T2230,2024-03-24,19:50:12,CUST225,P023,Salt,1,1.57,STORE03
T2230,2024-03-24,19:50:12,CUST225,P012,Tomatoes,3,3.05,STORE03
T2231,2024-02-02,14:02:17,CUST478,P003,Eggs,4,5.32,STORE03
T2231,2024-02-02,14:02:17,CUST478,P001,Bread,5,2.71,STORE03
T2231,2024-02-02,14:02:17,CUST478,P012,Tomatoes,1,2.98,STORE03
T2232,2024-03-12,11:05:39,CUST264,P010,Rice,4,4.05,STORE01
T2232,2024-03-12,11:05:39,CUST264,P009,Fish,2,9.21,STORE01
T2232,2024-03-12,11:05:39,CUST264,P015,Carrots,5,1.7,STORE01
T2233,2024-01-16,14:16:05,CUST218,P022,Sugar,5,2.8,STORE01
T2233,2024-01-16,14:16:05,CUST218,P027,Flour,2,3.79,STORE01
T2233,2024-01-16,14:16:05,CUST218,P014,Potatoes,4,2.56,STORE01
T2233,2024-01-16,14:16:05,CUST218,P032,Frozen_Pizza,5,7.04,STORE01
T2233,2024-01-16,14:16:05,CUST218,P007,Chicken,2,9.48,STORE01
T2234,2024-01-04,19:10:31,CUST499,P038,Nuts,4,7.22,STORE05
T2234,2024-01-04,19:10:31,CUST499,P037,Honey,1,5.54,STORE05
T2234,2024-01-04,19:10:31,CUST499,P001,Bread,2,3.23,STORE05
T2235,2024-01-17,14:40:04,CUST372,P009,Fish,4,9.13,STORE03
T2235,2024-01-17,14:40:04,CUST372,P050,Paper_Towels,4,7.28,STORE03
T2235,2024-01-17,14:40:04,CUST372,P021,Tea,5,3.74,STORE03
T2236,2024-03-20,17:56:49,CUST128,P034,Crackers,3,3.29,STORE03
T2236,2024-03-20,17:56:49,CUST128,P031,Ice_Cream,3,5.76,STORE03
T2236,2024-03-20,17:56:49,CUST128,P036,Jam,2,3.74,STORE03
T2236,2024-03-20,17:56:49,CUST128,P050,Paper_Towels,1,7.29,STORE03
T2236,2024-03-20,17:56:49,CUST128,P007,Chicken,3,9.23,STORE03
T2237,2024-01-30,14:17:50,CUST350,P023,Salt,4,1.62,STORE01
T2237,2024-01-30,14:17:50,CUST350,P019,Cereal,2,5.12,STORE01
T2237,2024-01-30,14:17:50,CUST350,P016,Apples,5,3.93,STORE01
T2237,2024-01-30,14:17:50,CUST350,P007,Chicken,2,8.44,STORE01
T2238,2024-01-10,16:18:31,CUST410,P034,Crackers,4,3.53,STORE04
T2238,2024-01-10,16:18:31,CUST410,P038,Nuts,3,6.73,STORE04
T2238,2024-01-10,16:18:31,CUST410,P017,Bananas,4,1.93,STORE04
T2238,2024-01-10,16:18:31,CUST410,P014,Potatoes,1,2.26,STORE04
T2238,2024-01-10,16:18:31,CUST410,P050,Paper_Towels,1,7.6,STORE04
T2239,2024-01-31,21:40:23,CUST090,P006,Yogurt,1,2.05,STORE02
T2239,2024-01-31,21:40:23,CUST090,P018,Oranges,3,4.81,STORE02
T2239,2024-01-31,21:40:23,CUST090,P049,Tissues,3,5.48,STORE02
T2239,2024-01-31,21:40:23,CUST090,P013,Onions,1,2.11,STORE02
T2239,2024-01-31,21:40:23,CUST090,P033,Soup,4,2.9,STORE02
T2240,2024-03-17,19:27:31,CUST085,P022,Sugar,2,2.87,STORE05
T2240,2024-03-17,19:27:31,CUST085,P001,Bread,2,3.03,STORE05
T2241,2024-02-24,18:43:06,CUST169,P042,Water,3,1.97,STORE02
T2241,2024-02-24,18:43:06,CUST169,P006,Yogurt,3,2.02,STORE02
T2241,2024-02-24,18:43:06,CUST169,P047,Toothpaste,5,4.17,STORE02
T2242,2024-01-15,08:19:49,CUST200,P041,Juice,5,3.67,STORE05
T2242,2024-01-15,08:19:49,CUST200,P018,Oranges,2,4.47,STORE05
T2242,2024-01-15,08:19:49,CUST200,P022,Sugar,2,3.01,STORE05
T2242,2024-01-15,08:19:49,CUST200,P047,Toothpaste,4,4.2,STORE05
T2242,2024-01-15,08:19:49,CUST200,P050,Paper_Towels,5,7.63,STORE05
T2243,2024-02-24,10:06:09,CUST098,P006,Yogurt,4,2.14,STORE05
T2243,2024-02-24,10:06:09,CUST098,P038,Nuts,2,7.65,STORE05
T2243,2024-02-24,10:06:09,CUST098,P031,Ice_Cream,5,5.79,STORE05
T2243,2024-02-24,10:06:09,CUST098,P030,Chocolate,4,4.92,STORE05
T2243,2024-02-24,10:06:09,CUST098,P015,Carrots,5,1.89,STORE05
T2244,2024-02-10,17:16:14,CUST226,P014,Potatoes,4,2.5,STORE05
T2244,2024-02-10,17:16:14,CUST226,P001,Bread,1,3.02,STORE05
T2245,2024-03-14,17:50:46,CUST163,P029,Vanilla,1,4.34,STORE04
T2245,2024-03-14,17:50:46,CUST163,P021,Tea,1,3.72,STORE04
T2245,2024-03-14,17:50:46,CUST163,P027,Flour,4,3.19,STORE04
T2245,2024-03-14,17:50:46,CUST163,P012,Tomatoes,1,3.06,STORE04
T2245,2024-03-14,17:50:46,CUST163,P050,Paper_Towels,5,7.05,STORE04
T2246,2024-01-26,20:17:45,CUST434,P023,Salt,5,1.43,STORE03
T2246,2024-01-26,20:17:45,CUST434,P004,Butter,3,5.5,STORE03
T2246,2024-01-26,20:17:45,CUST434,P028,Baking_Powder,1,1.91,STORE03
T2246,2024-01-26,20:17:45,CUST434,P033,Soup,2,3.27,STORE03
T2247,2024-03-24,08:34:18,CUST007,P047,Toothpaste,5,4.16,STORE01
T2247,2024-03-24,08:34:18,CUST007,P050,Paper_Towels,3,6.34,STORE01
T2247,2024-03-24,08:34:18,CUST007,P041,Juice,1,3.89,STORE01
T2247,2024-03-24,08:34:18,CUST007,P037,Honey,3,5.41,STORE01
T2248,2024-02-28,17:55:01,CUST307,P047,Toothpaste,1,3.67,STORE01
T2248,2024-02-28,17:55:01,CUST307,P006,Yogurt,1,1.98,STORE01
T2248,2024-02-28,17:55:01,CUST307,P050,Paper_Towels,5,7.48,STORE01
T2248,2024-02-28,17:55:01,CUST307,P023,Salt,5,1.58,STORE01
T2249,2024-03-27,18:52:28,CUST103,P004,Butter,4,5.5,STORE05
T2249,2024-03-27,18:52:28,CUST103,P036,Jam,2,3.75,STORE05
T2249,2024-03-27,18:52:28,CUST103,P001,Bread,3,2.78,STORE05
T2250,2024-01-21,15:06:59,CUST241,P027,Flour,2,3.3,STORE03
T2250,2024-01-21,15:06:59,CUST241,P004,Butter,4,5.83,STORE03
T2250,2024-01-21,15:06:59,CUST241,P003,Eggs,5,4.6,STORE03
T2251,2024-03-24,11:11:52,CUST143,P041,Juice,2,4.36,STORE02
T2251,2024-03-24,11:11:52,CUST143,P024,Pepper,4,3.17,STORE02
T2251,2024-03-24,11:11:52,CUST143,P013,Onions,2,2.05,STORE02
T2251,2024-03-24,11:11:52,CUST143,P044,Wine,1,13.05,STORE02
T2251,2024-03-24,11:11:52,CUST143,P046,Shampoo,1,5.81,STORE02
T2252,2024-01-31,08:26:52,CUST142,P010,Rice,1,4.07,STORE02
T2252,2024-01-31,08:26:52,CUST142,P024,Pepper,5,2.86,STORE02
T2252,2024-01-31,08:26:52,CUST142,P035,Peanut_Butter,1,4.69,STORE02
T2252,2024-01-31,08:26:52,CUST142,P030,Chocolate,5,5.0,STORE02
T2252,2024-01-31,08:26:52,CUST142,P044,Wine,2,11.83,STORE02
T2253,2024-03-30,14:20:52,CUST270,P027,Flour,3,3.49,STORE05
T2253,2024-03-30,14:20:52,CUST270,P046,Shampoo,5,5.84,STORE05
T2254,2024-01-26,17:12:26,CUST433,P031,Ice_Cream,4,5.41,STORE04
T2254,2024-01-26,17:12:26,CUST433,P039,Chips,3,4.16,STORE04
T2254,2024-01-26,17:12:26,CUST433,P043,Beer,1,9.37,STORE04
T2254,2024-01-26,17:12:26,CUST433,P040,Soda,1,2.74,STORE04
T2255,2024-01-27,13:22:23,CUST016,P004,Butter,5,5.12,STORE02
T2255,2024-01-27,13:22:23,CUST016,P014,Potatoes,1,2.27,STORE02
T2256,2024-01-06,17:40:57,CUST336,P023,Salt,1,1.61,STORE05
T2256,2024-01-06,17:40:57,CUST336,P040,Soda,3,3.14,STORE05
T2256,2024-01-06,17:40:57,CUST336,P045,Detergent,3,7.56,STORE05
T2257,2024-02-01,09:18:12,CUST158,P034,Crackers,2,3.68,STORE03
T2257,2024-02-01,09:18:12,CUST158,P007,Chicken,4,8.54,STORE03
T2258,2024-03-04,09:00:24,CUST140,P013,Onions,5,2.17,STORE01
T2258,2024-03-04,09:00:24,CUST140,P032,Frozen_Pizza,3,7.19,STORE01
T2258,2024-03-04,09:00:24,CUST140,P050,Paper_Towels,3,7.1,STORE01
T2259,2024-02-03,21:05:34,CUST343,P047,Toothpaste,1,4.12,STORE02
T2259,2024-02-03,21:05:34,CUST343,P048,Soap,5,3.01,STORE02
T2259,2024-02-03,21:05:34,CUST343,P038,Nuts,2,6.48,STORE02
T2259,2024-02-03,21:05:34,CUST343,P045,Detergent,5,8.21,STORE02
T2260,2024-02-28,15:15:46,CUST111,P019,Cereal,4,4.6,STORE02
T2260,2024-02-28,15:15:46,CUST111,P035,Peanut_Butter,1,5.14,STORE02
T2260,2024-02-28,15:15:46,CUST111,P031,Ice_Cream,4,5.65,STORE02
T2260,2024-02-28,15:15:46,CUST111,P030,Chocolate,1,5.28,STORE02
T2260,2024-02-28,15:15:46,CUST111,P037,Honey,2,6.35,STORE02
T2261,2024-02-28,08:47:34,CUST443,P043,Beer,4,9.1,STORE01
T2261,2024-02-28,08:47:34,CUST443,P049,Tissues,2,4.69,STORE01
T2261,2024-02-28,08:47:34,CUST443,P011,Pasta,1,2.7,STORE01
T2261,2024-02-28,08:47:34,CUST443,P016,Apples,2,4.27,STORE01
T2262,2024-01-20,18:26:00,CUST373,P040,Soda,5,3.25,STORE01
T2262,2024-01-20,18:26:00,CUST373,P032,Frozen_Pizza,2,7.13,STORE01
T2263,2024-03-12,08:55:36,CUST075,P026,Vinegar,2,2.58,STORE02
T2263,2024-03-12,08:55:36,CUST075,P044,Wine,1,13.41,STORE02
T2263,2024-03-12,08:55:36,CUST075,P001,Bread,1,3.08,STORE02
T2264,2024-02-07,17:58:31,CUST493,P046,Shampoo,4,6.17,STORE01
T2264,2024-02-07,17:58:31,CUST493,P040,Soda,4,2.89,STORE01
T2264,2024-02-07,17:58:31,CUST493,P018,Oranges,3,4.2,STORE01
T2264,2024-02-07,17:58:31,CUST493,P005,Cheese,2,7.33,STORE01
T2265,2024-03-18,21:38:50,CUST155,P010,Rice,4,4.31,STORE02
T2265,2024-03-18,21:38:50,CUST155,P042,Water,2,2.08,STORE02
T2265,2024-03-18,21:38:50,CUST155,P008,Beef,4,12.69,STORE02
T2265,2024-03-18,21:38:50,CUST155,P027,Flour,2,3.52,STORE02
T2265,2024-03-18,21:38:50,CUST155,P004,Butter,2,5.31,STORE02
T2266,2024-01-26,13:15:59,CUST001,P020,Coffee,3,8.05,STORE04
T2266,2024-01-26,13:15:59,CUST001,P041,Juice,2,4.24,STORE04
T2266,2024-01-26,13:15:59,CUST001,P004,Butter,4,5.99,STORE04
T2267,2024-02-03,09:59:33,CUST054,P006,Yogurt,1,1.89,STORE01
T2267,2024-02-03,09:59:33,CUST054,P017,Bananas,4,1.86,STORE01
T2267,2024-02-03,09:59:33,CUST054,P011,Pasta,3,2.5,STORE01
T2268,2024-03-16,09:52:03,CUST004,P016,Apples,3,4.07,STORE05
T2268,2024-03-16,09:52:03,CUST004,P005,Cheese,2,6.65,STORE05
T2268,2024-03-16,09:52:03,CUST004,P043,Beer,5,8.55,STORE05
T2268,2024-03-16,09:52:03,CUST004,P041,Juice,3,3.79,STORE05
T2269,2024-03-25,13:00:48,CUST019,P050,Paper_Towels,3,6.85,STORE03
T2269,2024-03-25,13:00:48,CUST019,P037,Honey,4,5.92,STORE03
T2269,2024-03-25,13:00:48,CUST019,P033,Soup,1,3.08,STORE03
T2270,2024-02-19,19:28:23,CUST246,P042,Water,1,2.19,STORE03
T2270,2024-02-19,19:28:23,CUST246,P009,Fish,2,9.79,STORE03
T2271,2024-03-11,21:27:25,CUST480,P004,Butter,5,5.28,STORE01
T2271,2024-03-11,21:27:25,CUST480,P025,Oil,5,5.12,STORE01
T2271,2024-03-11,21:27:25,CUST480,P002,Milk,5,3.54,STORE01
T2272,2024-03-06,11:52:27,CUST453,P019,Cereal,3,4.76,STORE01
T2272,2024-03-06,11:52:27,CUST453,P017,Bananas,2,1.97,STORE01
T2272,2024-03-06,11:52:27,CUST453,P012,Tomatoes,5,2.77,STORE01
T2272,2024-03-06,11:52:27,CUST453,P048,Soap,4,3.08,STORE01
T2272,2024-03-06,11:52:27,CUST453,P009,Fish,1,10.42,STORE01
T2273,2024-01-31,13:47:50,CUST143,P047,Toothpaste,2,4.06,STORE01
T2273,2024-01-31,13:47:50,CUST143,P045,Detergent,4,8.18,STORE01
T2274,2024-02-19,11:51:10,CUST073,P023,Salt,2,1.53,STORE04
T2274,2024-02-19,11:51:10,CUST073,P038,Nuts,5,7.66,STORE04
T2274,2024-02-19,11:51:10,CUST073,P036,Jam,5,4.23,STORE04
T2274,2024-02-19,11:51:10,CUST073,P033,Soup,4,2.74,STORE04
T2275,2024-01-09,08:43:10,CUST117,P019,Cereal,2,4.65,STORE03
T2275,2024-01-09,08:43:10,CUST117,P017,Bananas,1,1.98,STORE03
T2275,2024-01-09,08:43:10,CUST117,P002,Milk,4,3.61,STORE03
T2276,2024-01-16,12:08:31,CUST194,P013,Onions,1,2.18,STORE03
T2276,2024-01-16,12:08:31,CUST194,P021,Tea,1,3.7,STORE03
T2276,2024-01-16,12:08:31,CUST194,P015,Carrots,1,1.76,STORE03
T2277,2024-02-05,16:08:55,CUST107,P028,Baking_Powder,5,1.88,STORE04
T2277,2024-02-05,16:08:55,CUST107,P013,Onions,4,1.82,STORE04
T2277,2024-02-05,16:08:55,CUST107,P014,Potatoes,2,2.29,STORE04
T2277,2024-02-05,16:08:55,CUST107,P033,Soup,1,2.94,STORE04
T2277,2024-02-05,16:08:55,CUST107,P007,Chicken,3,9.43,STORE04
T2278,2024-01-11,19:30:15,CUST123,P009,Fish,1,10.61,STORE02
T2278,2024-01-11,19:30:15,CUST123,P015,Carrots,3,1.64,STORE02
T2278,2024-01-11,19:30:15,CUST123,P004,Butter,3,5.42,STORE02
T2279,2024-03-20,14:57:16,CUST490,P031,Ice_Cream,2,5.55,STORE05
T2279,2024-03-20,14:57:16,CUST490,P013,Onions,5,1.95,STORE05
T2279,2024-03-20,14:57:16,CUST490,P018,Oranges,3,4.33,STORE05
T2279,2024-03-20,14:57:16,CUST490,P050,Paper_Towels,3,7.19,STORE05
T2280,2024-01-23,11:38:50,CUST348,P019,Cereal,5,4.92,STORE04
T2280,2024-01-23,11:38:50,CUST348,P050,Paper_Towels,4,6.85,STORE04
T2280,2024-01-23,11:38:50,CUST348,P041,Juice,2,4.11,STORE04
T2280,2024-01-23,11:38:50,CUST348,P018,Oranges,5,4.68,STORE04
T2281,2024-03-09,09:51:58,CUST216,P029,Vanilla,5,4.02,STORE04
T2281,2024-03-09,09:51:58,CUST216,P049,Tissues,2,4.83,STORE04
T2281,2024-03-09,09:51:58,CUST216,P043,Beer,4,8.33,STORE04
T2281,2024-03-09,09:51:58,CUST216,P015,Carrots,2,1.97,STORE04
T2282,2024-01-09,09:46:47,CUST497,P042,Water,5,2.09,STORE02
T2282,2024-01-09,09:46:47,CUST497,P039,Chips,4,4.27,STORE02
T2283,2024-01-13,17:03:28,CUST012,P046,Shampoo,5,5.84,STORE02
T2283,2024-01-13,17:03:28,CUST012,P043,Beer,4,9.38,STORE02
T2284,2024-03-10,10:42:20,CUST482,P021,Tea,3,4.1,STORE01
T2284,2024-03-10,10:42:20,CUST482,P014,Potatoes,4,2.31,STORE01
T2285,2024-02-02,21:45:08,CUST244,P042,Water,4,2.13,STORE05
T2285,2024-02-02,21:45:08,CUST244,P007,Chicken,2,8.35,STORE05
T2286,2024-03-03,15:30:54,CUST169,P035,Peanut_Butter,1,4.77,STORE02
T2286,2024-03-03,15:30:54,CUST169,P031,Ice_Cream,3,6.56,STORE02
T2286,2024-03-03,15:30:54,CUST169,P046,Shampoo,1,6.01,STORE02
T2286,2024-03-03,15:30:54,CUST169,P015,Carrots,1,1.7,STORE02
T2287,2024-03-06,08:08:07,CUST139,P010,Rice,1,3.94,STORE03
T2287,2024-03-06,08:08:07,CUST139,P035,Peanut_Butter,2,4.66,STORE03
T2287,2024-03-06,08:08:07,CUST139,P028,Baking_Powder,3,2.14,STORE03
T2287,2024-03-06,08:08:07,CUST139,P014,Potatoes,2,2.43,STORE03
T2287,2024-03-06,08:08:07,CUST139,P007,Chicken,3,8.67,STORE03
T2288,2024-01-22,17:22:36,CUST191,P020,Coffee,2,8.67,STORE04
T2288,2024-01-22,17:22:36,CUST191,P049,Tissues,4,5.25,STORE04
T2288,2024-01-22,17:22:36,CUST191,P011,Pasta,2,2.35,STORE04
T2288,2024-01-22,17:22:36,CUST191,P014,Potatoes,1,2.29,STORE04
T2289,2024-03-12,08:48:48,CUST243,P042,Water,2,2.07,STORE05
T2289,2024-03-12,08:48:48,CUST243,P050,Paper_Towels,3,7.28,STORE05
T2289,2024-03-12,08:48:48,CUST243,P015,Carrots,3,1.92,STORE05
T2290,2024-02-18,20:31:26,CUST142,P034,Crackers,5,3.23,STORE04
T2290,2024-02-18,20:31:26,CUST142,P050,Paper_Towels,2,7.31,STORE04
T2290,2024-02-18,20:31:26,CUST142,P005,Cheese,3,6.78,STORE04
T2291,2024-03-14,09:41:22,CUST464,P038,Nuts,2,6.9,STORE03
T2291,2024-03-14,09:41:22,CUST464,P043,Beer,5,9.17,STORE03
T2292,2024-03-16,17:09:19,CUST424,P023,Salt,4,1.42,STORE02
T2292,2024-03-16,17:09:19,CUST424,P004,Butter,1,5.91,STORE02
T2292,2024-03-16,17:09:19,CUST424,P009,Fish,5,9.25,STORE02
T2293,2024-03-28,13:41:43,CUST070,P013,Onions,2,2.01,STORE02
T2293,2024-03-28,13:41:43,CUST070,P041,Juice,3,4.32,STORE02
T2293,2024-03-28,13:41:43,CUST070,P015,Carrots,2,1.85,STORE02
T2294,2024-03-04,14:37:51,CUST299,P001,Bread,3,2.82,STORE01
T2294,2024-03-04,14:37:51,CUST299,P035,Peanut_Butter,5,4.9,STORE01
T2294,2024-03-04,14:37:51,CUST299,P017,Bananas,4,1.99,STORE01
T2294,2024-03-04,14:37:51,CUST299,P030,Chocolate,1,4.94,STORE01
T2294,2024-03-04,14:37:51,CUST299,P036,Jam,3,3.61,STORE01
T2295,2024-03-08,11:45:49,CUST361,P038,Nuts,2,6.55,STORE04
T2295,2024-03-08,11:45:49,CUST361,P015,Carrots,4,1.66,STORE04
T2295,2024-03-08,11:45:49,CUST361,P029,Vanilla,5,4.08,STORE04
T2296,2024-02-11,21:17:40,CUST293,P008,Beef,2,13.62,STORE02
T2296,2024-02-11,21:17:40,CUST293,P014,Potatoes,1,2.5,STORE02
T2296,2024-02-11,21:17:40,CUST293,P022,Sugar,5,2.88,STORE02
T2297,2024-03-28,17:23:08,CUST152,P010,Rice,5,3.94,STORE03
T2297,2024-03-28,17:23:08,CUST152,P025,Oil,4,4.73,STORE03
T2297,2024-03-28,17:23:08,CUST152,P038,Nuts,1,6.51,STORE03
T2297,2024-03-28,17:23:08,CUST152,P022,Sugar,2,2.99,STORE03
T2297,2024-03-28,17:23:08,CUST152,P040,Soda,2,2.96,STORE03
T2298,2024-03-18,13:33:44,CUST495,P010,Rice,2,3.6,STORE05
T2298,2024-03-18,13:33:44,CUST495,P003,Eggs,1,4.81,STORE05
T2298,2024-03-18,13:33:44,CUST495,P001,Bread,2,2.96,STORE05
T2298,2024-03-18,13:33:44,CUST495,P027,Flour,4,3.7,STORE05
T2298,2024-03-18,13:33:44,CUST495,P004,Butter,3,6.03,STORE05
T2299,2024-02-23,20:24:48,CUST045,P027,Flour,1,3.34,STORE04
T2299,2024-02-23,20:24:48,CUST045,P017,Bananas,4,2.07,STORE04
T2299,2024-02-23,20:24:48,CUST045,P040,Soda,5,3.21,STORE04
T2299,2024-02-23,20:24:48,CUST045,P045,Detergent,5,8.19,STORE04
T2299,2024-02-23,20:24:48,CUST045,P048,Soap,2,2.78,STORE04
T2300,2024-03-19,08:11:34,CUST201,P021,Tea,5,4.27,STORE02
T2300,2024-03-19,08:11:34,CUST201,P035,Peanut_Butter,5,4.81,STORE02
T2300,2024-03-19,08:11:34,CUST201,P022,Sugar,5,2.87,STORE02
T2300,2024-03-19,08:11:34,CUST201,P027,Flour,2,3.66,STORE02
T2300,2024-03-19,08:11:34,CUST201,P032,Frozen_Pizza,3,6.97,STORE02
T2301,2024-02-04,16:47:43,CUST257,P010,Rice,1,4.01,STORE02
T2301,2024-02-04,16:47:43,CUST257,P007,Chicken,1,9.74,STORE02
T2301,2024-02-04,16:47:43,CUST257,P014,Potatoes,2,2.31,STORE02
T2301,2024-02-04,16:47:43,CUST257,P012,Tomatoes,5,3.0,STORE02
T2302,2024-01-29,13:04:47,CUST163,P019,Cereal,1,4.73,STORE01
T2302,2024-01-29,13:04:47,CUST163,P039,Chips,1,4.17,STORE01
T2302,2024-01-29,13:04:47,CUST163,P002,Milk,5,3.44,STORE01
T2302,2024-01-29,13:04:47,CUST163,P001,Bread,5,3.28,STORE01
T2303,2024-02-15,09:22:40,CUST397,P049,Tissues,3,4.91,STORE03
T2303,2024-02-15,09:22:40,CUST397,P011,Pasta,3,2.68,STORE03
T2303,2024-02-15,09:22:40,CUST397,P022,Sugar,3,2.9,STORE03
T2303,2024-02-15,09:22:40,CUST397,P033,Soup,4,3.08,STORE03
T2304,2024-01-29,19:21:14,CUST358,P016,Apples,5,4.27,STORE04
T2304,2024-01-29,19:21:14,CUST358,P038,Nuts,5,6.98,STORE04
T2305,2024-02-18,20:49:04,CUST299,P008,Beef,4,13.56,STORE05
T2305,2024-02-18,20:49:04,CUST299,P035,Peanut_Butter,3,4.93,STORE05
T2306,2024-01-14,17:35:51,CUST263,P049,Tissues,1,5.38,STORE05
T2306,2024-01-14,17:35:51,CUST263,P037,Honey,2,5.79,STORE05
T2306,2024-01-14,17:35:51,CUST263,P007,Chicken,4,9.34,STORE05
T2307,2024-03-07,09:42:42,CUST376,P039,Chips,5,4.19,STORE04
T2307,2024-03-07,09:42:42,CUST376,P043,Beer,5,8.86,STORE04
T2307,2024-03-07,09:42:42,CUST376,P018,Oranges,1,4.1,STORE04
T2307,2024-03-07,09:42:42,CUST376,P040,Soda,4,3.26,STORE04
T2308,2024-03-13,13:05:45,CUST312,P017,Bananas,3,1.82,STORE02
T2308,2024-03-13,13:05:45,CUST312,P008,Beef,1,13.12,STORE02
T2308,2024-03-13,13:05:45,CUST312,P030,Chocolate,1,5.17,STORE02
T2308,2024-03-13,13:05:45,CUST312,P037,Honey,5,6.59,STORE02
T2309,2024-01-12,19:30:12,CUST252,P019,Cereal,4,5.01,STORE02
T2309,2024-01-12,19:30:12,CUST252,P002,Milk,3,3.69,STORE02
T2310,2024-01-28,16:23:37,CUST384,P023,Salt,4,1.4,STORE01
T2310,2024-01-28,16:23:37,CUST384,P019,Cereal,2,4.76,STORE01
T2310,2024-01-28,16:23:37,CUST384,P017,Bananas,3,2.03,STORE01
T2310,2024-01-28,16:23:37,CUST384,P002,Milk,3,3.81,STORE01
T2311,2024-01-26,20:20:46,CUST152,P031,Ice_Cream,1,5.63,STORE01
T2311,2024-01-26,20:20:46,CUST152,P015,Carrots,2,1.83,STORE01
T2311,2024-01-26,20:20:46,CUST152,P014,Potatoes,5,2.33,STORE01
T2312,2024-01-06,13:23:30,CUST045,P041,Juice,4,4.17,STORE03
T2312,2024-01-06,13:23:30,CUST045,P033,Soup,2,2.96,STORE03
T2313,2024-03-19,13:39:49,CUST235,P043,Beer,5,9.56,STORE05
T2313,2024-03-19,13:39:49,CUST235,P037,Honey,3,5.69,STORE05
T2314,2024-01-11,19:04:57,CUST061,P026,Vinegar,4,2.45,STORE01
T2314,2024-01-11,19:04:57,CUST061,P035,Peanut_Butter,1,4.99,STORE01
T2315,2024-01-18,09:35:26,CUST274,P042,Water,5,1.81,STORE01
T2315,2024-01-18,09:35:26,CUST274,P016,Apples,2,4.14,STORE01
T2315,2024-01-18,09:35:26,CUST274,P007,Chicken,4,8.86,STORE01
T2315,2024-01-18,09:35:26,CUST274,P030,Chocolate,2,4.72,STORE01
T2316,2024-02-23,16:16:43,CUST085,P020,Coffee,5,7.27,STORE03
T2316,2024-02-23,16:16:43,CUST085,P015,Carrots,1,1.74,STORE03
T2316,2024-02-23,16:16:43,CUST085,P014,Potatoes,3,2.41,STORE03
T2316,2024-02-23,16:16:43,CUST085,P048,Soap,2,3.14,STORE03
T2316,2024-02-23,16:16:43,CUST085,P037,Honey,5,6.44,STORE03
T2317,2024-01-22,20:40:05,CUST084,P022,Sugar,4,2.75,STORE01
T2317,2024-01-22,20:40:05,CUST084,P028,Baking_Powder,1,2.14,STORE01
T2318,2024-03-11,16:53:20,CUST097,P039,Chips,3,4.04,STORE03
T2318,2024-03-11,16:53:20,CUST097,P025,Oil,2,5.07,STORE03
T2318,2024-03-11,16:53:20,CUST097,P013,Onions,4,2.06,STORE03
T2318,2024-03-11,16:53:20,CUST097,P014,Potatoes,4,2.49,STORE03
T2318,2024-03-11,16:53:20,CUST097,P037,Honey,5,5.8,STORE03
T2319,2024-03-12,18:22:00,CUST452,P004,Butter,4,5.14,STORE02
T2319,2024-03-12,18:22:00,CUST452,P013,Onions,1,2.13,STORE02
T2319,2024-03-12,18:22:00,CUST452,P009,Fish,2,9.59,STORE02
T2319,2024-03-12,18:22:00,CUST452,P019,Cereal,3,5.18,STORE02
T2320,2024-02-17,12:48:12,CUST243,P039,Chips,3,3.89,STORE02
T2320,2024-02-17,12:48:12,CUST243,P043,Beer,2,9.61,STORE02
T2321,2024-02-21,17:28:15,CUST043,P027,Flour,3,3.34,STORE01
T2321,2024-02-21,17:28:15,CUST043,P017,Bananas,3,2.09,STORE01
T2321,2024-02-21,17:28:15,CUST043,P018,Oranges,2,4.72,STORE01
T2321,2024-02-21,17:28:15,CUST043,P035,Peanut_Butter,4,4.71,STORE01
T2322,2024-01-04,19:26:50,CUST359,P042,Water,1,1.89,STORE01
T2322,2024-01-04,19:26:50,CUST359,P031,Ice_Cream,3,6.35,STORE01
T2322,2024-01-04,19:26:50,CUST359,P034,Crackers,1,3.31,STORE01
T2322,2024-01-04,19:26:50,CUST359,P010,Rice,3,3.77,STORE01
T2323,2024-02-17,20:34:27,CUST063,P014,Potatoes,1,2.67,STORE02
T2323,2024-02-17,20:34:27,CUST063,P029,Vanilla,2,4.11,STORE02
T2323,2024-02-17,20:34:27,CUST063,P007,Chicken,1,8.51,STORE02
T2323,2024-02-17,20:34:27,CUST063,P015,Carrots,1,1.78,STORE02
T2324,2024-01-05,08:08:06,CUST182,P047,Toothpaste,2,4.06,STORE05
T2324,2024-01-05,08:08:06,CUST182,P015,Carrots,4,1.94,STORE05
T2325,2024-03-03,19:44:19,CUST483,P046,Shampoo,2,6.39,STORE03
T2325,2024-03-03,19:44:19,CUST483,P003,Eggs,5,4.82,STORE03
T2325,2024-03-03,19:44:19,CUST483,P009,Fish,3,9.03,STORE03
T2325,2024-03-03,19:44:19,CUST483,P020,Coffee,4,7.22,STORE03
T2326,2024-03-09,21:13:51,CUST153,P017,Bananas,3,1.9,STORE04
T2326,2024-03-09,21:13:51,CUST153,P024,Pepper,4,3.18,STORE04
T2326,2024-03-09,21:13:51,CUST153,P022,Sugar,3,2.73,STORE04
T2327,2024-03-29,19:13:38,CUST168,P003,Eggs,5,4.67,STORE01
T2327,2024-03-29,19:13:38,CUST168,P001,Bread,1,2.7,STORE01
T2327,2024-03-29,19:13:38,CUST168,P035,Peanut_Butter,4,4.73,STORE01
T2327,2024-03-29,19:13:38,CUST168,P027,Flour,3,3.42,STORE01
T2327,2024-03-29,19:13:38,CUST168,P004,Butter,2,5.07,STORE01
T2328,2024-02-09,09:23:21,CUST368,P042,Water,1,1.9,STORE04
T2328,2024-02-09,09:23:21,CUST368,P020,Coffee,4,7.75,STORE04
T2328,2024-02-09,09:23:21,CUST368,P012,Tomatoes,4,3.14,STORE04
T2329,2024-01-08,14:00:48,CUST036,P034,Crackers,5,3.66,STORE04
T2329,2024-01-08,14:00:48,CUST036,P046,Shampoo,3,6.42,STORE04
T2329,2024-01-08,14:00:48,CUST036,P008,Beef,3,11.82,STORE04
T2330,2024-02-20,19:42:26,CUST292,P038,Nuts,1,7.01,STORE05
T2330,2024-02-20,19:42:26,CUST292,P049,Tissues,1,5.02,STORE05
T2330,2024-02-20,19:42:26,CUST292,P012,Tomatoes,3,2.89,STORE05
T2330,2024-02-20,19:42:26,CUST292,P050,Paper_Towels,2,6.74,STORE05
T2330,2024-02-20,19:42:26,CUST292,P007,Chicken,5,8.62,STORE05
T2331,2024-01-16,08:14:49,CUST421,P041,Juice,3,3.7,STORE01
T2331,2024-01-16,08:14:49,CUST421,P018,Oranges,1,4.84,STORE01
T2331,2024-01-16,08:14:49,CUST421,P042,Water,2,1.86,STORE01
T2331,2024-01-16,08:14:49,CUST421,P047,Toothpaste,5,4.11,STORE01
T2331,2024-01-16,08:14:49,CUST421,P009,Fish,2,10.74,STORE01
T2332,2024-03-15,15:19:09,CUST232,P046,Shampoo,5,6.33,STORE01
T2332,2024-03-15,15:19:09,CUST232,P041,Juice,1,3.96,STORE01
T2332,2024-03-15,15:19:09,CUST232,P044,Wine,4,11.77,STORE01
T2333,2024-01-20,20:46:08,CUST279,P004,Butter,2,5.5,STORE05
T2333,2024-01-20,20:46:08,CUST279,P029,Vanilla,1,3.74,STORE05
T2333,2024-01-20,20:46:08,CUST279,P046,Shampoo,4,5.98,STORE05
T2334,2024-03-05,16:35:01,CUST236,P031,Ice_Cream,1,5.48,STORE04
T2334,2024-03-05,16:35:01,CUST236,P039,Chips,2,3.67,STORE04
T2335,2024-01-29,09:31:44,CUST261,P046,Shampoo,1,6.55,STORE01
T2335,2024-01-29,09:31:44,CUST261,P013,Onions,1,1.97,STORE01
T2335,2024-01-29,09:31:44,CUST261,P041,Juice,5,4.38,STORE01
T2335,2024-01-29,09:31:44,CUST261,P014,Potatoes,2,2.58,STORE01
T2336,2024-03-08,20:00:25,CUST413,P027,Flour,1,3.16,STORE03
T2336,2024-03-08,20:00:25,CUST413,P004,Butter,4,5.73,STORE03
T2336,2024-03-08,20:00:25,CUST413,P031,Ice_Cream,1,6.51,STORE03
T2336,2024-03-08,20:00:25,CUST413,P010,Rice,4,4.05,STORE03
T2337,2024-01-23,17:16:28,CUST130,P016,Apples,4,4.34,STORE05
T2337,2024-01-23,17:16:28,CUST130,P038,Nuts,1,7.52,STORE05
T2337,2024-01-23,17:16:28,CUST130,P041,Juice,5,3.71,STORE05
T2338,2024-03-27,16:28:34,CUST185,P048,Soap,2,2.94,STORE01
T2338,2024-03-27,16:28:34,CUST185,P019,Cereal,3,4.56,STORE01
T2339,2024-01-09,08:18:34,CUST326,P004,Butter,3,5.47,STORE04
T2339,2024-01-09,08:18:34,CUST326,P039,Chips,5,4.03,STORE04
T2339,2024-01-09,08:18:34,CUST326,P003,Eggs,5,5.04,STORE04
T2339,2024-01-09,08:18:34,CUST326,P001,Bread,3,3.27,STORE04
T2340,2024-01-14,18:54:49,CUST380,P016,Apples,4,4.07,STORE02
T2340,2024-01-14,18:54:49,CUST380,P050,Paper_Towels,5,6.61,STORE02
T2341,2024-03-22,20:30:09,CUST428,P031,Ice_Cream,2,6.43,STORE02
T2341,2024-03-22,20:30:09,CUST428,P004,Butter,1,5.76,STORE02
T2341,2024-03-22,20:30:09,CUST428,P038,Nuts,3,7.54,STORE02
T2341,2024-03-22,20:30:09,CUST428,P045,Detergent,3,7.4,STORE02
T2342,2024-02-27,13:34:10,CUST176,P008,Beef,4,14.06,STORE05
T2342,2024-02-27,13:34:10,CUST176,P028,Baking_Powder,5,2.04,STORE05
T2342,2024-02-27,13:34:10,CUST176,P013,Onions,4,1.82,STORE05
T2342,2024-02-27,13:34:10,CUST176,P040,Soda,4,3.13,STORE05
T2342,2024-02-27,13:34:10,CUST176,P046,Shampoo,3,5.79,STORE05
T2343,2024-03-26,09:56:19,CUST192,P048,Soap,1,2.71,STORE04
T2343,2024-03-26,09:56:19,CUST192,P049,Tissues,3,5.4,STORE04
T2343,2024-03-26,09:56:19,CUST192,P022,Sugar,3,2.97,STORE04
T2343,2024-03-26,09:56:19,CUST192,P028,Baking_Powder,5,1.99,STORE04
T2344,2024-01-17,08:33:33,CUST115,P019,Cereal,3,4.71,STORE01
T2344,2024-01-17,08:33:33,CUST115,P003,Eggs,5,4.72,STORE01
T2344,2024-01-17,08:33:33,CUST115,P018,Oranges,4,4.41,STORE01
T2344,2024-01-17,08:33:33,CUST115,P026,Vinegar,4,2.46,STORE01
T2344,2024-01-17,08:33:33,CUST115,P007,Chicken,5,8.31,STORE01
T2345,2024-01-15,21:47:41,CUST007,P017,Bananas,5,1.85,STORE04
T2345,2024-01-15,21:47:41,CUST007,P012,Tomatoes,5,3.07,STORE04
T2346,2024-03-15,18:48:06,CUST390,P048,Soap,4,2.91,STORE05
T2346,2024-03-15,18:48:06,CUST390,P046,Shampoo,2,5.88,STORE05
T2346,2024-03-15,18:48:06,CUST390,P017,Bananas,1,1.92,STORE05
T2346,2024-03-15,18:48:06,CUST390,P045,Detergent,4,8.42,STORE05
T2347,2024-01-01,12:28:02,CUST435,P002,Milk,5,3.17,STORE01
T2347,2024-01-01,12:28:02,CUST435,P030,Chocolate,5,5.29,STORE01
T2348,2024-03-08,16:06:55,CUST452,P048,Soap,2,3.09,STORE03
T2348,2024-03-08,16:06:55,CUST452,P019,Cereal,4,5.14,STORE03
T2348,2024-03-08,16:06:55,CUST452,P021,Tea,3,3.68,STORE03
T2348,2024-03-08,16:06:55,CUST452,P043,Beer,3,9.48,STORE03
T2349,2024-03-04,09:33:11,CUST041,P009,Fish,5,9.28,STORE01
T2349,2024-03-04,09:33:11,CUST041,P007,Chicken,2,9.48,STORE01
T2349,2024-03-04,09:33:11,CUST041,P030,Chocolate,5,4.72,STORE01
T2349,2024-03-04,09:33:11,CUST041,P044,Wine,4,13.15,STORE01
T2350,2024-01-12,21:37:19,CUST328,P010,Rice,1,4.3,STORE04
T2350,2024-01-12,21:37:19,CUST328,P016,Apples,1,4.2,STORE04
T2350,2024-01-12,21:37:19,CUST328,P014,Potatoes,3,2.71,STORE04
T2350,2024-01-12,21:37:19,CUST328,P012,Tomatoes,2,3.27,STORE04
T2350,2024-01-12,21:37:19,CUST328,P007,Chicken,4,9.26,STORE04
T2351,2024-01-15,12:01:26,CUST363,P038,Nuts,1,6.96,STORE05
T2351,2024-01-15,12:01:26,CUST363,P043,Beer,3,9.31,STORE05
T2351,2024-01-15,12:01:26,CUST363,P045,Detergent,1,7.69,STORE05
T2351,2024-01-15,12:01:26,CUST363,P028,Baking_Powder,2,2.13,STORE05
T2352,2024-01-17,21:31:47,CUST266,P014,Potatoes,2,2.72,STORE04
T2352,2024-01-17,21:31:47,CUST266,P012,Tomatoes,4,3.03,STORE04
T2352,2024-01-17,21:31:47,CUST266,P018,Oranges,5,4.79,STORE04
T2352,2024-01-17,21:31:47,CUST266,P028,Baking_Powder,5,2.08,STORE04
T2353,2024-02-26,13:35:16,CUST033,P002,Milk,5,3.2,STORE04
T2353,2024-02-26,13:35:16,CUST033,P035,Peanut_Butter,2,4.54,STORE04
T2353,2024-02-26,13:35:16,CUST033,P001,Bread,3,3.22,STORE04
T2354,2024-03-04,21:27:52,CUST482,P026,Vinegar,4,2.43,STORE04
T2354,2024-03-04,21:27:52,CUST482,P005,Cheese,3,7.44,STORE04
T2355,2024-02-09,08:45:21,CUST101,P006,Yogurt,3,2.12,STORE01
T2355,2024-02-09,08:45:21,CUST101,P019,Cereal,2,4.98,STORE01
T2355,2024-02-09,08:45:21,CUST101,P026,Vinegar,1,2.48,STORE01
T2355,2024-02-09,08:45:21,CUST101,P009,Fish,3,10.31,STORE01
T2355,2024-02-09,08:45:21,CUST101,P005,Cheese,5,7.02,STORE01
T2356,2024-02-23,15:29:30,CUST184,P038,Nuts,2,6.35,STORE03
T2356,2024-02-23,15:29:30,CUST184,P003,Eggs,5,4.81,STORE03
T2356,2024-02-23,15:29:30,CUST184,P018,Oranges,1,4.23,STORE03
T2356,2024-02-23,15:29:30,CUST184,P036,Jam,2,4.13,STORE03
T2357,2024-03-09,18:36:36,CUST432,P047,Toothpaste,4,3.62,STORE03
T2357,2024-03-09,18:36:36,CUST432,P039,Chips,2,4.05,STORE03
T2357,2024-03-09,18:36:36,CUST432,P043,Beer,5,8.17,STORE03
T2358,2024-01-25,16:21:00,CUST468,P042,Water,2,1.84,STORE02
T2358,2024-01-25,16:21:00,CUST468,P034,Crackers,1,3.23,STORE02
T2358,2024-01-25,16:21:00,CUST468,P024,Pepper,4,2.7,STORE02
T2358,2024-01-25,16:21:00,CUST468,P014,Potatoes,2,2.63,STORE02
T2359,2024-02-26,20:38:16,CUST007,P046,Shampoo,4,6.53,STORE03
T2359,2024-02-26,20:38:16,CUST007,P012,Tomatoes,5,2.76,STORE03
T2359,2024-02-26,20:38:16,CUST007,P025,Oil,1,5.11,STORE03
T2359,2024-02-26,20:38:16,CUST007,P033,Soup,3,2.79,STORE03
T2360,2024-01-17,15:09:51,CUST297,P009,Fish,3,9.01,STORE02
T2360,2024-01-17,15:09:51,CUST297,P008,Beef,2,13.67,STORE02
T2360,2024-01-17,15:09:51,CUST297,P010,Rice,5,3.73,STORE02
T2361,2024-02-04,15:15:42,CUST352,P016,Apples,1,3.72,STORE04
T2361,2024-02-04,15:15:42,CUST352,P049,Tissues,3,4.83,STORE04
T2361,2024-02-04,15:15:42,CUST352,P012,Tomatoes,1,3.24,STORE04
T2361,2024-02-04,15:15:42,CUST352,P028,Baking_Powder,3,1.97,STORE04
T2362,2024-01-20,09:11:25,CUST234,P019,Cereal,1,4.94,STORE03
T2362,2024-01-20,09:11:25,CUST234,P002,Milk,4,3.61,STORE03
T2362,2024-01-20,09:11:25,CUST234,P018,Oranges,1,4.22,STORE03
T2362,2024-01-20,09:11:25,CUST234,P031,Ice_Cream,1,5.52,STORE03
T2362,2024-01-20,09:11:25,CUST234,P017,Bananas,5,1.91,STORE03
T2363,2024-01-22,10:55:39,CUST298,P006,Yogurt,2,2.12,STORE03
T2363,2024-01-22,10:55:39,CUST298,P024,Pepper,3,2.89,STORE03
T2363,2024-01-22,10:55:39,CUST298,P017,Bananas,4,2.19,STORE03
T2363,2024-01-22,10:55:39,CUST298,P040,Soda,4,3.22,STORE03
T2363,2024-01-22,10:55:39,CUST298,P007,Chicken,3,9.25,STORE03
T2364,2024-01-22,16:20:30,CUST225,P034,Crackers,4,3.5,STORE01
T2364,2024-01-22,16:20:30,CUST225,P006,Yogurt,3,2.07,STORE01
T2364,2024-01-22,16:20:30,CUST225,P003,Eggs,2,5.41,STORE01
T2364,2024-01-22,16:20:30,CUST225,P022,Sugar,4,3.25,STORE01
T2364,2024-01-22,16:20:30,CUST225,P017,Bananas,4,2.1,STORE01
T2365,2024-02-08,17:03:10,CUST452,P048,Soap,1,2.87,STORE04
T2365,2024-02-08,17:03:10,CUST452,P012,Tomatoes,4,2.79,STORE04
T2366,2024-03-26,19:12:31,CUST373,P026,Vinegar,1,2.61,STORE02
T2366,2024-03-26,19:12:31,CUST373,P029,Vanilla,5,3.78,STORE02
T2366,2024-03-26,19:12:31,CUST373,P007,Chicken,2,8.66,STORE02
T2367,2024-01-24,14:49:55,CUST244,P006,Yogurt,2,1.93,STORE05
T2367,2024-01-24,14:49:55,CUST244,P039,Chips,5,4.08,STORE05
T2367,2024-01-24,14:49:55,CUST244,P038,Nuts,2,6.67,STORE05
T2367,2024-01-24,14:49:55,CUST244,P013,Onions,2,2.03,STORE05
T2367,2024-01-24,14:49:55,CUST244,P043,Beer,3,9.43,STORE05
T2368,2024-02-13,18:05:18,CUST088,P020,Coffee,2,7.49,STORE02
T2368,2024-02-13,18:05:18,CUST088,P013,Onions,3,2.03,STORE02
T2368,2024-02-13,18:05:18,CUST088,P050,Paper_Towels,4,7.66,STORE02
T2368,2024-02-13,18:05:18,CUST088,P012,Tomatoes,5,2.92,STORE02
T2369,2024-03-19,11:08:44,CUST465,P014,Potatoes,2,2.56,STORE01
T2369,2024-03-19,11:08:44,CUST465,P013,Onions,1,1.98,STORE01
T2369,2024-03-19,11:08:44,CUST465,P040,Soda,5,2.76,STORE01
T2369,2024-03-19,11:08:44,CUST465,P037,Honey,1,6.16,STORE01
T2370,2024-01-29,18:01:30,CUST221,P040,Soda,1,3.05,STORE03
T2370,2024-01-29,18:01:30,CUST221,P003,Eggs,2,4.8,STORE03
T2370,2024-01-29,18:01:30,CUST221,P022,Sugar,1,3.13,STORE03
T2371,2024-02-07,08:22:55,CUST016,P004,Butter,1,5.99,STORE02
T2371,2024-02-07,08:22:55,CUST016,P003,Eggs,4,5.4,STORE02
T2371,2024-02-07,08:22:55,CUST016,P020,Coffee,3,7.21,STORE02
T2372,2024-03-30,16:19:43,CUST045,P010,Rice,1,4.21,STORE04
T2372,2024-03-30,16:19:43,CUST045,P016,Apples,5,4.34,STORE04
T2373,2024-03-19,16:24:22,CUST054,P041,Juice,2,4.07,STORE01
T2373,2024-03-19,16:24:22,CUST054,P026,Vinegar,5,2.34,STORE01
T2373,2024-03-19,16:24:22,CUST054,P028,Baking_Powder,5,2.14,STORE01
T2373,2024-03-19,16:24:22,CUST054,P013,Onions,5,2.02,STORE01
T2373,2024-03-19,16:24:22,CUST054,P023,Salt,3,1.64,STORE01
T2374,2024-03-12,12:38:49,CUST114,P013,Onions,3,2.13,STORE01
T2374,2024-03-12,12:38:49,CUST114,P007,Chicken,3,8.89,STORE01
T2374,2024-03-12,12:38:49,CUST114,P049,Tissues,2,4.58,STORE01
T2375,2024-01-23,16:00:08,CUST191,P031,Ice_Cream,3,5.96,STORE03
T2375,2024-01-23,16:00:08,CUST191,P029,Vanilla,1,3.86,STORE03
T2375,2024-01-23,16:00:08,CUST191,P009,Fish,3,9.78,STORE03
T2376,2024-02-29,09:54:34,CUST129,P006,Yogurt,3,2.14,STORE05
T2376,2024-02-29,09:54:34,CUST129,P032,Frozen_Pizza,1,7.39,STORE05
T2377,2024-02-10,21:17:52,CUST259,P031,Ice_Cream,3,5.69,STORE01
T2377,2024-02-10,21:17:52,CUST259,P036,Jam,2,3.94,STORE01
T2377,2024-02-10,21:17:52,CUST259,P033,Soup,4,2.93,STORE01
T2378,2024-01-16,13:58:47,CUST034,P042,Water,1,2.16,STORE02
T2378,2024-01-16,13:58:47,CUST034,P038,Nuts,2,7.16,STORE02
T2378,2024-01-16,13:58:47,CUST034,P021,Tea,5,3.65,STORE02
T2378,2024-01-16,13:58:47,CUST034,P024,Pepper,4,2.76,STORE02
T2378,2024-01-16,13:58:47,CUST034,P028,Baking_Powder,2,1.99,STORE02
T2379,2024-02-08,18:37:57,CUST029,P046,Shampoo,3,5.75,STORE05
T2379,2024-02-08,18:37:57,CUST029,P035,Peanut_Butter,2,5.12,STORE05
T2380,2024-03-13,17:32:03,CUST010,P010,Rice,1,3.63,STORE05
T2380,2024-03-13,17:32:03,CUST010,P016,Apples,3,4.1,STORE05
T2380,2024-03-13,17:32:03,CUST010,P024,Pepper,2,3.02,STORE05
T2380,2024-03-13,17:32:03,CUST010,P007,Chicken,2,9.71,STORE05
T2381,2024-01-15,10:49:29,CUST010,P047,Toothpaste,5,3.61,STORE05
T2381,2024-01-15,10:49:29,CUST010,P009,Fish,2,10.54,STORE05
T2381,2024-01-15,10:49:29,CUST010,P024,Pepper,4,3.05,STORE05
T2381,2024-01-15,10:49:29,CUST010,P027,Flour,3,3.56,STORE05
T2382,2024-03-17,21:01:41,CUST378,P006,Yogurt,3,2.13,STORE03
T2382,2024-03-17,21:01:41,CUST378,P029,Vanilla,4,3.87,STORE03
T2382,2024-03-17,21:01:41,CUST378,P016,Apples,4,4.29,STORE03
T2382,2024-03-17,21:01:41,CUST378,P026,Vinegar,2,2.69,STORE03
T2383,2024-02-25,10:09:20,CUST073,P002,Milk,2,3.42,STORE02
T2383,2024-02-25,10:09:20,CUST073,P019,Cereal,4,4.87,STORE02
T2384,2024-01-21,12:55:19,CUST195,P021,Tea,3,4.05,STORE05
T2384,2024-01-21,12:55:19,CUST195,P035,Peanut_Butter,4,5.04,STORE05
T2384,2024-01-21,12:55:19,CUST195,P004,Butter,4,5.82,STORE05
T2384,2024-01-21,12:55:19,CUST195,P030,Chocolate,5,5.4,STORE05
T2384,2024-01-21,12:55:19,CUST195,P046,Shampoo,1,6.33,STORE05
T2385,2024-03-16,16:37:19,CUST224,P031,Ice_Cream,2,5.4,STORE02
T2385,2024-03-16,16:37:19,CUST224,P010,Rice,2,3.94,STORE02
T2385,2024-03-16,16:37:19,CUST224,P050,Paper_Towels,4,7.53,STORE02
T2386,2024-01-13,17:45:30,CUST215,P048,Soap,1,2.95,STORE03
T2386,2024-01-13,17:45:30,CUST215,P047,Toothpaste,3,4.14,STORE03
T2386,2024-01-13,17:45:30,CUST215,P018,Oranges,3,4.43,STORE03
T2386,2024-01-13,17:45:30,CUST215,P033,Soup,3,2.81,STORE03
T2387,2024-03-24,11:49:18,CUST097,P034,Crackers,2,3.2,STORE05
T2387,2024-03-24,11:49:18,CUST097,P029,Vanilla,2,3.67,STORE05
T2387,2024-03-24,11:49:18,CUST097,P015,Carrots,3,1.95,STORE05
T2387,2024-03-24,11:49:18,CUST097,P037,Honey,5,6.12,STORE05
T2388,2024-01-06,10:23:54,CUST221,P048,Soap,4,3.02,STORE02
T2388,2024-01-06,10:23:54,CUST221,P006,Yogurt,3,1.9,STORE02
T2388,2024-01-06,10:23:54,CUST221,P016,Apples,3,4.3,STORE02
T2389,2024-03-13,18:57:06,CUST435,P002,Milk,4,3.23,STORE02
T2389,2024-03-13,18:57:06,CUST435,P007,Chicken,3,8.67,STORE02
T2389,2024-03-13,18:57:06,CUST435,P025,Oil,5,4.91,STORE02
T2389,2024-03-13,18:57:06,CUST435,P037,Honey,2,6.14,STORE02
T2390,2024-02-19,15:31:12,CUST133,P038,Nuts,1,7.22,STORE01
T2390,2024-02-19,15:31:12,CUST133,P008,Beef,3,12.92,STORE01
T2390,2024-02-19,15:31:12,CUST133,P012,Tomatoes,1,3.23,STORE01
T2391,2024-02-14,13:44:58,CUST340,P047,Toothpaste,2,4.37,STORE02
T2391,2024-02-14,13:44:58,CUST340,P030,Chocolate,2,5.19,STORE02
T2391,2024-02-14,13:44:58,CUST340,P044,Wine,3,12.04,STORE02
T2392,2024-01-07,08:10:02,CUST055,P009,Fish,4,9.67,STORE04
T2392,2024-01-07,08:10:02,CUST055,P037,Honey,4,6.33,STORE04
T2392,2024-01-07,08:10:02,CUST055,P020,Coffee,3,7.71,STORE04
T2393,2024-03-18,16:44:36,CUST253,P023,Salt,4,1.62,STORE03
T2393,2024-03-18,16:44:36,CUST253,P038,Nuts,4,6.71,STORE03
T2393,2024-03-18,16:44:36,CUST253,P025,Oil,3,5.03,STORE03
T2393,2024-03-18,16:44:36,CUST253,P033,Soup,2,2.96,STORE03
T2394,2024-01-26,08:10:10,CUST342,P013,Onions,2,2.09,STORE05
T2394,2024-01-26,08:10:10,CUST342,P016,Apples,3,4.0,STORE05
T2395,2024-02-14,12:09:07,CUST235,P027,Flour,5,3.83,STORE04
T2395,2024-02-14,12:09:07,CUST235,P017,Bananas,2,2.09,STORE04
T2395,2024-02-14,12:09:07,CUST235,P044,Wine,3,13.0,STORE04
T2396,2024-02-03,20:07:08,CUST451,P049,Tissues,3,5.17,STORE03
T2396,2024-02-03,20:07:08,CUST451,P012,Tomatoes,5,2.98,STORE03
T2397,2024-03-27,13:31:57,CUST357,P025,Oil,3,5.4,STORE02
T2397,2024-03-27,13:31:57,CUST357,P038,Nuts,2,6.53,STORE02
T2397,2024-03-27,13:31:57,CUST357,P035,Peanut_Butter,4,5.27,STORE02
T2397,2024-03-27,13:31:57,CUST357,P014,Potatoes,1,2.41,STORE02
T2397,2024-03-27,13:31:57,CUST357,P050,Paper_Towels,1,6.85,STORE02
T2398,2024-01-16,17:11:44,CUST214,P023,Salt,3,1.38,STORE04
T2398,2024-01-16,17:11:44,CUST214,P009,Fish,2,9.52,STORE04
T2399,2024-03-10,09:36:09,CUST367,P019,Cereal,1,4.86,STORE05
T2399,2024-03-10,09:36:09,CUST367,P017,Bananas,1,1.81,STORE05
T2400,2024-01-11,17:48:32,CUST398,P003,Eggs,5,4.84,STORE03
T2400,2024-01-11,17:48:32,CUST398,P025,Oil,5,5.35,STORE03
T2400,2024-01-11,17:48:32,CUST398,P001,Bread,1,2.82,STORE03
T2400,2024-01-11,17:48:32,CUST398,P033,Soup,1,3.08,STORE03
T2400,2024-01-11,17:48:32,CUST398,P005,Cheese,3,6.75,STORE03
T2401,2024-01-17,16:44:55,CUST063,P023,Salt,3,1.45,STORE04
T2401,2024-01-17,16:44:55,CUST063,P019,Cereal,2,5.39,STORE04
T2401,2024-01-17,16:44:55,CUST063,P049,Tissues,4,4.9,STORE04
T2401,2024-01-17,16:44:55,CUST063,P006,Yogurt,2,2.11,STORE04
T2402,2024-03-11,17:00:40,CUST073,P047,Toothpaste,4,4.33,STORE01
T2402,2024-03-11,17:00:40,CUST073,P048,Soap,3,2.86,STORE01
T2402,2024-03-11,17:00:40,CUST073,P005,Cheese,1,6.36,STORE01
T2403,2024-01-19,17:04:51,CUST418,P013,Onions,1,2.01,STORE04
T2403,2024-01-19,17:04:51,CUST418,P049,Tissues,4,5.35,STORE04
T2403,2024-01-19,17:04:51,CUST418,P044,Wine,5,13.58,STORE04
T2404,2024-02-03,12:11:22,CUST104,P002,Milk,2,3.44,STORE03
T2404,2024-02-03,12:11:22,CUST104,P050,Paper_Towels,5,7.63,STORE03
T2404,2024-02-03,12:11:22,CUST104,P041,Juice,4,3.63,STORE03
T2404,2024-02-03,12:11:22,CUST104,P015,Carrots,1,1.69,STORE03
T2405,2024-03-05,16:54:44,CUST041,P026,Vinegar,3,2.48,STORE02
T2405,2024-03-05,16:54:44,CUST041,P006,Yogurt,5,1.85,STORE02
T2406,2024-01-27,11:46:01,CUST358,P047,Toothpaste,5,4.03,STORE03
T2406,2024-01-27,11:46:01,CUST358,P031,Ice_Cream,5,6.33,STORE03
T2406,2024-01-27,11:46:01,CUST358,P012,Tomatoes,2,3.05,STORE03
T2406,2024-01-27,11:46:01,CUST358,P001,Bread,5,2.83,STORE03
T2407,2024-02-12,21:15:49,CUST403,P048,Soap,3,3.0,STORE02
T2407,2024-02-12,21:15:49,CUST403,P001,Bread,2,3.27,STORE02
T2408,2024-01-24,11:49:37,CUST127,P050,Paper_Towels,2,6.81,STORE05
T2408,2024-01-24,11:49:37,CUST127,P011,Pasta,1,2.46,STORE05
T2409,2024-02-05,18:48:29,CUST235,P011,Pasta,4,2.42,STORE03
T2409,2024-02-05,18:48:29,CUST235,P008,Beef,1,13.42,STORE03
T2409,2024-02-05,18:48:29,CUST235,P028,Baking_Powder,1,1.97,STORE03
T2409,2024-02-05,18:48:29,CUST235,P017,Bananas,3,2.12,STORE03
T2409,2024-02-05,18:48:29,CUST235,P030,Chocolate,4,4.62,STORE03
T2410,2024-02-21,12:31:44,CUST364,P019,Cereal,4,5.02,STORE01
T2410,2024-02-21,12:31:44,CUST364,P016,Apples,5,3.97,STORE01
T2410,2024-02-21,12:31:44,CUST364,P040,Soda,2,3.2,STORE01
T2410,2024-02-21,12:31:44,CUST364,P032,Frozen_Pizza,4,6.71,STORE01
T2410,2024-02-21,12:31:44,CUST364,P009,Fish,2,10.33,STORE01
T2411,2024-03-15,11:59:41,CUST170,P029,Vanilla,1,3.84,STORE04
T2411,2024-03-15,11:59:41,CUST170,P039,Chips,3,4.16,STORE04
T2411,2024-03-15,11:59:41,CUST170,P050,Paper_Towels,1,7.37,STORE04
T2412,2024-01-16,16:59:25,CUST107,P010,Rice,3,4.36,STORE04
T2412,2024-01-16,16:59:25,CUST107,P002,Milk,3,3.32,STORE04
T2412,2024-01-16,16:59:25,CUST107,P024,Pepper,3,3.28,STORE04
T2412,2024-01-16,16:59:25,CUST107,P030,Chocolate,1,5.04,STORE04
T2412,2024-01-16,16:59:25,CUST107,P048,Soap,4,3.17,STORE04
T2413,2024-02-23,14:54:38,CUST326,P011,Pasta,3,2.42,STORE03
T2413,2024-02-23,14:54:38,CUST326,P018,Oranges,2,4.49,STORE03
T2413,2024-02-23,14:54:38,CUST326,P028,Baking_Powder,5,1.94,STORE03
T2414,2024-01-07,12:04:29,CUST126,P017,Bananas,1,1.86,STORE03
T2414,2024-01-07,12:04:29,CUST126,P043,Beer,4,9.4,STORE03
T2414,2024-01-07,12:04:29,CUST126,P035,Peanut_Butter,2,4.56,STORE03
T2414,2024-01-07,12:04:29,CUST126,P050,Paper_Towels,3,6.7,STORE03
T2415,2024-02-03,10:43:40,CUST243,P008,Beef,2,13.47,STORE03
T2415,2024-02-03,10:43:40,CUST243,P042,Water,2,2.12,STORE03
T2415,2024-02-03,10:43:40,CUST243,P025,Oil,2,5.14,STORE03
T2415,2024-02-03,10:43:40,CUST243,P022,Sugar,4,2.79,STORE03
T2416,2024-02-28,17:54:52,CUST082,P038,Nuts,5,7.67,STORE03
T2416,2024-02-28,17:54:52,CUST082,P040,Soda,4,3.26,STORE03
T2416,2024-02-28,17:54:52,CUST082,P008,Beef,1,13.27,STORE03
T2417,2024-03-11,18:35:48,CUST305,P039,Chips,1,3.64,STORE04
T2417,2024-03-11,18:35:48,CUST305,P045,Detergent,2,7.31,STORE04
T2418,2024-01-25,14:25:23,CUST478,P048,Soap,3,3.24,STORE05
T2418,2024-01-25,14:25:23,CUST478,P022,Sugar,3,3.22,STORE05
T2418,2024-01-25,14:25:23,CUST478,P035,Peanut_Butter,4,4.69,STORE05
T2418,2024-01-25,14:25:23,CUST478,P005,Cheese,3,7.08,STORE05
T2419,2024-02-19,11:07:10,CUST432,P023,Salt,1,1.55,STORE01
T2419,2024-02-19,11:07:10,CUST432,P040,Soda,4,3.24,STORE01
T2419,2024-02-19,11:07:10,CUST432,P043,Beer,1,9.07,STORE01
T2419,2024-02-19,11:07:10,CUST432,P032,Frozen_Pizza,2,6.7,STORE01
T2420,2024-01-03,20:50:27,CUST348,P039,Chips,5,4.39,STORE04
T2420,2024-01-03,20:50:27,CUST348,P035,Peanut_Butter,2,5.06,STORE04
T2420,2024-01-03,20:50:27,CUST348,P029,Vanilla,5,4.27,STORE04
T2421,2024-03-07,17:25:01,CUST294,P048,Soap,2,3.03,STORE01
T2421,2024-03-07,17:25:01,CUST294,P032,Frozen_Pizza,5,6.55,STORE01
T2421,2024-03-07,17:25:01,CUST294,P018,Oranges,3,4.56,STORE01
T2422,2024-03-06,20:35:09,CUST444,P002,Milk,3,3.35,STORE01
T2422,2024-03-06,20:35:09,CUST444,P016,Apples,3,4.19,STORE01
T2422,2024-03-06,20:35:09,CUST444,P011,Pasta,1,2.67,STORE01
T2422,2024-03-06,20:35:09,CUST444,P048,Soap,1,2.94,STORE01
T2422,2024-03-06,20:35:09,CUST444,P046,Shampoo,2,5.95,STORE01
T2423,2024-03-29,09:43:18,CUST036,P006,Yogurt,1,1.81,STORE02
T2423,2024-03-29,09:43:18,CUST036,P038,Nuts,4,7.46,STORE02
T2424,2024-03-15,15:58:26,CUST001,P042,Water,1,1.81,STORE05
T2424,2024-03-15,15:58:26,CUST001,P043,Beer,3,8.93,STORE05
T2425,2024-01-24,12:29:32,CUST411,P027,Flour,4,3.43,STORE04
T2425,2024-01-24,12:29:32,CUST411,P048,Soap,1,3.19,STORE04
T2425,2024-01-24,12:29:32,CUST411,P049,Tissues,4,4.64,STORE04
T2426,2024-02-21,20:55:11,CUST288,P042,Water,3,2.16,STORE04
T2426,2024-02-21,20:55:11,CUST288,P014,Potatoes,5,2.24,STORE04
T2426,2024-02-21,20:55:11,CUST288,P037,Honey,3,5.97,STORE04
T2427,2024-01-21,14:24:22,CUST464,P006,Yogurt,5,2.16,STORE01
T2427,2024-01-21,14:24:22,CUST464,P026,Vinegar,2,2.28,STORE01
T2427,2024-01-21,14:24:22,CUST464,P038,Nuts,1,6.35,STORE01
T2427,2024-01-21,14:24:22,CUST464,P021,Tea,3,4.32,STORE01
T2427,2024-01-21,14:24:22,CUST464,P032,Frozen_Pizza,2,6.98,STORE01
T2428,2024-02-23,15:03:53,CUST210,P002,Milk,1,3.38,STORE05
T2428,2024-02-23,15:03:53,CUST210,P029,Vanilla,4,3.81,STORE05
T2428,2024-02-23,15:03:53,CUST210,P044,Wine,2,12.83,STORE05
T2428,2024-02-23,15:03:53,CUST210,P004,Butter,5,5.59,STORE05
T2429,2024-02-07,12:42:27,CUST459,P031,Ice_Cream,3,6.49,STORE04
T2429,2024-02-07,12:42:27,CUST459,P018,Oranges,1,4.25,STORE04
T2429,2024-02-07,12:42:27,CUST459,P005,Cheese,5,6.5,STORE04
T2429,2024-02-07,12:42:27,CUST459,P028,Baking_Powder,2,1.88,STORE04
T2430,2024-03-12,17:06:30,CUST403,P011,Pasta,4,2.7,STORE01
T2430,2024-03-12,17:06:30,CUST403,P001,Bread,1,3.16,STORE01
T2431,2024-01-11,20:48:30,CUST285,P003,Eggs,1,4.8,STORE05
T2431,2024-01-11,20:48:30,CUST285,P049,Tissues,4,4.56,STORE05
T2431,2024-01-11,20:48:30,CUST285,P011,Pasta,2,2.42,STORE05
T2431,2024-01-11,20:48:30,CUST285,P020,Coffee,3,8.63,STORE05
T2432,2024-03-26,20:58:41,CUST373,P026,Vinegar,2,2.6,STORE03
T2432,2024-03-26,20:58:41,CUST373,P013,Onions,2,1.92,STORE03
T2433,2024-02-18,16:36:24,CUST455,P010,Rice,2,3.61,STORE04
T2433,2024-02-18,16:36:24,CUST455,P019,Cereal,3,4.75,STORE04
T2433,2024-02-18,16:36:24,CUST455,P025,Oil,1,5.08,STORE04
T2433,2024-02-18,16:36:24,CUST455,P028,Baking_Powder,5,2.0,STORE04
T2433,2024-02-18,16:36:24,CUST455,P040,Soda,4,2.83,STORE04
T2434,2024-03-17,12:13:54,CUST369,P002,Milk,3,3.39,STORE02
T2434,2024-03-17,12:13:54,CUST369,P049,Tissues,1,5.33,STORE02
T2434,2024-03-17,12:13:54,CUST369,P012,Tomatoes,4,3.21,STORE02
T2435,2024-02-20,18:22:22,CUST453,P039,Chips,5,3.95,STORE05
T2435,2024-02-20,18:22:22,CUST453,P008,Beef,2,12.31,STORE05
T2435,2024-02-20,18:22:22,CUST453,P043,Beer,5,9.34,STORE05
T2435,2024-02-20,18:22:22,CUST453,P014,Potatoes,5,2.64,STORE05
T2435,2024-02-20,18:22:22,CUST453,P046,Shampoo,5,5.58,STORE05
T2436,2024-03-24,10:51:15,CUST022,P002,Milk,3,3.56,STORE02
T2436,2024-03-24,10:51:15,CUST022,P022,Sugar,3,2.81,STORE02
T2437,2024-01-30,16:12:14,CUST325,P004,Butter,5,5.16,STORE01
T2437,2024-01-30,16:12:14,CUST325,P003,Eggs,5,5.41,STORE01
T2437,2024-01-30,16:12:14,CUST325,P001,Bread,2,3.1,STORE01
T2438,2024-01-10,15:42:15,CUST013,P041,Juice,1,3.79,STORE01
T2438,2024-01-10,15:42:15,CUST013,P049,Tissues,2,4.61,STORE01
T2438,2024-01-10,15:42:15,CUST013,P017,Bananas,2,1.99,STORE01
T2438,2024-01-10,15:42:15,CUST013,P009,Fish,4,10.67,STORE01
T2438,2024-01-10,15:42:15,CUST013,P005,Cheese,5,7.6,STORE01
T2439,2024-01-17,18:32:38,CUST131,P023,Salt,4,1.5,STORE03
T2439,2024-01-17,18:32:38,CUST131,P013,Onions,4,2.04,STORE03
T2439,2024-01-17,18:32:38,CUST131,P035,Peanut_Butter,5,4.9,STORE03
T2439,2024-01-17,18:32:38,CUST131,P005,Cheese,2,7.18,STORE03
T2440,2024-02-12,18:34:03,CUST396,P009,Fish,2,9.22,STORE03
T2440,2024-02-12,18:34:03,CUST396,P013,Onions,4,1.98,STORE03
T2440,2024-02-12,18:34:03,CUST396,P021,Tea,4,3.97,STORE03
T2440,2024-02-12,18:34:03,CUST396,P007,Chicken,2,9.04,STORE03
T2441,2024-03-05,17:09:00,CUST235,P019,Cereal,2,4.64,STORE02
T2441,2024-03-05,17:09:00,CUST235,P039,Chips,5,4.03,STORE02
T2441,2024-03-05,17:09:00,CUST235,P017,Bananas,1,1.8,STORE02
T2441,2024-03-05,17:09:00,CUST235,P002,Milk,5,3.51,STORE02
T2442,2024-02-16,08:07:27,CUST017,P040,Soda,1,2.9,STORE05
T2442,2024-02-16,08:07:27,CUST017,P041,Juice,1,3.64,STORE05
T2443,2024-03-27,19:32:38,CUST350,P031,Ice_Cream,3,6.12,STORE03
T2443,2024-03-27,19:32:38,CUST350,P016,Apples,5,4.06,STORE03
T2443,2024-03-27,19:32:38,CUST350,P044,Wine,5,13.8,STORE03
T2444,2024-01-08,19:30:11,CUST193,P039,Chips,2,3.63,STORE04
T2444,2024-01-08,19:30:11,CUST193,P043,Beer,4,8.45,STORE04
T2444,2024-01-08,19:30:11,CUST193,P045,Detergent,1,8.48,STORE04
T2444,2024-01-08,19:30:11,CUST193,P029,Vanilla,4,3.61,STORE04
T2445,2024-03-24,15:13:10,CUST177,P009,Fish,3,10.73,STORE03
T2445,2024-03-24,15:13:10,CUST177,P043,Beer,1,8.99,STORE03
T2445,2024-03-24,15:13:10,CUST177,P010,Rice,3,3.68,STORE03
T2445,2024-03-24,15:13:10,CUST177,P026,Vinegar,5,2.64,STORE03
T2446,2024-01-08,20:05:30,CUST491,P048,Soap,1,3.02,STORE02
T2446,2024-01-08,20:05:30,CUST491,P038,Nuts,5,6.91,STORE02
T2446,2024-01-08,20:05:30,CUST491,P032,Frozen_Pizza,4,7.66,STORE02
T2447,2024-01-11,21:36:21,CUST196,P023,Salt,3,1.36,STORE05
T2447,2024-01-11,21:36:21,CUST196,P038,Nuts,2,7.49,STORE05
T2447,2024-01-11,21:36:21,CUST196,P022,Sugar,4,3.11,STORE05
T2448,2024-03-09,19:53:57,CUST266,P019,Cereal,2,5.07,STORE03
T2448,2024-03-09,19:53:57,CUST266,P043,Beer,1,9.63,STORE03
T2449,2024-03-11,09:05:49,CUST139,P029,Vanilla,2,4.02,STORE04
T2449,2024-03-11,09:05:49,CUST139,P024,Pepper,3,3.15,STORE04
T2449,2024-03-11,09:05:49,CUST139,P020,Coffee,2,7.23,STORE04
T2449,2024-03-11,09:05:49,CUST139,P040,Soda,4,2.79,STORE04
T2449,2024-03-11,09:05:49,CUST139,P030,Chocolate,3,4.59,STORE04
T2450,2024-02-03,12:56:45,CUST209,P047,Toothpaste,4,3.62,STORE03
T2450,2024-02-03,12:56:45,CUST209,P024,Pepper,5,3.05,STORE03
T2450,2024-02-03,12:56:45,CUST209,P045,Detergent,5,8.28,STORE03
T2451,2024-01-13,14:11:29,CUST485,P021,Tea,3,3.97,STORE02
T2451,2024-01-13,14:11:29,CUST485,P018,Oranges,5,4.73,STORE02
T2451,2024-01-13,14:11:29,CUST485,P044,Wine,4,13.44,STORE02
T2452,2024-02-05,13:58:35,CUST441,P006,Yogurt,5,2.17,STORE04
T2452,2024-02-05,13:58:35,CUST441,P008,Beef,5,14.04,STORE04
T2452,2024-02-05,13:58:35,CUST441,P047,Toothpaste,3,4.01,STORE04
T2452,2024-02-05,13:58:35,CUST441,P040,Soda,3,2.85,STORE04
T2452,2024-02-05,13:58:35,CUST441,P030,Chocolate,3,5.03,STORE04
T2453,2024-01-10,15:36:52,CUST054,P009,Fish,4,9.71,STORE01
T2453,2024-01-10,15:36:52,CUST054,P007,Chicken,4,8.31,STORE01
T2453,2024-01-10,15:36:52,CUST054,P043,Beer,1,8.38,STORE01
T2453,2024-01-10,15:36:52,CUST054,P036,Jam,1,4.33,STORE01
T2454,2024-01-16,19:50:49,CUST217,P050,Paper_Towels,4,7.68,STORE02
T2454,2024-01-16,19:50:49,CUST217,P030,Chocolate,3,4.58,STORE02
T2455,2024-02-25,13:35:16,CUST153,P034,Crackers,5,3.43,STORE05
T2455,2024-02-25,13:35:16,CUST153,P026,Vinegar,4,2.54,STORE05
T2455,2024-02-25,13:35:16,CUST153,P022,Sugar,3,2.98,STORE05
T2456,2024-01-23,12:22:31,CUST083,P041,Juice,3,4.07,STORE03
T2456,2024-01-23,12:22:31,CUST083,P035,Peanut_Butter,2,4.98,STORE03
T2456,2024-01-23,12:22:31,CUST083,P037,Honey,5,5.54,STORE03
T2457,2024-02-09,14:54:13,CUST402,P009,Fish,1,9.73,STORE03
T2457,2024-02-09,14:54:13,CUST402,P040,Soda,3,3.04,STORE03
T2457,2024-02-09,14:54:13,CUST402,P005,Cheese,4,7.44,STORE03
T2457,2024-02-09,14:54:13,CUST402,P036,Jam,2,3.87,STORE03
T2458,2024-01-18,18:29:07,CUST053,P006,Yogurt,1,2.07,STORE01
T2458,2024-01-18,18:29:07,CUST053,P038,Nuts,5,6.8,STORE01
T2459,2024-02-05,17:23:09,CUST489,P022,Sugar,4,2.83,STORE02
T2459,2024-02-05,17:23:09,CUST489,P009,Fish,1,10.92,STORE02
T2459,2024-02-05,17:23:09,CUST489,P014,Potatoes,2,2.31,STORE02
T2459,2024-02-05,17:23:09,CUST489,P037,Honey,4,6.52,STORE02
T2460,2024-03-21,17:28:55,CUST060,P019,Cereal,5,5.27,STORE03
T2460,2024-03-21,17:28:55,CUST060,P002,Milk,4,3.55,STORE03
T2461,2024-03-21,11:04:17,CUST132,P026,Vinegar,5,2.54,STORE03
T2461,2024-03-21,11:04:17,CUST132,P003,Eggs,1,5.34,STORE03
T2462,2024-03-21,12:28:57,CUST066,P050,Paper_Towels,2,7.17,STORE02
T2462,2024-03-21,12:28:57,CUST066,P003,Eggs,4,5.08,STORE02
T2462,2024-03-21,12:28:57,CUST066,P037,Honey,1,5.71,STORE02
T2463,2024-02-13,21:11:20,CUST287,P034,Crackers,3,3.35,STORE04
T2463,2024-02-13,21:11:20,CUST287,P039,Chips,2,4.23,STORE04
T2464,2024-02-19,18:20:06,CUST368,P004,Butter,3,5.71,STORE04
T2464,2024-02-19,18:20:06,CUST368,P050,Paper_Towels,2,7.56,STORE04
T2464,2024-02-19,18:20:06,CUST368,P041,Juice,4,4.08,STORE04
T2464,2024-02-19,18:20:06,CUST368,P026,Vinegar,1,2.28,STORE04
T2465,2024-03-28,17:51:48,CUST093,P042,Water,1,1.87,STORE04
T2465,2024-03-28,17:51:48,CUST093,P022,Sugar,2,3.16,STORE04
T2465,2024-03-28,17:51:48,CUST093,P037,Honey,4,6.55,STORE04
T2465,2024-03-28,17:51:48,CUST093,P013,Onions,2,1.85,STORE04
T2466,2024-02-07,15:12:38,CUST104,P022,Sugar,1,2.82,STORE01
T2466,2024-02-07,15:12:38,CUST104,P028,Baking_Powder,1,1.96,STORE01
T2467,2024-01-21,14:39:35,CUST175,P048,Soap,3,2.77,STORE01
T2467,2024-01-21,14:39:35,CUST175,P011,Pasta,1,2.67,STORE01
T2467,2024-01-21,14:39:35,CUST175,P035,Peanut_Butter,5,5.48,STORE01
T2467,2024-01-21,14:39:35,CUST175,P044,Wine,2,11.9,STORE01
T2468,2024-02-08,13:43:43,CUST476,P023,Salt,3,1.57,STORE01
T2468,2024-02-08,13:43:43,CUST476,P031,Ice_Cream,2,5.99,STORE01
T2468,2024-02-08,13:43:43,CUST476,P021,Tea,2,3.96,STORE01
T2468,2024-02-08,13:43:43,CUST476,P028,Baking_Powder,1,2.07,STORE01
T2469,2024-02-23,10:12:37,CUST468,P034,Crackers,4,3.54,STORE03
T2469,2024-02-23,10:12:37,CUST468,P041,Juice,1,4.35,STORE03
T2469,2024-02-23,10:12:37,CUST468,P044,Wine,4,12.31,STORE03
T2470,2024-03-24,17:28:15,CUST320,P039,Chips,3,3.77,STORE04
T2470,2024-03-24,17:28:15,CUST320,P041,Juice,2,3.67,STORE04
T2470,2024-03-24,17:28:15,CUST320,P001,Bread,2,2.72,STORE04
T2471,2024-01-16,14:01:47,CUST155,P048,Soap,4,3.04,STORE01
T2471,2024-01-16,14:01:47,CUST155,P041,Juice,4,4.38,STORE01
T2471,2024-01-16,14:01:47,CUST155,P045,Detergent,5,7.47,STORE01
T2472,2024-03-28,15:56:05,CUST406,P010,Rice,3,4.23,STORE02
T2472,2024-03-28,15:56:05,CUST406,P049,Tissues,5,5.29,STORE02
T2472,2024-03-28,15:56:05,CUST406,P032,Frozen_Pizza,3,7.35,STORE02
T2473,2024-02-20,14:26:35,CUST143,P009,Fish,5,9.08,STORE05
T2473,2024-02-20,14:26:35,CUST143,P005,Cheese,2,6.47,STORE05
T2473,2024-02-20,14:26:35,CUST143,P001,Bread,2,3.26,STORE05
T2474,2024-01-14,13:53:49,CUST195,P002,Milk,2,3.83,STORE05
T2474,2024-01-14,13:53:49,CUST195,P025,Oil,5,5.15,STORE05
T2474,2024-01-14,13:53:49,CUST195,P027,Flour,4,3.73,STORE05
T2474,2024-01-14,13:53:49,CUST195,P048,Soap,2,3.08,STORE05
T2474,2024-01-14,13:53:49,CUST195,P050,Paper_Towels,5,7.03,STORE05
T2475,2024-02-01,15:47:22,CUST393,P002,Milk,3,3.24,STORE03
T2475,2024-02-01,15:47:22,CUST393,P020,Coffee,5,7.73,STORE03
T2475,2024-02-01,15:47:22,CUST393,P030,Chocolate,2,4.98,STORE03
T2475,2024-02-01,15:47:22,CUST393,P019,Cereal,4,4.78,STORE03
T2476,2024-02-11,10:33:13,CUST039,P030,Chocolate,1,5.45,STORE03
T2476,2024-02-11,10:33:13,CUST039,P012,Tomatoes,4,3.13,STORE03
T2477,2024-03-28,11:34:31,CUST001,P047,Toothpaste,5,3.81,STORE02
T2477,2024-03-28,11:34:31,CUST001,P043,Beer,2,8.17,STORE02
T2477,2024-03-28,11:34:31,CUST001,P028,Baking_Powder,4,2.13,STORE02
T2478,2024-01-30,13:55:42,CUST172,P042,Water,3,2.03,STORE05
T2478,2024-01-30,13:55:42,CUST172,P002,Milk,1,3.27,STORE05
T2478,2024-01-30,13:55:42,CUST172,P047,Toothpaste,4,4.22,STORE05
T2479,2024-02-02,10:00:35,CUST313,P039,Chips,4,3.61,STORE03
T2479,2024-02-02,10:00:35,CUST313,P011,Pasta,5,2.74,STORE03
T2479,2024-02-02,10:00:35,CUST313,P001,Bread,3,3.09,STORE03
T2479,2024-02-02,10:00:35,CUST313,P024,Pepper,5,3.28,STORE03
T2479,2024-02-02,10:00:35,CUST313,P040,Soda,3,2.93,STORE03
T2480,2024-02-22,16:42:35,CUST187,P039,Chips,3,3.69,STORE04
T2480,2024-02-22,16:42:35,CUST187,P029,Vanilla,1,3.7,STORE04
T2480,2024-02-22,16:42:35,CUST187,P028,Baking_Powder,4,2.18,STORE04
T2480,2024-02-22,16:42:35,CUST187,P040,Soda,1,3.23,STORE04
T2480,2024-02-22,16:42:35,CUST187,P043,Beer,5,8.98,STORE04
T2481,2024-01-10,14:34:22,CUST192,P047,Toothpaste,5,3.7,STORE03
T2481,2024-01-10,14:34:22,CUST192,P045,Detergent,4,8.75,STORE03
T2482,2024-02-07,15:31:35,CUST039,P010,Rice,3,3.96,STORE02
T2482,2024-02-07,15:31:35,CUST039,P013,Onions,3,2.15,STORE02
T2482,2024-02-07,15:31:35,CUST039,P008,Beef,3,12.86,STORE02
T2482,2024-02-07,15:31:35,CUST039,P009,Fish,4,10.77,STORE02
T2483,2024-02-17,17:29:49,CUST195,P035,Peanut_Butter,3,4.93,STORE02
T2483,2024-02-17,17:29:49,CUST195,P015,Carrots,2,1.74,STORE02
T2484,2024-03-14,17:17:27,CUST090,P049,Tissues,3,4.92,STORE03
T2484,2024-03-14,17:17:27,CUST090,P036,Jam,5,4.38,STORE03
T2485,2024-01-12,16:55:38,CUST492,P046,Shampoo,3,5.41,STORE01
T2485,2024-01-12,16:55:38,CUST492,P037,Honey,1,6.28,STORE01
T2486,2024-02-23,08:17:02,CUST273,P023,Salt,5,1.47,STORE04
T2486,2024-02-23,08:17:02,CUST273,P040,Soda,1,3.07,STORE04
T2486,2024-02-23,08:17:02,CUST273,P014,Potatoes,4,2.39,STORE04
T2487,2024-02-01,08:42:07,CUST155,P039,Chips,2,4.24,STORE03
T2487,2024-02-01,08:42:07,CUST155,P001,Bread,3,2.91,STORE03
T2487,2024-02-01,08:42:07,CUST155,P038,Nuts,1,7.42,STORE03
T2487,2024-02-01,08:42:07,CUST155,P040,Soda,4,2.75,STORE03
T2487,2024-02-01,08:42:07,CUST155,P043,Beer,4,8.22,STORE03
T2488,2024-03-30,12:49:05,CUST156,P003,Eggs,2,4.85,STORE01
T2488,2024-03-30,12:49:05,CUST156,P029,Vanilla,3,4.13,STORE01
T2488,2024-03-30,12:49:05,CUST156,P005,Cheese,1,7.49,STORE01
T2488,2024-03-30,12:49:05,CUST156,P036,Jam,2,3.8,STORE01
T2488,2024-03-30,12:49:05,CUST156,P037,Honey,2,5.97,STORE01
T2489,2024-03-22,08:55:54,CUST018,P010,Rice,4,4.33,STORE03
T2489,2024-03-22,08:55:54,CUST018,P035,Peanut_Butter,4,4.57,STORE03
T2489,2024-03-22,08:55:54,CUST018,P014,Potatoes,4,2.34,STORE03
T2490,2024-02-26,21:43:21,CUST159,P036,Jam,1,3.96,STORE01
T2490,2024-02-26,21:43:21,CUST159,P015,Carrots,3,1.86,STORE01
T2490,2024-02-26,21:43:21,CUST159,P033,Soup,1,2.99,STORE01
T2490,2024-02-26,21:43:21,CUST159,P009,Fish,3,10.59,STORE01
T2490,2024-02-26,21:43:21,CUST159,P037,Honey,3,6.41,STORE01
T2491,2024-01-12,19:25:52,CUST495,P049,Tissues,1,5.05,STORE01
T2491,2024-01-12,19:25:52,CUST495,P008,Beef,5,14.2,STORE01
T2491,2024-01-12,19:25:52,CUST495,P022,Sugar,4,2.96,STORE01
T2491,2024-01-12,19:25:52,CUST495,P033,Soup,4,2.88,STORE01
T2492,2024-02-13,16:18:45,CUST181,P034,Crackers,2,3.22,STORE04
T2492,2024-02-13,16:18:45,CUST181,P040,Soda,4,3.1,STORE04
T2492,2024-02-13,16:18:45,CUST181,P043,Beer,3,8.92,STORE04
T2492,2024-02-13,16:18:45,CUST181,P008,Beef,4,13.62,STORE04
T2493,2024-01-09,12:10:39,CUST475,P015,Carrots,4,1.87,STORE05
T2493,2024-01-09,12:10:39,CUST475,P040,Soda,4,2.85,STORE05
T2493,2024-01-09,12:10:39,CUST475,P043,Beer,1,8.16,STORE05
T2493,2024-01-09,12:10:39,CUST475,P032,Frozen_Pizza,2,6.48,STORE05
T2494,2024-02-17,21:28:07,CUST241,P016,Apples,2,3.83,STORE03
T2494,2024-02-17,21:28:07,CUST241,P003,Eggs,4,4.5,STORE03
T2494,2024-02-17,21:28:07,CUST241,P029,Vanilla,3,4.38,STORE03
T2494,2024-02-17,21:28:07,CUST241,P049,Tissues,4,5.17,STORE03
T2494,2024-02-17,21:28:07,CUST241,P044,Wine,1,13.14,STORE03
T2495,2024-02-29,18:20:56,CUST288,P034,Crackers,4,3.5,STORE03
T2495,2024-02-29,18:20:56,CUST288,P033,Soup,3,2.72,STORE03
T2496,2024-03-12,16:07:13,CUST129,P040,Soda,5,2.69,STORE02
T2496,2024-03-12,16:07:13,CUST129,P039,Chips,2,3.91,STORE02
T2496,2024-03-12,16:07:13,CUST129,P033,Soup,4,3.26,STORE02
T2497,2024-02-03,13:25:56,CUST091,P048,Soap,1,3.07,STORE04
T2497,2024-02-03,13:25:56,CUST091,P045,Detergent,1,8.51,STORE04
T2497,2024-02-03,13:25:56,CUST091,P001,Bread,1,2.72,STORE04
T2498,2024-01-23,09:41:42,CUST296,P006,Yogurt,4,1.95,STORE02
T2498,2024-01-23,09:41:42,CUST296,P041,Juice,3,3.8,STORE02
T2498,2024-01-23,09:41:42,CUST296,P018,Oranges,2,4.12,STORE02
T2498,2024-01-23,09:41:42,CUST296,P029,Vanilla,1,3.6,STORE02
T2498,2024-01-23,09:41:42,CUST296,P032,Frozen_Pizza,5,7.14,STORE02
T2499,2024-01-30,09:56:58,CUST217,P034,Crackers,3,3.66,STORE03
T2499,2024-01-30,09:56:58,CUST217,P020,Coffee,3,7.28,STORE03
T2499,2024-01-30,09:56:58,CUST217,P041,Juice,4,4.35,STORE03
T2499,2024-01-30,09:56:58,CUST217,P033,Soup,1,2.86,STORE03
T2500,2024-03-26,16:01:49,CUST098,P010,Rice,5,3.8,STORE04
T2500,2024-03-26,16:01:49,CUST098,P008,Beef,1,12.46,STORE04
