Transaction_ID,Date_of_Purchase,Time_of_Purchase,Customer_ID,Item_ID,Item_Name,Quantity,Price
T000001,2025-11-12,10:09:37,CUST_0489,ITEM_001,Oranges,2,7.0
T000001,2025-11-12,10:09:37,CUST_0489,ITEM_002,Bread,3,7.5
T000002,2025-10-03,07:58:37,CUST_0086,ITEM_001,Butter,2,9.0
T000002,2025-10-03,07:58:37,CUST_0086,ITEM_002,Bread,3,7.5
T000003,2025-10-29,05:25:37,CUST_0159,ITEM_001,Rice,2,8.0
T000003,2025-10-29,05:25:37,CUST_0159,ITEM_002,Beef,1,12.0
T000003,2025-10-29,05:25:37,CUST_0159,ITEM_003,Eggs,2,6.0
T000003,2025-10-29,05:25:37,CUST_0159,ITEM_004,Potatoes,1,2.0
T000003,2025-10-29,05:25:37,CUST_0159,ITEM_005,Oranges,2,7.0
T000003,2025-10-29,05:25:37,CUST_0159,ITEM_006,Bread,1,2.5
T000003,2025-10-29,05:25:37,CUST_0159,ITEM_007,Milk,3,9.6
T000004,2025-09-22,01:34:37,CUST_0193,ITEM_001,Butter,3,13.5
T000004,2025-09-22,01:34:37,CUST_0193,ITEM_002,Bread,3,7.5
T000005,2025-10-07,07:42:37,CUST_0006,ITEM_001,Bread,2,5.0
T000005,2025-10-07,07:42:37,CUST_0006,ITEM_002,Butter,3,13.5
T000006,2025-09-29,06:53:37,CUST_0118,ITEM_001,Butter,2,9.0
T000006,2025-09-29,06:53:37,CUST_0118,ITEM_002,Rice,1,4.0
T000007,2025-10-29,11:05:37,CUST_0057,ITEM_001,Apples,1,4.2
T000007,2025-10-29,11:05:37,CUST_0057,ITEM_002,Pasta,1,3.5
T000007,2025-10-29,11:05:37,CUST_0057,ITEM_003,Cheese,2,11.6
T000007,2025-10-29,11:05:37,CUST_0057,ITEM_004,Milk,2,6.4
T000007,2025-10-29,11:05:37,CUST_0057,ITEM_005,Butter,3,13.5
T000007,2025-10-29,11:05:37,CUST_0057,ITEM_006,Eggs,1,3.0
T000008,2025-11-11,01:04:37,CUST_0369,ITEM_001,Beef,1,12.0
T000008,2025-11-11,01:04:37,CUST_0369,ITEM_002,Eggs,1,3.0
T000009,2025-10-15,09:39:37,CUST_0291,ITEM_001,Butter,1,4.5
T000009,2025-10-15,09:39:37,CUST_0291,ITEM_002,Bread,1,2.5
T000009,2025-10-15,09:39:37,CUST_0291,ITEM_003,Cheese,3,17.4
T000010,2025-10-05,22:53:37,CUST_0444,ITEM_001,Beef,1,12.0
T000010,2025-10-05,22:53:37,CUST_0444,ITEM_002,Bananas,1,2.8
T000010,2025-10-05,22:53:37,CUST_0444,ITEM_003,Milk,1,3.2
T000011,2025-09-16,07:29:37,CUST_0037,ITEM_001,Onions,3,6.6
T000011,2025-09-16,07:29:37,CUST_0037,ITEM_002,Potatoes,3,6.0
T000011,2025-09-16,07:29:37,CUST_0037,ITEM_003,Beef,1,12.0
T000011,2025-09-16,07:29:37,CUST_0037,ITEM_004,Oranges,1,3.5
T000012,2025-11-10,09:15:37,CUST_0231,ITEM_001,Cheese,2,11.6
T000012,2025-11-10,09:15:37,CUST_0231,ITEM_002,Butter,3,13.5
T000013,2025-10-07,05:06:37,CUST_0403,ITEM_001,Onions,3,6.6
T000013,2025-10-07,05:06:37,CUST_0403,ITEM_002,Potatoes,1,2.0
T000013,2025-10-07,05:06:37,CUST_0403,ITEM_003,Eggs,2,6.0
T000013,2025-10-07,05:06:37,CUST_0403,ITEM_004,Milk,2,6.4
T000014,2025-10-24,01:42:37,CUST_0328,ITEM_001,Bananas,1,2.8
T000014,2025-10-24,01:42:37,CUST_0328,ITEM_002,Potatoes,1,2.0
T000014,2025-10-24,01:42:37,CUST_0328,ITEM_003,Milk,2,6.4
T000015,2025-10-18,00:13:37,CUST_0265,ITEM_001,Bread,1,2.5
T000015,2025-10-18,00:13:37,CUST_0265,ITEM_002,Butter,2,9.0
T000015,2025-10-18,00:13:37,CUST_0265,ITEM_003,Milk,1,3.2
T000015,2025-10-18,00:13:37,CUST_0265,ITEM_004,Cheese,1,5.8
T000016,2025-10-12,07:52:37,CUST_0172,ITEM_001,Onions,2,4.4
T000016,2025-10-12,07:52:37,CUST_0172,ITEM_002,Tomatoes,1,3.8
T000016,2025-10-12,07:52:37,CUST_0172,ITEM_003,Pasta,2,7.0
T000016,2025-10-12,07:52:37,CUST_0172,ITEM_004,Eggs,1,3.0
T000016,2025-10-12,07:52:37,CUST_0172,ITEM_005,Milk,2,6.4
T000017,2025-09-19,22:50:37,CUST_0280,ITEM_001,Bread,3,7.5
T000017,2025-09-19,22:50:37,CUST_0280,ITEM_002,Tomatoes,3,11.4
T000017,2025-09-19,22:50:37,CUST_0280,ITEM_003,Milk,2,6.4
T000017,2025-09-19,22:50:37,CUST_0280,ITEM_004,Oranges,1,3.5
T000017,2025-09-19,22:50:37,CUST_0280,ITEM_005,Bananas,3,8.4
T000017,2025-09-19,22:50:37,CUST_0280,ITEM_006,Apples,3,12.6
T000017,2025-09-19,22:50:37,CUST_0280,ITEM_007,Cheese,3,17.4
T000018,2025-11-07,11:04:37,CUST_0147,ITEM_001,Butter,3,13.5
T000018,2025-11-07,11:04:37,CUST_0147,ITEM_002,Bread,2,5.0
T000019,2025-10-31,04:45:37,CUST_0409,ITEM_001,Bananas,1,2.8
T000019,2025-10-31,04:45:37,CUST_0409,ITEM_002,Milk,2,6.4
T000020,2025-09-29,10:48:37,CUST_0162,ITEM_001,Cheese,1,5.8
T000020,2025-09-29,10:48:37,CUST_0162,ITEM_002,Butter,3,13.5
T000020,2025-09-29,10:48:37,CUST_0162,ITEM_003,Rice,2,8.0
T000020,2025-09-29,10:48:37,CUST_0162,ITEM_004,Milk,1,3.2
T000020,2025-09-29,10:48:37,CUST_0162,ITEM_005,Bread,3,7.5
T000020,2025-09-29,10:48:37,CUST_0162,ITEM_006,Beef,2,24.0
T000020,2025-09-29,10:48:37,CUST_0162,ITEM_007,Chicken,3,25.5
T000021,2025-10-28,02:04:37,CUST_0056,ITEM_001,Cheese,3,17.4
T000021,2025-10-28,02:04:37,CUST_0056,ITEM_002,Butter,1,4.5
T000022,2025-10-31,09:38:37,CUST_0088,ITEM_001,Eggs,2,6.0
T000023,2025-11-01,01:12:37,CUST_0156,ITEM_001,Tomatoes,2,7.6
T000023,2025-11-01,01:12:37,CUST_0156,ITEM_002,Chicken,1,8.5
T000023,2025-11-01,01:12:37,CUST_0156,ITEM_003,Pasta,2,7.0
T000023,2025-11-01,01:12:37,CUST_0156,ITEM_004,Rice,1,4.0
T000023,2025-11-01,01:12:37,CUST_0156,ITEM_005,Onions,1,2.2
T000023,2025-11-01,01:12:37,CUST_0156,ITEM_006,Potatoes,1,2.0
T000024,2025-10-12,01:21:37,CUST_0106,ITEM_001,Pasta,3,10.5
T000024,2025-10-12,01:21:37,CUST_0106,ITEM_002,Tomatoes,3,11.4
T000024,2025-10-12,01:21:37,CUST_0106,ITEM_003,Milk,2,6.4
T000024,2025-10-12,01:21:37,CUST_0106,ITEM_004,Cheese,3,17.4
T000024,2025-10-12,01:21:37,CUST_0106,ITEM_005,Bananas,3,8.4
T000024,2025-10-12,01:21:37,CUST_0106,ITEM_006,Chicken,3,25.5
T000025,2025-11-07,22:47:37,CUST_0285,ITEM_001,Pasta,2,7.0
T000025,2025-11-07,22:47:37,CUST_0285,ITEM_002,Tomatoes,3,11.4
T000025,2025-11-07,22:47:37,CUST_0285,ITEM_003,Onions,2,4.4
T000025,2025-11-07,22:47:37,CUST_0285,ITEM_004,Chicken,1,8.5
T000026,2025-10-30,23:19:37,CUST_0440,ITEM_001,Cheese,3,17.4
T000026,2025-10-30,23:19:37,CUST_0440,ITEM_002,Butter,2,9.0
T000026,2025-10-30,23:19:37,CUST_0440,ITEM_003,Bread,2,5.0
T000027,2025-09-29,01:46:37,CUST_0389,ITEM_001,Bread,2,5.0
T000027,2025-09-29,01:46:37,CUST_0389,ITEM_002,Oranges,2,7.0
T000028,2025-11-11,04:48:37,CUST_0153,ITEM_001,Milk,2,6.4
T000028,2025-11-11,04:48:37,CUST_0153,ITEM_002,Apples,2,8.4
T000028,2025-11-11,04:48:37,CUST_0153,ITEM_003,Cheese,1,5.8
T000028,2025-11-11,04:48:37,CUST_0153,ITEM_004,Bananas,2,5.6
T000029,2025-10-14,06:46:37,CUST_0392,ITEM_001,Apples,1,4.2
T000029,2025-10-14,06:46:37,CUST_0392,ITEM_002,Pasta,3,10.5
T000029,2025-10-14,06:46:37,CUST_0392,ITEM_003,Tomatoes,1,3.8
T000030,2025-09-16,23:01:37,CUST_0232,ITEM_001,Tomatoes,1,3.8
T000030,2025-09-16,23:01:37,CUST_0232,ITEM_002,Rice,3,12.0
T000030,2025-09-16,23:01:37,CUST_0232,ITEM_003,Bananas,3,8.4
T000030,2025-09-16,23:01:37,CUST_0232,ITEM_004,Apples,2,8.4
T000030,2025-09-16,23:01:37,CUST_0232,ITEM_005,Chicken,2,17.0
T000030,2025-09-16,23:01:37,CUST_0232,ITEM_006,Onions,3,6.6
T000030,2025-09-16,23:01:37,CUST_0232,ITEM_007,Eggs,3,9.0
T000031,2025-09-22,02:00:37,CUST_0462,ITEM_001,Cheese,2,11.6
T000031,2025-09-22,02:00:37,CUST_0462,ITEM_002,Butter,3,13.5
T000031,2025-09-22,02:00:37,CUST_0462,ITEM_003,Bread,2,5.0
T000032,2025-10-20,05:49:37,CUST_0012,ITEM_001,Milk,3,9.6
T000032,2025-10-20,05:49:37,CUST_0012,ITEM_002,Bananas,3,8.4
T000032,2025-10-20,05:49:37,CUST_0012,ITEM_003,Oranges,2,7.0
T000032,2025-10-20,05:49:37,CUST_0012,ITEM_004,Cheese,3,17.4
T000033,2025-10-29,08:42:37,CUST_0213,ITEM_001,Beef,2,24.0
T000033,2025-10-29,08:42:37,CUST_0213,ITEM_002,Potatoes,1,2.0
T000033,2025-10-29,08:42:37,CUST_0213,ITEM_003,Apples,1,4.2
T000033,2025-10-29,08:42:37,CUST_0213,ITEM_004,Onions,1,2.2
T000033,2025-10-29,08:42:37,CUST_0213,ITEM_005,Bananas,2,5.6
T000033,2025-10-29,08:42:37,CUST_0213,ITEM_006,Bread,2,5.0
T000033,2025-10-29,08:42:37,CUST_0213,ITEM_007,Milk,2,6.4
T000034,2025-10-06,10:17:37,CUST_0218,ITEM_001,Chicken,2,17.0
T000034,2025-10-06,10:17:37,CUST_0218,ITEM_002,Oranges,2,7.0
T000034,2025-10-06,10:17:37,CUST_0218,ITEM_003,Tomatoes,1,3.8
T000034,2025-10-06,10:17:37,CUST_0218,ITEM_004,Rice,2,8.0
T000035,2025-10-18,08:52:37,CUST_0214,ITEM_001,Beef,1,12.0
T000035,2025-10-18,08:52:37,CUST_0214,ITEM_002,Eggs,1,3.0
T000036,2025-10-24,02:28:37,CUST_0369,ITEM_001,Apples,1,4.2
T000036,2025-10-24,02:28:37,CUST_0369,ITEM_002,Chicken,3,25.5
T000036,2025-10-24,02:28:37,CUST_0369,ITEM_003,Onions,2,4.4
T000037,2025-10-28,00:37:37,CUST_0430,ITEM_001,Cheese,1,5.8
T000037,2025-10-28,00:37:37,CUST_0430,ITEM_002,Tomatoes,1,3.8
T000037,2025-10-28,00:37:37,CUST_0430,ITEM_003,Pasta,1,3.5
T000037,2025-10-28,00:37:37,CUST_0430,ITEM_004,Eggs,3,9.0
T000037,2025-10-28,00:37:37,CUST_0430,ITEM_005,Potatoes,3,6.0
T000038,2025-09-26,10:33:37,CUST_0360,ITEM_001,Tomatoes,1,3.8
T000038,2025-09-26,10:33:37,CUST_0360,ITEM_002,Eggs,3,9.0
T000038,2025-09-26,10:33:37,CUST_0360,ITEM_003,Bananas,1,2.8
T000039,2025-11-13,00:26:37,CUST_0187,ITEM_001,Apples,2,8.4
T000039,2025-11-13,00:26:37,CUST_0187,ITEM_002,Bananas,2,5.6
T000040,2025-11-05,03:11:37,CUST_0240,ITEM_001,Apples,2,8.4
T000040,2025-11-05,03:11:37,CUST_0240,ITEM_002,Potatoes,1,2.0
T000040,2025-11-05,03:11:37,CUST_0240,ITEM_003,Beef,3,36.0
T000040,2025-11-05,03:11:37,CUST_0240,ITEM_004,Oranges,3,10.5
T000040,2025-11-05,03:11:37,CUST_0240,ITEM_005,Bananas,2,5.6
T000040,2025-11-05,03:11:37,CUST_0240,ITEM_006,Onions,3,6.6
T000040,2025-11-05,03:11:37,CUST_0240,ITEM_007,Rice,2,8.0
T000040,2025-11-05,03:11:37,CUST_0240,ITEM_008,Tomatoes,2,7.6
T000041,2025-11-11,02:48:37,CUST_0116,ITEM_001,Potatoes,2,4.0
T000041,2025-11-11,02:48:37,CUST_0116,ITEM_002,Beef,3,36.0
T000041,2025-11-11,02:48:37,CUST_0116,ITEM_003,Pasta,2,7.0
T000041,2025-11-11,02:48:37,CUST_0116,ITEM_004,Chicken,2,17.0
T000041,2025-11-11,02:48:37,CUST_0116,ITEM_005,Tomatoes,1,3.8
T000041,2025-11-11,02:48:37,CUST_0116,ITEM_006,Rice,1,4.0
T000041,2025-11-11,02:48:37,CUST_0116,ITEM_007,Onions,1,2.2
T000041,2025-11-11,02:48:37,CUST_0116,ITEM_008,Eggs,3,9.0
T000042,2025-10-23,03:30:37,CUST_0292,ITEM_001,Rice,1,4.0
T000042,2025-10-23,03:30:37,CUST_0292,ITEM_002,Chicken,3,25.5
T000042,2025-10-23,03:30:37,CUST_0292,ITEM_003,Apples,3,12.6
T000042,2025-10-23,03:30:37,CUST_0292,ITEM_004,Bananas,3,8.4
T000043,2025-11-13,03:51:37,CUST_0348,ITEM_001,Bread,3,7.5
T000043,2025-11-13,03:51:37,CUST_0348,ITEM_002,Chicken,1,8.5
T000044,2025-10-07,23:28:37,CUST_0248,ITEM_001,Bread,2,5.0
T000044,2025-10-07,23:28:37,CUST_0248,ITEM_002,Tomatoes,1,3.8
T000044,2025-10-07,23:28:37,CUST_0248,ITEM_003,Eggs,1,3.0
T000044,2025-10-07,23:28:37,CUST_0248,ITEM_004,Milk,3,9.6
T000045,2025-10-03,05:17:37,CUST_0427,ITEM_001,Bananas,1,2.8
T000046,2025-11-12,03:14:37,CUST_0454,ITEM_001,Bread,1,2.5
T000047,2025-11-10,11:28:37,CUST_0314,ITEM_001,Oranges,2,7.0
T000047,2025-11-10,11:28:37,CUST_0314,ITEM_002,Onions,3,6.6
T000047,2025-11-10,11:28:37,CUST_0314,ITEM_003,Tomatoes,1,3.8
T000047,2025-11-10,11:28:37,CUST_0314,ITEM_004,Rice,1,4.0
T000047,2025-11-10,11:28:37,CUST_0314,ITEM_005,Chicken,3,25.5
T000047,2025-11-10,11:28:37,CUST_0314,ITEM_006,Beef,1,12.0
T000047,2025-11-10,11:28:37,CUST_0314,ITEM_007,Bread,2,5.0
T000048,2025-09-26,07:26:37,CUST_0107,ITEM_001,Chicken,2,17.0
T000048,2025-09-26,07:26:37,CUST_0107,ITEM_002,Tomatoes,2,7.6
T000049,2025-11-03,09:49:37,CUST_0288,ITEM_001,Milk,2,6.4
T000049,2025-11-03,09:49:37,CUST_0288,ITEM_002,Eggs,3,9.0
T000049,2025-11-03,09:49:37,CUST_0288,ITEM_003,Cheese,2,11.6
T000050,2025-10-11,09:59:37,CUST_0484,ITEM_001,Beef,3,36.0
T000050,2025-10-11,09:59:37,CUST_0484,ITEM_002,Bread,1,2.5
T000050,2025-10-11,09:59:37,CUST_0484,ITEM_003,Eggs,3,9.0
T000050,2025-10-11,09:59:37,CUST_0484,ITEM_004,Potatoes,2,4.0
T000051,2025-10-30,11:08:37,CUST_0026,ITEM_001,Butter,2,9.0
T000051,2025-10-30,11:08:37,CUST_0026,ITEM_002,Bread,2,5.0
T000051,2025-10-30,11:08:37,CUST_0026,ITEM_003,Cheese,3,17.4
T000051,2025-10-30,11:08:37,CUST_0026,ITEM_004,Eggs,1,3.0
T000052,2025-10-19,11:27:37,CUST_0070,ITEM_001,Apples,1,4.2
T000052,2025-10-19,11:27:37,CUST_0070,ITEM_002,Milk,3,9.6
T000052,2025-10-19,11:27:37,CUST_0070,ITEM_003,Tomatoes,3,11.4
T000052,2025-10-19,11:27:37,CUST_0070,ITEM_004,Cheese,3,17.4
T000053,2025-11-07,00:11:37,CUST_0242,ITEM_001,Onions,1,2.2
T000053,2025-11-07,00:11:37,CUST_0242,ITEM_002,Tomatoes,1,3.8
T000053,2025-11-07,00:11:37,CUST_0242,ITEM_003,Oranges,2,7.0
T000053,2025-11-07,00:11:37,CUST_0242,ITEM_004,Eggs,1,3.0
T000053,2025-11-07,00:11:37,CUST_0242,ITEM_005,Bananas,2,5.6
T000053,2025-11-07,00:11:37,CUST_0242,ITEM_006,Milk,1,3.2
T000054,2025-09-18,02:35:37,CUST_0045,ITEM_001,Rice,1,4.0
T000054,2025-09-18,02:35:37,CUST_0045,ITEM_002,Bananas,1,2.8
T000054,2025-09-18,02:35:37,CUST_0045,ITEM_003,Chicken,2,17.0
T000054,2025-09-18,02:35:37,CUST_0045,ITEM_004,Eggs,3,9.0
T000055,2025-11-03,05:12:37,CUST_0390,ITEM_001,Potatoes,2,4.0
T000055,2025-11-03,05:12:37,CUST_0390,ITEM_002,Cheese,2,11.6
T000055,2025-11-03,05:12:37,CUST_0390,ITEM_003,Milk,1,3.2
T000055,2025-11-03,05:12:37,CUST_0390,ITEM_004,Butter,2,9.0
T000055,2025-11-03,05:12:37,CUST_0390,ITEM_005,Bananas,1,2.8
T000056,2025-09-15,23:03:37,CUST_0029,ITEM_001,Onions,3,6.6
T000056,2025-09-15,23:03:37,CUST_0029,ITEM_002,Potatoes,3,6.0
T000056,2025-09-15,23:03:37,CUST_0029,ITEM_003,Chicken,2,17.0
T000056,2025-09-15,23:03:37,CUST_0029,ITEM_004,Beef,2,24.0
T000057,2025-09-20,09:16:37,CUST_0178,ITEM_001,Beef,1,12.0
T000057,2025-09-20,09:16:37,CUST_0178,ITEM_002,Rice,2,8.0
T000058,2025-10-28,04:24:37,CUST_0192,ITEM_001,Cheese,1,5.8
T000058,2025-10-28,04:24:37,CUST_0192,ITEM_002,Bread,3,7.5
T000058,2025-10-28,04:24:37,CUST_0192,ITEM_003,Butter,1,4.5
T000058,2025-10-28,04:24:37,CUST_0192,ITEM_004,Milk,3,9.6
T000058,2025-10-28,04:24:37,CUST_0192,ITEM_005,Bananas,1,2.8
T000058,2025-10-28,04:24:37,CUST_0192,ITEM_006,Apples,2,8.4
T000058,2025-10-28,04:24:37,CUST_0192,ITEM_007,Eggs,1,3.0
T000059,2025-09-21,05:09:37,CUST_0095,ITEM_001,Potatoes,1,2.0
T000059,2025-09-21,05:09:37,CUST_0095,ITEM_002,Onions,2,4.4
T000059,2025-09-21,05:09:37,CUST_0095,ITEM_003,Tomatoes,3,11.4
T000059,2025-09-21,05:09:37,CUST_0095,ITEM_004,Pasta,1,3.5
T000059,2025-09-21,05:09:37,CUST_0095,ITEM_005,Chicken,3,25.5
T000059,2025-09-21,05:09:37,CUST_0095,ITEM_006,Rice,2,8.0
T000059,2025-09-21,05:09:37,CUST_0095,ITEM_007,Beef,1,12.0
T000059,2025-09-21,05:09:37,CUST_0095,ITEM_008,Butter,3,13.5
T000060,2025-10-09,08:22:37,CUST_0453,ITEM_001,Butter,3,13.5
T000060,2025-10-09,08:22:37,CUST_0453,ITEM_002,Cheese,2,11.6
T000060,2025-10-09,08:22:37,CUST_0453,ITEM_003,Bread,1,2.5
T000060,2025-10-09,08:22:37,CUST_0453,ITEM_004,Eggs,3,9.0
T000060,2025-10-09,08:22:37,CUST_0453,ITEM_005,Milk,3,9.6
T000061,2025-09-29,23:09:37,CUST_0036,ITEM_001,Tomatoes,1,3.8
T000062,2025-09-23,01:15:37,CUST_0217,ITEM_001,Oranges,1,3.5
T000062,2025-09-23,01:15:37,CUST_0217,ITEM_002,Eggs,3,9.0
T000062,2025-09-23,01:15:37,CUST_0217,ITEM_003,Apples,2,8.4
T000062,2025-09-23,01:15:37,CUST_0217,ITEM_004,Bread,2,5.0
T000062,2025-09-23,01:15:37,CUST_0217,ITEM_005,Milk,2,6.4
T000062,2025-09-23,01:15:37,CUST_0217,ITEM_006,Cheese,3,17.4
T000062,2025-09-23,01:15:37,CUST_0217,ITEM_007,Pasta,1,3.5
T000063,2025-11-10,07:42:37,CUST_0372,ITEM_001,Beef,3,36.0
T000064,2025-10-03,05:39:37,CUST_0403,ITEM_001,Chicken,1,8.5
T000064,2025-10-03,05:39:37,CUST_0403,ITEM_002,Tomatoes,1,3.8
T000064,2025-10-03,05:39:37,CUST_0403,ITEM_003,Rice,2,8.0
T000065,2025-10-11,00:28:37,CUST_0134,ITEM_001,Butter,3,13.5
T000065,2025-10-11,00:28:37,CUST_0134,ITEM_002,Eggs,2,6.0
T000065,2025-10-11,00:28:37,CUST_0134,ITEM_003,Rice,3,12.0
T000065,2025-10-11,00:28:37,CUST_0134,ITEM_004,Onions,3,6.6
T000065,2025-10-11,00:28:37,CUST_0134,ITEM_005,Potatoes,1,2.0
T000065,2025-10-11,00:28:37,CUST_0134,ITEM_006,Bread,1,2.5
T000066,2025-09-30,05:14:37,CUST_0438,ITEM_001,Onions,1,2.2
T000066,2025-09-30,05:14:37,CUST_0438,ITEM_002,Potatoes,1,2.0
T000066,2025-09-30,05:14:37,CUST_0438,ITEM_003,Beef,1,12.0
T000066,2025-09-30,05:14:37,CUST_0438,ITEM_004,Tomatoes,3,11.4
T000066,2025-09-30,05:14:37,CUST_0438,ITEM_005,Bananas,3,8.4
T000066,2025-09-30,05:14:37,CUST_0438,ITEM_006,Apples,1,4.2
T000066,2025-09-30,05:14:37,CUST_0438,ITEM_007,Eggs,2,6.0
T000067,2025-10-05,01:24:37,CUST_0439,ITEM_001,Oranges,2,7.0
T000067,2025-10-05,01:24:37,CUST_0439,ITEM_002,Beef,1,12.0
T000068,2025-10-28,01:16:37,CUST_0434,ITEM_001,Bread,3,7.5
T000068,2025-10-28,01:16:37,CUST_0434,ITEM_002,Milk,3,9.6
T000068,2025-10-28,01:16:37,CUST_0434,ITEM_003,Chicken,1,8.5
T000068,2025-10-28,01:16:37,CUST_0434,ITEM_004,Rice,2,8.0
T000068,2025-10-28,01:16:37,CUST_0434,ITEM_005,Bananas,1,2.8
T000069,2025-11-09,09:17:37,CUST_0456,ITEM_001,Beef,3,36.0
T000069,2025-11-09,09:17:37,CUST_0456,ITEM_002,Oranges,3,10.5
T000069,2025-11-09,09:17:37,CUST_0456,ITEM_003,Potatoes,3,6.0
T000069,2025-11-09,09:17:37,CUST_0456,ITEM_004,Onions,3,6.6
T000069,2025-11-09,09:17:37,CUST_0456,ITEM_005,Cheese,3,17.4
T000069,2025-11-09,09:17:37,CUST_0456,ITEM_006,Milk,3,9.6
T000069,2025-11-09,09:17:37,CUST_0456,ITEM_007,Eggs,1,3.0
T000070,2025-09-25,03:49:37,CUST_0166,ITEM_001,Potatoes,3,6.0
T000070,2025-09-25,03:49:37,CUST_0166,ITEM_002,Onions,2,4.4
T000070,2025-09-25,03:49:37,CUST_0166,ITEM_003,Tomatoes,2,7.6
T000071,2025-09-24,04:06:37,CUST_0058,ITEM_001,Butter,2,9.0
T000071,2025-09-24,04:06:37,CUST_0058,ITEM_002,Cheese,3,17.4
T000071,2025-09-24,04:06:37,CUST_0058,ITEM_003,Eggs,3,9.0
T000072,2025-10-31,23:10:37,CUST_0195,ITEM_001,Apples,3,12.6
T000072,2025-10-31,23:10:37,CUST_0195,ITEM_002,Bananas,3,8.4
T000072,2025-10-31,23:10:37,CUST_0195,ITEM_003,Milk,1,3.2
T000073,2025-10-17,04:44:37,CUST_0310,ITEM_001,Tomatoes,1,3.8
T000074,2025-09-30,23:21:37,CUST_0398,ITEM_001,Beef,3,36.0
T000074,2025-09-30,23:21:37,CUST_0398,ITEM_002,Potatoes,2,4.0
T000074,2025-09-30,23:21:37,CUST_0398,ITEM_003,Onions,1,2.2
T000075,2025-09-23,09:54:37,CUST_0158,ITEM_001,Potatoes,3,6.0
T000075,2025-09-23,09:54:37,CUST_0158,ITEM_002,Onions,1,2.2
T000076,2025-10-21,08:31:37,CUST_0203,ITEM_001,Apples,1,4.2
T000076,2025-10-21,08:31:37,CUST_0203,ITEM_002,Rice,1,4.0
T000077,2025-10-17,07:16:37,CUST_0284,ITEM_001,Butter,3,13.5
T000077,2025-10-17,07:16:37,CUST_0284,ITEM_002,Bread,1,2.5
T000078,2025-09-27,01:16:37,CUST_0500,ITEM_001,Cheese,1,5.8
T000078,2025-09-27,01:16:37,CUST_0500,ITEM_002,Milk,1,3.2
T000078,2025-09-27,01:16:37,CUST_0500,ITEM_003,Rice,2,8.0
T000079,2025-10-24,09:17:37,CUST_0159,ITEM_001,Apples,3,12.6
T000079,2025-10-24,09:17:37,CUST_0159,ITEM_002,Bananas,3,8.4
T000079,2025-10-24,09:17:37,CUST_0159,ITEM_003,Milk,1,3.2
T000079,2025-10-24,09:17:37,CUST_0159,ITEM_004,Cheese,2,11.6
T000079,2025-10-24,09:17:37,CUST_0159,ITEM_005,Butter,1,4.5
T000080,2025-10-04,05:48:37,CUST_0278,ITEM_001,Pasta,2,7.0
T000081,2025-10-22,00:05:37,CUST_0493,ITEM_001,Bread,2,5.0
T000081,2025-10-22,00:05:37,CUST_0493,ITEM_002,Chicken,1,8.5
T000081,2025-10-22,00:05:37,CUST_0493,ITEM_003,Rice,3,12.0
T000081,2025-10-22,00:05:37,CUST_0493,ITEM_004,Milk,3,9.6
T000082,2025-09-27,01:41:37,CUST_0455,ITEM_001,Potatoes,3,6.0
T000082,2025-09-27,01:41:37,CUST_0455,ITEM_002,Beef,3,36.0
T000082,2025-09-27,01:41:37,CUST_0455,ITEM_003,Chicken,1,8.5
T000082,2025-09-27,01:41:37,CUST_0455,ITEM_004,Bread,3,7.5
T000082,2025-09-27,01:41:37,CUST_0455,ITEM_005,Apples,2,8.4
T000082,2025-09-27,01:41:37,CUST_0455,ITEM_006,Tomatoes,3,11.4
T000083,2025-09-27,11:04:37,CUST_0317,ITEM_001,Potatoes,2,4.0
T000084,2025-10-08,11:30:37,CUST_0281,ITEM_001,Pasta,3,10.5
T000084,2025-10-08,11:30:37,CUST_0281,ITEM_002,Tomatoes,2,7.6
T000084,2025-10-08,11:30:37,CUST_0281,ITEM_003,Chicken,2,17.0
T000084,2025-10-08,11:30:37,CUST_0281,ITEM_004,Onions,2,4.4
T000084,2025-10-08,11:30:37,CUST_0281,ITEM_005,Potatoes,2,4.0
T000085,2025-11-07,23:40:37,CUST_0184,ITEM_001,Rice,3,12.0
T000085,2025-11-07,23:40:37,CUST_0184,ITEM_002,Apples,3,12.6
T000085,2025-11-07,23:40:37,CUST_0184,ITEM_003,Bananas,3,8.4
T000085,2025-11-07,23:40:37,CUST_0184,ITEM_004,Milk,1,3.2
T000085,2025-11-07,23:40:37,CUST_0184,ITEM_005,Chicken,2,17.0
T000085,2025-11-07,23:40:37,CUST_0184,ITEM_006,Bread,1,2.5
T000086,2025-11-09,23:23:37,CUST_0242,ITEM_001,Butter,1,4.5
T000086,2025-11-09,23:23:37,CUST_0242,ITEM_002,Cheese,3,17.4
T000087,2025-10-31,01:37:37,CUST_0495,ITEM_001,Onions,1,2.2
T000087,2025-10-31,01:37:37,CUST_0495,ITEM_002,Tomatoes,2,7.6
T000087,2025-10-31,01:37:37,CUST_0495,ITEM_003,Potatoes,1,2.0
T000087,2025-10-31,01:37:37,CUST_0495,ITEM_004,Beef,2,24.0
T000087,2025-10-31,01:37:37,CUST_0495,ITEM_005,Chicken,2,17.0
T000088,2025-10-28,03:43:37,CUST_0191,ITEM_001,Bananas,3,8.4
T000088,2025-10-28,03:43:37,CUST_0191,ITEM_002,Milk,2,6.4
T000088,2025-10-28,03:43:37,CUST_0191,ITEM_003,Apples,3,12.6
T000088,2025-10-28,03:43:37,CUST_0191,ITEM_004,Eggs,3,9.0
T000089,2025-11-08,06:51:37,CUST_0369,ITEM_001,Cheese,2,11.6
T000090,2025-10-17,04:13:37,CUST_0068,ITEM_001,Bananas,3,8.4
T000090,2025-10-17,04:13:37,CUST_0068,ITEM_002,Apples,1,4.2
T000090,2025-10-17,04:13:37,CUST_0068,ITEM_003,Milk,3,9.6
T000091,2025-09-19,09:49:37,CUST_0353,ITEM_001,Pasta,3,10.5
T000092,2025-10-30,08:50:37,CUST_0463,ITEM_001,Chicken,2,17.0
T000092,2025-10-30,08:50:37,CUST_0463,ITEM_002,Potatoes,3,6.0
T000092,2025-10-30,08:50:37,CUST_0463,ITEM_003,Rice,3,12.0
T000092,2025-10-30,08:50:37,CUST_0463,ITEM_004,Eggs,3,9.0
T000093,2025-10-06,08:47:37,CUST_0048,ITEM_001,Onions,2,4.4
T000093,2025-10-06,08:47:37,CUST_0048,ITEM_002,Tomatoes,3,11.4
T000093,2025-10-06,08:47:37,CUST_0048,ITEM_003,Pasta,2,7.0
T000093,2025-10-06,08:47:37,CUST_0048,ITEM_004,Chicken,2,17.0
T000093,2025-10-06,08:47:37,CUST_0048,ITEM_005,Rice,3,12.0
T000093,2025-10-06,08:47:37,CUST_0048,ITEM_006,Potatoes,3,6.0
T000093,2025-10-06,08:47:37,CUST_0048,ITEM_007,Bread,1,2.5
T000093,2025-10-06,08:47:37,CUST_0048,ITEM_008,Milk,3,9.6
T000094,2025-10-23,10:26:37,CUST_0480,ITEM_001,Milk,2,6.4
T000094,2025-10-23,10:26:37,CUST_0480,ITEM_002,Eggs,2,6.0
T000094,2025-10-23,10:26:37,CUST_0480,ITEM_003,Potatoes,1,2.0
T000095,2025-10-31,22:41:37,CUST_0326,ITEM_001,Butter,1,4.5
T000095,2025-10-31,22:41:37,CUST_0326,ITEM_002,Cheese,2,11.6
T000095,2025-10-31,22:41:37,CUST_0326,ITEM_003,Rice,3,12.0
T000095,2025-10-31,22:41:37,CUST_0326,ITEM_004,Chicken,2,17.0
T000095,2025-10-31,22:41:37,CUST_0326,ITEM_005,Bread,3,7.5
T000095,2025-10-31,22:41:37,CUST_0326,ITEM_006,Tomatoes,2,7.6
T000096,2025-10-29,08:42:37,CUST_0222,ITEM_001,Bananas,3,8.4
T000097,2025-10-28,00:27:37,CUST_0004,ITEM_001,Beef,1,12.0
T000097,2025-10-28,00:27:37,CUST_0004,ITEM_002,Potatoes,2,4.0
T000097,2025-10-28,00:27:37,CUST_0004,ITEM_003,Butter,1,4.5
T000097,2025-10-28,00:27:37,CUST_0004,ITEM_004,Onions,3,6.6
T000098,2025-10-18,10:11:37,CUST_0216,ITEM_001,Butter,3,13.5
T000098,2025-10-18,10:11:37,CUST_0216,ITEM_002,Cheese,2,11.6
T000098,2025-10-18,10:11:37,CUST_0216,ITEM_003,Potatoes,1,2.0
T000099,2025-09-20,03:10:37,CUST_0109,ITEM_001,Apples,1,4.2
T000099,2025-09-20,03:10:37,CUST_0109,ITEM_002,Rice,2,8.0
T000100,2025-11-08,10:31:37,CUST_0407,ITEM_001,Apples,3,12.6
T000100,2025-11-08,10:31:37,CUST_0407,ITEM_002,Potatoes,2,4.0
T000101,2025-10-15,09:09:37,CUST_0468,ITEM_001,Onions,3,6.6
T000101,2025-10-15,09:09:37,CUST_0468,ITEM_002,Potatoes,1,2.0
T000101,2025-10-15,09:09:37,CUST_0468,ITEM_003,Milk,3,9.6
T000101,2025-10-15,09:09:37,CUST_0468,ITEM_004,Cheese,1,5.8
T000101,2025-10-15,09:09:37,CUST_0468,ITEM_005,Oranges,1,3.5
T000101,2025-10-15,09:09:37,CUST_0468,ITEM_006,Eggs,3,9.0
T000101,2025-10-15,09:09:37,CUST_0468,ITEM_007,Bread,1,2.5
T000102,2025-10-22,10:30:37,CUST_0450,ITEM_001,Potatoes,3,6.0
T000102,2025-10-22,10:30:37,CUST_0450,ITEM_002,Onions,2,4.4
T000102,2025-10-22,10:30:37,CUST_0450,ITEM_003,Beef,1,12.0
T000102,2025-10-22,10:30:37,CUST_0450,ITEM_004,Tomatoes,2,7.6
T000102,2025-10-22,10:30:37,CUST_0450,ITEM_005,Chicken,2,17.0
T000102,2025-10-22,10:30:37,CUST_0450,ITEM_006,Rice,3,12.0
T000103,2025-09-19,08:00:37,CUST_0251,ITEM_001,Bananas,3,8.4
T000104,2025-10-16,11:08:37,CUST_0332,ITEM_001,Eggs,3,9.0
T000105,2025-10-07,03:57:37,CUST_0293,ITEM_001,Chicken,2,17.0
T000106,2025-09-29,08:29:37,CUST_0331,ITEM_001,Beef,2,24.0
T000107,2025-11-03,22:40:37,CUST_0007,ITEM_001,Eggs,2,6.0
T000107,2025-11-03,22:40:37,CUST_0007,ITEM_002,Bread,2,5.0
T000107,2025-11-03,22:40:37,CUST_0007,ITEM_003,Milk,1,3.2
T000107,2025-11-03,22:40:37,CUST_0007,ITEM_004,Bananas,2,5.6
T000108,2025-11-02,04:54:37,CUST_0244,ITEM_001,Apples,3,12.6
T000108,2025-11-02,04:54:37,CUST_0244,ITEM_002,Bananas,3,8.4
T000108,2025-11-02,04:54:37,CUST_0244,ITEM_003,Chicken,2,17.0
T000108,2025-11-02,04:54:37,CUST_0244,ITEM_004,Tomatoes,2,7.6
T000108,2025-11-02,04:54:37,CUST_0244,ITEM_005,Oranges,1,3.5
T000108,2025-11-02,04:54:37,CUST_0244,ITEM_006,Potatoes,3,6.0
T000109,2025-09-25,07:22:37,CUST_0164,ITEM_001,Eggs,3,9.0
T000109,2025-09-25,07:22:37,CUST_0164,ITEM_002,Bread,2,5.0
T000109,2025-09-25,07:22:37,CUST_0164,ITEM_003,Tomatoes,2,7.6
T000109,2025-09-25,07:22:37,CUST_0164,ITEM_004,Butter,1,4.5
T000109,2025-09-25,07:22:37,CUST_0164,ITEM_005,Chicken,3,25.5
T000110,2025-11-14,00:31:37,CUST_0042,ITEM_001,Onions,3,6.6
T000110,2025-11-14,00:31:37,CUST_0042,ITEM_002,Tomatoes,3,11.4
T000110,2025-11-14,00:31:37,CUST_0042,ITEM_003,Potatoes,2,4.0
T000111,2025-10-24,02:44:37,CUST_0325,ITEM_001,Onions,3,6.6
T000112,2025-10-19,08:33:37,CUST_0459,ITEM_001,Milk,3,9.6
T000112,2025-10-19,08:33:37,CUST_0459,ITEM_002,Bread,1,2.5
T000113,2025-11-08,02:47:37,CUST_0043,ITEM_001,Chicken,3,25.5
T000113,2025-11-08,02:47:37,CUST_0043,ITEM_002,Tomatoes,1,3.8
T000114,2025-10-13,06:19:37,CUST_0103,ITEM_001,Potatoes,1,2.0
T000114,2025-10-13,06:19:37,CUST_0103,ITEM_002,Onions,3,6.6
T000115,2025-09-26,00:46:37,CUST_0274,ITEM_001,Oranges,1,3.5
T000115,2025-09-26,00:46:37,CUST_0274,ITEM_002,Apples,3,12.6
T000115,2025-09-26,00:46:37,CUST_0274,ITEM_003,Bananas,1,2.8
T000115,2025-09-26,00:46:37,CUST_0274,ITEM_004,Butter,1,4.5
T000115,2025-09-26,00:46:37,CUST_0274,ITEM_005,Cheese,3,17.4
T000116,2025-11-01,22:40:37,CUST_0295,ITEM_001,Chicken,3,25.5
T000116,2025-11-01,22:40:37,CUST_0295,ITEM_002,Rice,3,12.0
T000116,2025-11-01,22:40:37,CUST_0295,ITEM_003,Onions,2,4.4
T000116,2025-11-01,22:40:37,CUST_0295,ITEM_004,Potatoes,1,2.0
T000116,2025-11-01,22:40:37,CUST_0295,ITEM_005,Beef,2,24.0
T000116,2025-11-01,22:40:37,CUST_0295,ITEM_006,Apples,1,4.2
T000116,2025-11-01,22:40:37,CUST_0295,ITEM_007,Bananas,3,8.4
T000116,2025-11-01,22:40:37,CUST_0295,ITEM_008,Tomatoes,1,3.8
T000117,2025-11-04,10:19:37,CUST_0052,ITEM_001,Potatoes,2,4.0
T000117,2025-11-04,10:19:37,CUST_0052,ITEM_002,Beef,3,36.0
T000117,2025-11-04,10:19:37,CUST_0052,ITEM_003,Onions,3,6.6
T000118,2025-10-02,08:38:37,CUST_0276,ITEM_001,Chicken,2,17.0
T000118,2025-10-02,08:38:37,CUST_0276,ITEM_002,Rice,1,4.0
T000119,2025-11-07,07:05:37,CUST_0016,ITEM_001,Apples,3,12.6
T000120,2025-11-02,07:56:37,CUST_0475,ITEM_001,Rice,3,12.0
T000120,2025-11-02,07:56:37,CUST_0475,ITEM_002,Chicken,2,17.0
T000120,2025-11-02,07:56:37,CUST_0475,ITEM_003,Tomatoes,2,7.6
T000120,2025-11-02,07:56:37,CUST_0475,ITEM_004,Oranges,1,3.5
T000121,2025-10-22,02:16:37,CUST_0292,ITEM_001,Potatoes,3,6.0
T000121,2025-10-22,02:16:37,CUST_0292,ITEM_002,Onions,1,2.2
T000121,2025-10-22,02:16:37,CUST_0292,ITEM_003,Eggs,3,9.0
T000121,2025-10-22,02:16:37,CUST_0292,ITEM_004,Pasta,3,10.5
T000121,2025-10-22,02:16:37,CUST_0292,ITEM_005,Tomatoes,2,7.6
T000122,2025-10-23,06:57:37,CUST_0013,ITEM_001,Chicken,1,8.5
T000122,2025-10-23,06:57:37,CUST_0013,ITEM_002,Rice,2,8.0
T000123,2025-10-17,03:36:37,CUST_0162,ITEM_001,Cheese,3,17.4
T000123,2025-10-17,03:36:37,CUST_0162,ITEM_002,Milk,3,9.6
T000123,2025-10-17,03:36:37,CUST_0162,ITEM_003,Butter,2,9.0
T000123,2025-10-17,03:36:37,CUST_0162,ITEM_004,Bananas,3,8.4
T000123,2025-10-17,03:36:37,CUST_0162,ITEM_005,Eggs,1,3.0
T000124,2025-10-05,03:07:37,CUST_0351,ITEM_001,Tomatoes,2,7.6
T000124,2025-10-05,03:07:37,CUST_0351,ITEM_002,Chicken,3,25.5
T000124,2025-10-05,03:07:37,CUST_0351,ITEM_003,Bread,3,7.5
T000124,2025-10-05,03:07:37,CUST_0351,ITEM_004,Pasta,2,7.0
T000125,2025-10-24,07:13:37,CUST_0117,ITEM_001,Eggs,3,9.0
T000125,2025-10-24,07:13:37,CUST_0117,ITEM_002,Milk,2,6.4
T000125,2025-10-24,07:13:37,CUST_0117,ITEM_003,Bread,2,5.0
T000125,2025-10-24,07:13:37,CUST_0117,ITEM_004,Butter,1,4.5
T000125,2025-10-24,07:13:37,CUST_0117,ITEM_005,Cheese,2,11.6
T000126,2025-09-26,22:50:37,CUST_0438,ITEM_001,Bananas,2,5.6
T000126,2025-09-26,22:50:37,CUST_0438,ITEM_002,Potatoes,1,2.0
T000126,2025-09-26,22:50:37,CUST_0438,ITEM_003,Apples,2,8.4
T000126,2025-09-26,22:50:37,CUST_0438,ITEM_004,Pasta,1,3.5
T000126,2025-09-26,22:50:37,CUST_0438,ITEM_005,Butter,1,4.5
T000127,2025-10-14,07:31:37,CUST_0146,ITEM_001,Onions,1,2.2
T000127,2025-10-14,07:31:37,CUST_0146,ITEM_002,Tomatoes,3,11.4
T000128,2025-10-12,11:06:37,CUST_0244,ITEM_001,Pasta,3,10.5
T000128,2025-10-12,11:06:37,CUST_0244,ITEM_002,Tomatoes,1,3.8
T000129,2025-10-29,09:09:37,CUST_0359,ITEM_001,Bread,1,2.5
T000130,2025-09-22,09:59:37,CUST_0106,ITEM_001,Beef,2,24.0
T000130,2025-09-22,09:59:37,CUST_0106,ITEM_002,Potatoes,3,6.0
T000130,2025-09-22,09:59:37,CUST_0106,ITEM_003,Onions,1,2.2
T000130,2025-09-22,09:59:37,CUST_0106,ITEM_004,Eggs,3,9.0
T000130,2025-09-22,09:59:37,CUST_0106,ITEM_005,Milk,1,3.2
T000130,2025-09-22,09:59:37,CUST_0106,ITEM_006,Bread,1,2.5
T000130,2025-09-22,09:59:37,CUST_0106,ITEM_007,Apples,2,8.4
T000131,2025-11-08,01:03:37,CUST_0393,ITEM_001,Onions,2,4.4
T000132,2025-11-07,03:22:37,CUST_0310,ITEM_001,Chicken,1,8.5
T000132,2025-11-07,03:22:37,CUST_0310,ITEM_002,Rice,1,4.0
T000133,2025-10-16,04:24:37,CUST_0146,ITEM_001,Potatoes,3,6.0
T000133,2025-10-16,04:24:37,CUST_0146,ITEM_002,Bananas,3,8.4
T000133,2025-10-16,04:24:37,CUST_0146,ITEM_003,Milk,1,3.2
T000133,2025-10-16,04:24:37,CUST_0146,ITEM_004,Apples,2,8.4
T000134,2025-11-06,03:56:37,CUST_0051,ITEM_001,Chicken,2,17.0
T000134,2025-11-06,03:56:37,CUST_0051,ITEM_002,Tomatoes,1,3.8
T000134,2025-11-06,03:56:37,CUST_0051,ITEM_003,Rice,1,4.0
T000134,2025-11-06,03:56:37,CUST_0051,ITEM_004,Onions,2,4.4
T000134,2025-11-06,03:56:37,CUST_0051,ITEM_005,Potatoes,2,4.0
T000135,2025-10-18,10:43:37,CUST_0474,ITEM_001,Butter,2,9.0
T000135,2025-10-18,10:43:37,CUST_0474,ITEM_002,Pasta,1,3.5
T000135,2025-10-18,10:43:37,CUST_0474,ITEM_003,Tomatoes,3,11.4
T000136,2025-11-01,08:03:37,CUST_0232,ITEM_001,Cheese,3,17.4
T000136,2025-11-01,08:03:37,CUST_0232,ITEM_002,Eggs,2,6.0
T000136,2025-11-01,08:03:37,CUST_0232,ITEM_003,Butter,1,4.5
T000136,2025-11-01,08:03:37,CUST_0232,ITEM_004,Bread,3,7.5
T000136,2025-11-01,08:03:37,CUST_0232,ITEM_005,Milk,3,9.6
T000137,2025-11-09,10:49:37,CUST_0201,ITEM_001,Pasta,3,10.5
T000137,2025-11-09,10:49:37,CUST_0201,ITEM_002,Tomatoes,2,7.6
T000137,2025-11-09,10:49:37,CUST_0201,ITEM_003,Apples,2,8.4
T000138,2025-09-16,04:32:37,CUST_0377,ITEM_001,Apples,2,8.4
T000138,2025-09-16,04:32:37,CUST_0377,ITEM_002,Bananas,1,2.8
T000138,2025-09-16,04:32:37,CUST_0377,ITEM_003,Milk,1,3.2
T000138,2025-09-16,04:32:37,CUST_0377,ITEM_004,Bread,3,7.5
T000138,2025-09-16,04:32:37,CUST_0377,ITEM_005,Eggs,2,6.0
T000138,2025-09-16,04:32:37,CUST_0377,ITEM_006,Cheese,1,5.8
T000138,2025-09-16,04:32:37,CUST_0377,ITEM_007,Chicken,2,17.0
T000139,2025-10-07,00:59:37,CUST_0434,ITEM_001,Bananas,1,2.8
T000139,2025-10-07,00:59:37,CUST_0434,ITEM_002,Milk,3,9.6
T000139,2025-10-07,00:59:37,CUST_0434,ITEM_003,Potatoes,1,2.0
T000140,2025-11-03,04:58:37,CUST_0008,ITEM_001,Beef,1,12.0
T000140,2025-11-03,04:58:37,CUST_0008,ITEM_002,Potatoes,3,6.0
T000141,2025-10-22,10:38:37,CUST_0238,ITEM_001,Milk,3,9.6
T000141,2025-10-22,10:38:37,CUST_0238,ITEM_002,Rice,1,4.0
T000141,2025-10-22,10:38:37,CUST_0238,ITEM_003,Tomatoes,3,11.4
T000141,2025-10-22,10:38:37,CUST_0238,ITEM_004,Bananas,1,2.8
T000142,2025-10-31,03:46:37,CUST_0451,ITEM_001,Pasta,2,7.0
T000142,2025-10-31,03:46:37,CUST_0451,ITEM_002,Tomatoes,3,11.4
T000142,2025-10-31,03:46:37,CUST_0451,ITEM_003,Chicken,3,25.5
T000142,2025-10-31,03:46:37,CUST_0451,ITEM_004,Rice,2,8.0
T000142,2025-10-31,03:46:37,CUST_0451,ITEM_005,Beef,3,36.0
T000143,2025-11-01,05:44:37,CUST_0367,ITEM_001,Bread,2,5.0
T000143,2025-11-01,05:44:37,CUST_0367,ITEM_002,Eggs,3,9.0
T000144,2025-11-13,09:46:37,CUST_0214,ITEM_001,Tomatoes,2,7.6
T000144,2025-11-13,09:46:37,CUST_0214,ITEM_002,Pasta,1,3.5
T000145,2025-11-10,08:01:37,CUST_0433,ITEM_001,Milk,1,3.2
T000145,2025-11-10,08:01:37,CUST_0433,ITEM_002,Bananas,2,5.6
T000145,2025-11-10,08:01:37,CUST_0433,ITEM_003,Cheese,2,11.6
T000145,2025-11-10,08:01:37,CUST_0433,ITEM_004,Eggs,3,9.0
T000145,2025-11-10,08:01:37,CUST_0433,ITEM_005,Butter,2,9.0
T000146,2025-09-27,22:47:37,CUST_0337,ITEM_001,Apples,2,8.4
T000146,2025-09-27,22:47:37,CUST_0337,ITEM_002,Butter,3,13.5
T000146,2025-09-27,22:47:37,CUST_0337,ITEM_003,Onions,3,6.6
T000146,2025-09-27,22:47:37,CUST_0337,ITEM_004,Cheese,3,17.4
T000146,2025-09-27,22:47:37,CUST_0337,ITEM_005,Milk,2,6.4
T000147,2025-11-01,02:59:37,CUST_0060,ITEM_001,Cheese,2,11.6
T000148,2025-10-17,22:52:37,CUST_0472,ITEM_001,Beef,3,36.0
T000148,2025-10-17,22:52:37,CUST_0472,ITEM_002,Oranges,2,7.0
T000148,2025-10-17,22:52:37,CUST_0472,ITEM_003,Potatoes,2,4.0
T000148,2025-10-17,22:52:37,CUST_0472,ITEM_004,Butter,2,9.0
T000148,2025-10-17,22:52:37,CUST_0472,ITEM_005,Bread,3,7.5
T000149,2025-10-16,22:32:37,CUST_0246,ITEM_001,Onions,3,6.6
T000149,2025-10-16,22:32:37,CUST_0246,ITEM_002,Apples,2,8.4
T000149,2025-10-16,22:32:37,CUST_0246,ITEM_003,Eggs,3,9.0
T000149,2025-10-16,22:32:37,CUST_0246,ITEM_004,Potatoes,3,6.0
T000149,2025-10-16,22:32:37,CUST_0246,ITEM_005,Chicken,1,8.5
T000149,2025-10-16,22:32:37,CUST_0246,ITEM_006,Bananas,3,8.4
T000150,2025-10-27,11:18:37,CUST_0266,ITEM_001,Oranges,1,3.5
T000150,2025-10-27,11:18:37,CUST_0266,ITEM_002,Rice,3,12.0
T000151,2025-10-01,06:14:37,CUST_0268,ITEM_001,Bread,2,5.0
T000151,2025-10-01,06:14:37,CUST_0268,ITEM_002,Eggs,3,9.0
T000151,2025-10-01,06:14:37,CUST_0268,ITEM_003,Milk,1,3.2
T000151,2025-10-01,06:14:37,CUST_0268,ITEM_004,Oranges,2,7.0
T000151,2025-10-01,06:14:37,CUST_0268,ITEM_005,Potatoes,1,2.0
T000151,2025-10-01,06:14:37,CUST_0268,ITEM_006,Apples,1,4.2
T000151,2025-10-01,06:14:37,CUST_0268,ITEM_007,Cheese,3,17.4
T000152,2025-10-16,07:25:37,CUST_0353,ITEM_001,Beef,3,36.0
T000152,2025-10-16,07:25:37,CUST_0353,ITEM_002,Potatoes,3,6.0
T000153,2025-09-18,10:17:37,CUST_0173,ITEM_001,Cheese,3,17.4
T000154,2025-10-28,01:40:37,CUST_0185,ITEM_001,Eggs,2,6.0
T000155,2025-10-05,11:18:37,CUST_0150,ITEM_001,Milk,2,6.4
T000155,2025-10-05,11:18:37,CUST_0150,ITEM_002,Bananas,3,8.4
T000156,2025-10-27,07:11:37,CUST_0293,ITEM_001,Apples,2,8.4
T000156,2025-10-27,07:11:37,CUST_0293,ITEM_002,Bananas,2,5.6
T000156,2025-10-27,07:11:37,CUST_0293,ITEM_003,Chicken,1,8.5
T000157,2025-10-16,09:05:37,CUST_0364,ITEM_001,Potatoes,2,4.0
T000157,2025-10-16,09:05:37,CUST_0364,ITEM_002,Onions,2,4.4
T000158,2025-10-06,08:37:37,CUST_0270,ITEM_001,Potatoes,3,6.0
T000158,2025-10-06,08:37:37,CUST_0270,ITEM_002,Beef,1,12.0
T000158,2025-10-06,08:37:37,CUST_0270,ITEM_003,Rice,2,8.0
T000159,2025-10-29,06:23:37,CUST_0426,ITEM_001,Chicken,1,8.5
T000159,2025-10-29,06:23:37,CUST_0426,ITEM_002,Rice,2,8.0
T000160,2025-09-19,08:22:37,CUST_0240,ITEM_001,Tomatoes,1,3.8
T000161,2025-11-13,03:12:37,CUST_0288,ITEM_001,Rice,1,4.0
T000161,2025-11-13,03:12:37,CUST_0288,ITEM_002,Potatoes,3,6.0
T000161,2025-11-13,03:12:37,CUST_0288,ITEM_003,Chicken,1,8.5
T000162,2025-10-28,08:22:37,CUST_0492,ITEM_001,Butter,1,4.5
T000163,2025-11-01,02:45:37,CUST_0288,ITEM_001,Oranges,1,3.5
T000163,2025-11-01,02:45:37,CUST_0288,ITEM_002,Cheese,3,17.4
T000163,2025-11-01,02:45:37,CUST_0288,ITEM_003,Apples,1,4.2
T000163,2025-11-01,02:45:37,CUST_0288,ITEM_004,Chicken,1,8.5
T000163,2025-11-01,02:45:37,CUST_0288,ITEM_005,Eggs,2,6.0
T000163,2025-11-01,02:45:37,CUST_0288,ITEM_006,Bread,3,7.5
T000163,2025-11-01,02:45:37,CUST_0288,ITEM_007,Milk,1,3.2
T000164,2025-10-11,22:53:37,CUST_0418,ITEM_001,Butter,1,4.5
T000164,2025-10-11,22:53:37,CUST_0418,ITEM_002,Bread,2,5.0
T000165,2025-09-16,04:49:37,CUST_0468,ITEM_001,Chicken,1,8.5
T000165,2025-09-16,04:49:37,CUST_0468,ITEM_002,Beef,3,36.0
T000166,2025-10-22,08:32:37,CUST_0257,ITEM_001,Oranges,1,3.5
T000166,2025-10-22,08:32:37,CUST_0257,ITEM_002,Potatoes,2,4.0
T000166,2025-10-22,08:32:37,CUST_0257,ITEM_003,Onions,3,6.6
T000166,2025-10-22,08:32:37,CUST_0257,ITEM_004,Chicken,2,17.0
T000166,2025-10-22,08:32:37,CUST_0257,ITEM_005,Milk,2,6.4
T000167,2025-10-01,11:27:37,CUST_0259,ITEM_001,Chicken,1,8.5
T000167,2025-10-01,11:27:37,CUST_0259,ITEM_002,Rice,3,12.0
T000167,2025-10-01,11:27:37,CUST_0259,ITEM_003,Tomatoes,3,11.4
T000167,2025-10-01,11:27:37,CUST_0259,ITEM_004,Onions,1,2.2
T000167,2025-10-01,11:27:37,CUST_0259,ITEM_005,Bananas,1,2.8
T000167,2025-10-01,11:27:37,CUST_0259,ITEM_006,Apples,1,4.2
T000167,2025-10-01,11:27:37,CUST_0259,ITEM_007,Beef,3,36.0
T000168,2025-09-24,06:43:37,CUST_0345,ITEM_001,Potatoes,1,2.0
T000169,2025-09-19,01:56:37,CUST_0120,ITEM_001,Chicken,1,8.5
T000170,2025-10-01,05:05:37,CUST_0406,ITEM_001,Chicken,1,8.5
T000170,2025-10-01,05:05:37,CUST_0406,ITEM_002,Pasta,1,3.5
T000170,2025-10-01,05:05:37,CUST_0406,ITEM_003,Rice,1,4.0
T000170,2025-10-01,05:05:37,CUST_0406,ITEM_004,Tomatoes,3,11.4
T000170,2025-10-01,05:05:37,CUST_0406,ITEM_005,Onions,2,4.4
T000170,2025-10-01,05:05:37,CUST_0406,ITEM_006,Butter,1,4.5
T000171,2025-10-01,09:56:37,CUST_0017,ITEM_001,Cheese,2,11.6
T000171,2025-10-01,09:56:37,CUST_0017,ITEM_002,Butter,2,9.0
T000171,2025-10-01,09:56:37,CUST_0017,ITEM_003,Milk,2,6.4
T000171,2025-10-01,09:56:37,CUST_0017,ITEM_004,Eggs,2,6.0
T000171,2025-10-01,09:56:37,CUST_0017,ITEM_005,Bread,2,5.0
T000172,2025-10-17,23:48:37,CUST_0269,ITEM_001,Onions,1,2.2
T000173,2025-09-19,23:16:37,CUST_0131,ITEM_001,Apples,3,12.6
T000173,2025-09-19,23:16:37,CUST_0131,ITEM_002,Bananas,2,5.6
T000173,2025-09-19,23:16:37,CUST_0131,ITEM_003,Milk,1,3.2
T000173,2025-09-19,23:16:37,CUST_0131,ITEM_004,Eggs,3,9.0
T000173,2025-09-19,23:16:37,CUST_0131,ITEM_005,Bread,3,7.5
T000173,2025-09-19,23:16:37,CUST_0131,ITEM_006,Cheese,2,11.6
T000173,2025-09-19,23:16:37,CUST_0131,ITEM_007,Potatoes,3,6.0
T000173,2025-09-19,23:16:37,CUST_0131,ITEM_008,Pasta,2,7.0
T000174,2025-10-30,09:53:37,CUST_0327,ITEM_001,Beef,3,36.0
T000175,2025-10-01,05:40:37,CUST_0215,ITEM_001,Butter,1,4.5
T000175,2025-10-01,05:40:37,CUST_0215,ITEM_002,Cheese,2,11.6
T000175,2025-10-01,05:40:37,CUST_0215,ITEM_003,Milk,2,6.4
T000176,2025-10-18,03:08:37,CUST_0136,ITEM_001,Cheese,3,17.4
T000176,2025-10-18,03:08:37,CUST_0136,ITEM_002,Butter,3,13.5
T000176,2025-10-18,03:08:37,CUST_0136,ITEM_003,Pasta,3,10.5
T000177,2025-11-04,04:52:37,CUST_0080,ITEM_001,Milk,2,6.4
T000177,2025-11-04,04:52:37,CUST_0080,ITEM_002,Eggs,3,9.0
T000178,2025-11-09,03:38:37,CUST_0442,ITEM_001,Eggs,1,3.0
T000178,2025-11-09,03:38:37,CUST_0442,ITEM_002,Bread,3,7.5
T000178,2025-11-09,03:38:37,CUST_0442,ITEM_003,Milk,3,9.6
T000178,2025-11-09,03:38:37,CUST_0442,ITEM_004,Butter,1,4.5
T000179,2025-10-29,01:40:37,CUST_0336,ITEM_001,Eggs,1,3.0
T000180,2025-10-23,22:34:37,CUST_0045,ITEM_001,Onions,3,6.6
T000180,2025-10-23,22:34:37,CUST_0045,ITEM_002,Potatoes,2,4.0
T000180,2025-10-23,22:34:37,CUST_0045,ITEM_003,Chicken,2,17.0
T000181,2025-10-30,01:00:37,CUST_0202,ITEM_001,Tomatoes,3,11.4
T000181,2025-10-30,01:00:37,CUST_0202,ITEM_002,Cheese,1,5.8
T000181,2025-10-30,01:00:37,CUST_0202,ITEM_003,Beef,2,24.0
T000181,2025-10-30,01:00:37,CUST_0202,ITEM_004,Chicken,2,17.0
T000182,2025-09-17,22:32:37,CUST_0409,ITEM_001,Bread,1,2.5
T000182,2025-09-17,22:32:37,CUST_0409,ITEM_002,Butter,2,9.0
T000182,2025-09-17,22:32:37,CUST_0409,ITEM_003,Eggs,3,9.0
T000183,2025-09-21,10:47:37,CUST_0165,ITEM_001,Bread,1,2.5
T000183,2025-09-21,10:47:37,CUST_0165,ITEM_002,Milk,2,6.4
T000183,2025-09-21,10:47:37,CUST_0165,ITEM_003,Butter,3,13.5
T000183,2025-09-21,10:47:37,CUST_0165,ITEM_004,Rice,3,12.0
T000183,2025-09-21,10:47:37,CUST_0165,ITEM_005,Onions,3,6.6
T000184,2025-10-17,22:36:37,CUST_0487,ITEM_001,Onions,3,6.6
T000184,2025-10-17,22:36:37,CUST_0487,ITEM_002,Potatoes,2,4.0
T000184,2025-10-17,22:36:37,CUST_0487,ITEM_003,Beef,2,24.0
T000184,2025-10-17,22:36:37,CUST_0487,ITEM_004,Tomatoes,2,7.6
T000184,2025-10-17,22:36:37,CUST_0487,ITEM_005,Oranges,3,10.5
T000184,2025-10-17,22:36:37,CUST_0487,ITEM_006,Chicken,1,8.5
T000185,2025-10-12,01:31:37,CUST_0095,ITEM_001,Cheese,3,17.4
T000185,2025-10-12,01:31:37,CUST_0095,ITEM_002,Butter,3,13.5
T000185,2025-10-12,01:31:37,CUST_0095,ITEM_003,Milk,2,6.4
T000185,2025-10-12,01:31:37,CUST_0095,ITEM_004,Bread,1,2.5
T000186,2025-10-02,22:42:37,CUST_0125,ITEM_001,Bread,2,5.0
T000187,2025-10-28,09:00:37,CUST_0448,ITEM_001,Cheese,1,5.8
T000187,2025-10-28,09:00:37,CUST_0448,ITEM_002,Tomatoes,3,11.4
T000187,2025-10-28,09:00:37,CUST_0448,ITEM_003,Pasta,2,7.0
T000188,2025-10-22,06:50:37,CUST_0331,ITEM_001,Pasta,2,7.0
T000188,2025-10-22,06:50:37,CUST_0331,ITEM_002,Tomatoes,2,7.6
T000188,2025-10-22,06:50:37,CUST_0331,ITEM_003,Chicken,2,17.0
T000189,2025-11-12,04:43:37,CUST_0329,ITEM_001,Oranges,1,3.5
T000189,2025-11-12,04:43:37,CUST_0329,ITEM_002,Bananas,2,5.6
T000190,2025-09-18,05:07:37,CUST_0059,ITEM_001,Potatoes,3,6.0
T000190,2025-09-18,05:07:37,CUST_0059,ITEM_002,Onions,3,6.6
T000190,2025-09-18,05:07:37,CUST_0059,ITEM_003,Beef,2,24.0
T000190,2025-09-18,05:07:37,CUST_0059,ITEM_004,Tomatoes,1,3.8
T000191,2025-09-16,02:41:37,CUST_0121,ITEM_001,Butter,1,4.5
T000191,2025-09-16,02:41:37,CUST_0121,ITEM_002,Bread,1,2.5
T000192,2025-11-05,04:08:37,CUST_0371,ITEM_001,Butter,1,4.5
T000193,2025-11-07,08:45:37,CUST_0387,ITEM_001,Bananas,2,5.6
T000193,2025-11-07,08:45:37,CUST_0387,ITEM_002,Milk,3,9.6
T000193,2025-11-07,08:45:37,CUST_0387,ITEM_003,Cheese,1,5.8
T000193,2025-11-07,08:45:37,CUST_0387,ITEM_004,Apples,2,8.4
T000193,2025-11-07,08:45:37,CUST_0387,ITEM_005,Tomatoes,3,11.4
T000193,2025-11-07,08:45:37,CUST_0387,ITEM_006,Pasta,1,3.5
T000194,2025-10-30,23:25:37,CUST_0057,ITEM_001,Beef,3,36.0
T000194,2025-10-30,23:25:37,CUST_0057,ITEM_002,Potatoes,3,6.0
T000194,2025-10-30,23:25:37,CUST_0057,ITEM_003,Onions,2,4.4
T000194,2025-10-30,23:25:37,CUST_0057,ITEM_004,Tomatoes,3,11.4
T000195,2025-10-22,09:59:37,CUST_0484,ITEM_001,Onions,2,4.4
T000195,2025-10-22,09:59:37,CUST_0484,ITEM_002,Oranges,1,3.5
T000196,2025-10-13,07:51:37,CUST_0469,ITEM_001,Eggs,3,9.0
T000196,2025-10-13,07:51:37,CUST_0469,ITEM_002,Milk,2,6.4
T000196,2025-10-13,07:51:37,CUST_0469,ITEM_003,Chicken,2,17.0
T000196,2025-10-13,07:51:37,CUST_0469,ITEM_004,Bread,1,2.5
T000196,2025-10-13,07:51:37,CUST_0469,ITEM_005,Onions,2,4.4
T000196,2025-10-13,07:51:37,CUST_0469,ITEM_006,Cheese,3,17.4
T000196,2025-10-13,07:51:37,CUST_0469,ITEM_007,Beef,2,24.0
T000196,2025-10-13,07:51:37,CUST_0469,ITEM_008,Butter,1,4.5
T000197,2025-09-25,01:10:37,CUST_0478,ITEM_001,Bread,3,7.5
T000197,2025-09-25,01:10:37,CUST_0478,ITEM_002,Eggs,3,9.0
T000198,2025-09-21,08:17:37,CUST_0469,ITEM_001,Oranges,2,7.0
T000198,2025-09-21,08:17:37,CUST_0469,ITEM_002,Bananas,2,5.6
T000198,2025-09-21,08:17:37,CUST_0469,ITEM_003,Milk,1,3.2
T000199,2025-09-27,05:56:37,CUST_0499,ITEM_001,Bananas,2,5.6
T000199,2025-09-27,05:56:37,CUST_0499,ITEM_002,Apples,2,8.4
T000199,2025-09-27,05:56:37,CUST_0499,ITEM_003,Milk,1,3.2
T000200,2025-11-01,00:29:37,CUST_0278,ITEM_001,Bananas,3,8.4
T000201,2025-09-28,10:21:37,CUST_0058,ITEM_001,Cheese,2,11.6
T000201,2025-09-28,10:21:37,CUST_0058,ITEM_002,Milk,3,9.6
T000202,2025-09-26,09:56:37,CUST_0020,ITEM_001,Onions,3,6.6
T000203,2025-11-03,04:39:37,CUST_0477,ITEM_001,Butter,1,4.5
T000203,2025-11-03,04:39:37,CUST_0477,ITEM_002,Chicken,2,17.0
T000203,2025-11-03,04:39:37,CUST_0477,ITEM_003,Milk,2,6.4
T000204,2025-10-03,07:27:37,CUST_0139,ITEM_001,Cheese,1,5.8
T000204,2025-10-03,07:27:37,CUST_0139,ITEM_002,Milk,3,9.6
T000205,2025-10-09,10:04:37,CUST_0037,ITEM_001,Bread,2,5.0
T000206,2025-09-19,23:53:37,CUST_0210,ITEM_001,Pasta,2,7.0
T000206,2025-09-19,23:53:37,CUST_0210,ITEM_002,Tomatoes,2,7.6
T000206,2025-09-19,23:53:37,CUST_0210,ITEM_003,Chicken,1,8.5
T000207,2025-10-05,11:00:37,CUST_0198,ITEM_001,Rice,2,8.0
T000208,2025-09-25,06:34:37,CUST_0471,ITEM_001,Bananas,1,2.8
T000208,2025-09-25,06:34:37,CUST_0471,ITEM_002,Chicken,1,8.5
T000208,2025-09-25,06:34:37,CUST_0471,ITEM_003,Rice,1,4.0
T000208,2025-09-25,06:34:37,CUST_0471,ITEM_004,Apples,1,4.2
T000208,2025-09-25,06:34:37,CUST_0471,ITEM_005,Milk,1,3.2
T000208,2025-09-25,06:34:37,CUST_0471,ITEM_006,Bread,2,5.0
T000209,2025-11-08,00:42:37,CUST_0177,ITEM_001,Beef,3,36.0
T000209,2025-11-08,00:42:37,CUST_0177,ITEM_002,Potatoes,3,6.0
T000210,2025-09-16,09:13:37,CUST_0413,ITEM_001,Milk,3,9.6
T000210,2025-09-16,09:13:37,CUST_0413,ITEM_002,Bananas,3,8.4
T000210,2025-09-16,09:13:37,CUST_0413,ITEM_003,Bread,1,2.5
T000211,2025-11-01,05:17:37,CUST_0275,ITEM_001,Rice,1,4.0
T000212,2025-10-13,10:21:37,CUST_0023,ITEM_001,Apples,2,8.4
T000212,2025-10-13,10:21:37,CUST_0023,ITEM_002,Bananas,3,8.4
T000213,2025-10-01,09:23:37,CUST_0341,ITEM_001,Bread,3,7.5
T000213,2025-10-01,09:23:37,CUST_0341,ITEM_002,Milk,3,9.6
T000213,2025-10-01,09:23:37,CUST_0341,ITEM_003,Bananas,2,5.6
T000214,2025-09-20,05:54:37,CUST_0347,ITEM_001,Apples,1,4.2
T000215,2025-10-31,08:16:37,CUST_0479,ITEM_001,Oranges,3,10.5
T000215,2025-10-31,08:16:37,CUST_0479,ITEM_002,Apples,2,8.4
T000216,2025-10-09,10:54:37,CUST_0466,ITEM_001,Tomatoes,2,7.6
T000216,2025-10-09,10:54:37,CUST_0466,ITEM_002,Butter,1,4.5
T000216,2025-10-09,10:54:37,CUST_0466,ITEM_003,Cheese,2,11.6
T000217,2025-10-19,07:30:37,CUST_0277,ITEM_001,Beef,1,12.0
T000217,2025-10-19,07:30:37,CUST_0277,ITEM_002,Butter,1,4.5
T000218,2025-10-25,23:26:37,CUST_0249,ITEM_001,Tomatoes,2,7.6
T000218,2025-10-25,23:26:37,CUST_0249,ITEM_002,Chicken,1,8.5
T000219,2025-09-30,07:58:37,CUST_0305,ITEM_001,Bread,3,7.5
T000219,2025-09-30,07:58:37,CUST_0305,ITEM_002,Apples,3,12.6
T000219,2025-09-30,07:58:37,CUST_0305,ITEM_003,Butter,1,4.5
T000219,2025-09-30,07:58:37,CUST_0305,ITEM_004,Cheese,2,11.6
T000220,2025-11-08,07:13:37,CUST_0085,ITEM_001,Milk,3,9.6
T000220,2025-11-08,07:13:37,CUST_0085,ITEM_002,Butter,1,4.5
T000221,2025-11-07,11:20:37,CUST_0225,ITEM_001,Chicken,2,17.0
T000221,2025-11-07,11:20:37,CUST_0225,ITEM_002,Cheese,1,5.8
T000221,2025-11-07,11:20:37,CUST_0225,ITEM_003,Rice,1,4.0
T000222,2025-10-13,23:02:37,CUST_0027,ITEM_001,Rice,2,8.0
T000223,2025-10-22,22:45:37,CUST_0100,ITEM_001,Chicken,1,8.5
T000223,2025-10-22,22:45:37,CUST_0100,ITEM_002,Rice,1,4.0
T000224,2025-10-30,10:51:37,CUST_0415,ITEM_001,Milk,1,3.2
T000224,2025-10-30,10:51:37,CUST_0415,ITEM_002,Bread,2,5.0
T000225,2025-10-03,02:26:37,CUST_0207,ITEM_001,Cheese,2,11.6
T000225,2025-10-03,02:26:37,CUST_0207,ITEM_002,Bread,1,2.5
T000225,2025-10-03,02:26:37,CUST_0207,ITEM_003,Milk,1,3.2
T000225,2025-10-03,02:26:37,CUST_0207,ITEM_004,Chicken,2,17.0
T000226,2025-10-17,09:44:37,CUST_0112,ITEM_001,Potatoes,3,6.0
T000226,2025-10-17,09:44:37,CUST_0112,ITEM_002,Beef,3,36.0
T000226,2025-10-17,09:44:37,CUST_0112,ITEM_003,Onions,1,2.2
T000226,2025-10-17,09:44:37,CUST_0112,ITEM_004,Tomatoes,2,7.6
T000227,2025-10-25,07:22:37,CUST_0351,ITEM_001,Butter,3,13.5
T000227,2025-10-25,07:22:37,CUST_0351,ITEM_002,Apples,2,8.4
T000228,2025-11-06,23:32:37,CUST_0263,ITEM_001,Milk,3,9.6
T000228,2025-11-06,23:32:37,CUST_0263,ITEM_002,Eggs,2,6.0
T000228,2025-11-06,23:32:37,CUST_0263,ITEM_003,Bananas,2,5.6
T000229,2025-10-08,01:03:37,CUST_0102,ITEM_001,Apples,2,8.4
T000229,2025-10-08,01:03:37,CUST_0102,ITEM_002,Beef,3,36.0
T000230,2025-11-05,01:41:37,CUST_0029,ITEM_001,Apples,3,12.6
T000230,2025-11-05,01:41:37,CUST_0029,ITEM_002,Bananas,2,5.6
T000231,2025-10-04,04:49:37,CUST_0459,ITEM_001,Bananas,1,2.8
T000231,2025-10-04,04:49:37,CUST_0459,ITEM_002,Oranges,2,7.0
T000231,2025-10-04,04:49:37,CUST_0459,ITEM_003,Apples,3,12.6
T000232,2025-10-24,05:28:37,CUST_0084,ITEM_001,Eggs,1,3.0
T000232,2025-10-24,05:28:37,CUST_0084,ITEM_002,Oranges,1,3.5
T000232,2025-10-24,05:28:37,CUST_0084,ITEM_003,Bread,1,2.5
T000232,2025-10-24,05:28:37,CUST_0084,ITEM_004,Milk,2,6.4
T000232,2025-10-24,05:28:37,CUST_0084,ITEM_005,Onions,1,2.2
T000233,2025-10-02,10:52:37,CUST_0101,ITEM_001,Potatoes,3,6.0
T000233,2025-10-02,10:52:37,CUST_0101,ITEM_002,Beef,2,24.0
T000233,2025-10-02,10:52:37,CUST_0101,ITEM_003,Onions,3,6.6
T000233,2025-10-02,10:52:37,CUST_0101,ITEM_004,Oranges,3,10.5
T000233,2025-10-02,10:52:37,CUST_0101,ITEM_005,Apples,2,8.4
T000234,2025-11-01,06:17:37,CUST_0487,ITEM_001,Potatoes,3,6.0
T000234,2025-11-01,06:17:37,CUST_0487,ITEM_002,Beef,2,24.0
T000234,2025-11-01,06:17:37,CUST_0487,ITEM_003,Onions,3,6.6
T000235,2025-10-05,03:54:37,CUST_0448,ITEM_001,Milk,2,6.4
T000235,2025-10-05,03:54:37,CUST_0448,ITEM_002,Bananas,1,2.8
T000235,2025-10-05,03:54:37,CUST_0448,ITEM_003,Eggs,3,9.0
T000235,2025-10-05,03:54:37,CUST_0448,ITEM_004,Bread,2,5.0
T000236,2025-10-08,11:05:37,CUST_0492,ITEM_001,Oranges,1,3.5
T000236,2025-10-08,11:05:37,CUST_0492,ITEM_002,Beef,1,12.0
T000237,2025-10-10,08:10:37,CUST_0142,ITEM_001,Oranges,3,10.5
T000237,2025-10-10,08:10:37,CUST_0142,ITEM_002,Eggs,2,6.0
T000238,2025-10-06,02:43:37,CUST_0464,ITEM_001,Milk,1,3.2
T000238,2025-10-06,02:43:37,CUST_0464,ITEM_002,Tomatoes,2,7.6
T000238,2025-10-06,02:43:37,CUST_0464,ITEM_003,Butter,1,4.5
T000238,2025-10-06,02:43:37,CUST_0464,ITEM_004,Onions,3,6.6
T000238,2025-10-06,02:43:37,CUST_0464,ITEM_005,Bananas,2,5.6
T000238,2025-10-06,02:43:37,CUST_0464,ITEM_006,Eggs,1,3.0
T000238,2025-10-06,02:43:37,CUST_0464,ITEM_007,Bread,1,2.5
T000239,2025-10-14,05:55:37,CUST_0121,ITEM_001,Potatoes,3,6.0
T000240,2025-09-20,07:44:37,CUST_0014,ITEM_001,Beef,3,36.0
T000240,2025-09-20,07:44:37,CUST_0014,ITEM_002,Potatoes,3,6.0
T000240,2025-09-20,07:44:37,CUST_0014,ITEM_003,Butter,3,13.5
T000241,2025-09-23,07:40:37,CUST_0494,ITEM_001,Beef,1,12.0
T000241,2025-09-23,07:40:37,CUST_0494,ITEM_002,Milk,2,6.4
T000242,2025-09-20,04:57:37,CUST_0494,ITEM_001,Eggs,1,3.0
T000242,2025-09-20,04:57:37,CUST_0494,ITEM_002,Cheese,2,11.6
T000243,2025-11-13,02:42:37,CUST_0122,ITEM_001,Oranges,1,3.5
T000243,2025-11-13,02:42:37,CUST_0122,ITEM_002,Eggs,1,3.0
T000243,2025-11-13,02:42:37,CUST_0122,ITEM_003,Milk,3,9.6
T000244,2025-10-29,05:46:37,CUST_0381,ITEM_001,Onions,2,4.4
T000244,2025-10-29,05:46:37,CUST_0381,ITEM_002,Cheese,1,5.8
T000244,2025-10-29,05:46:37,CUST_0381,ITEM_003,Chicken,2,17.0
T000245,2025-10-25,05:48:37,CUST_0243,ITEM_001,Milk,2,6.4
T000245,2025-10-25,05:48:37,CUST_0243,ITEM_002,Cheese,2,11.6
T000245,2025-10-25,05:48:37,CUST_0243,ITEM_003,Butter,1,4.5
T000245,2025-10-25,05:48:37,CUST_0243,ITEM_004,Bananas,1,2.8
T000246,2025-11-05,06:29:37,CUST_0420,ITEM_001,Butter,1,4.5
T000246,2025-11-05,06:29:37,CUST_0420,ITEM_002,Oranges,3,10.5
T000247,2025-09-17,02:12:37,CUST_0321,ITEM_001,Rice,2,8.0
T000247,2025-09-17,02:12:37,CUST_0321,ITEM_002,Chicken,1,8.5
T000247,2025-09-17,02:12:37,CUST_0321,ITEM_003,Tomatoes,2,7.6
T000247,2025-09-17,02:12:37,CUST_0321,ITEM_004,Onions,2,4.4
T000247,2025-09-17,02:12:37,CUST_0321,ITEM_005,Milk,2,6.4
T000247,2025-09-17,02:12:37,CUST_0321,ITEM_006,Bread,2,5.0
T000247,2025-09-17,02:12:37,CUST_0321,ITEM_007,Cheese,2,11.6
T000248,2025-10-24,02:38:37,CUST_0270,ITEM_001,Butter,1,4.5
T000248,2025-10-24,02:38:37,CUST_0270,ITEM_002,Eggs,1,3.0
T000249,2025-10-18,09:03:37,CUST_0266,ITEM_001,Chicken,3,25.5
T000249,2025-10-18,09:03:37,CUST_0266,ITEM_002,Bananas,3,8.4
T000249,2025-10-18,09:03:37,CUST_0266,ITEM_003,Milk,3,9.6
T000249,2025-10-18,09:03:37,CUST_0266,ITEM_004,Rice,2,8.0
T000250,2025-11-11,09:00:37,CUST_0147,ITEM_001,Milk,1,3.2
T000250,2025-11-11,09:00:37,CUST_0147,ITEM_002,Onions,2,4.4
T000250,2025-11-11,09:00:37,CUST_0147,ITEM_003,Potatoes,2,4.0
T000250,2025-11-11,09:00:37,CUST_0147,ITEM_004,Oranges,1,3.5
T000250,2025-11-11,09:00:37,CUST_0147,ITEM_005,Bananas,3,8.4
T000251,2025-10-16,09:28:37,CUST_0206,ITEM_001,Apples,2,8.4
T000251,2025-10-16,09:28:37,CUST_0206,ITEM_002,Pasta,1,3.5
T000252,2025-10-18,04:44:37,CUST_0203,ITEM_001,Butter,1,4.5
T000252,2025-10-18,04:44:37,CUST_0203,ITEM_002,Bread,2,5.0
T000252,2025-10-18,04:44:37,CUST_0203,ITEM_003,Cheese,2,11.6
T000253,2025-10-20,03:02:37,CUST_0472,ITEM_001,Tomatoes,2,7.6
T000253,2025-10-20,03:02:37,CUST_0472,ITEM_002,Chicken,2,17.0
T000254,2025-10-10,08:11:37,CUST_0156,ITEM_001,Milk,2,6.4
T000254,2025-10-10,08:11:37,CUST_0156,ITEM_002,Rice,3,12.0
T000255,2025-10-14,06:29:37,CUST_0288,ITEM_001,Beef,2,24.0
T000255,2025-10-14,06:29:37,CUST_0288,ITEM_002,Eggs,2,6.0
T000255,2025-10-14,06:29:37,CUST_0288,ITEM_003,Milk,2,6.4
T000256,2025-09-22,07:54:37,CUST_0474,ITEM_001,Rice,3,12.0
T000256,2025-09-22,07:54:37,CUST_0474,ITEM_002,Chicken,3,25.5
T000256,2025-09-22,07:54:37,CUST_0474,ITEM_003,Onions,2,4.4
T000256,2025-09-22,07:54:37,CUST_0474,ITEM_004,Milk,2,6.4
T000256,2025-09-22,07:54:37,CUST_0474,ITEM_005,Tomatoes,3,11.4
T000256,2025-09-22,07:54:37,CUST_0474,ITEM_006,Beef,1,12.0
T000257,2025-10-29,23:10:37,CUST_0155,ITEM_001,Chicken,3,25.5
T000257,2025-10-29,23:10:37,CUST_0155,ITEM_002,Rice,2,8.0
T000258,2025-10-25,05:57:37,CUST_0115,ITEM_001,Potatoes,2,4.0
T000258,2025-10-25,05:57:37,CUST_0115,ITEM_002,Onions,2,4.4
T000258,2025-10-25,05:57:37,CUST_0115,ITEM_003,Butter,1,4.5
T000259,2025-10-21,03:53:37,CUST_0162,ITEM_001,Butter,3,13.5
T000259,2025-10-21,03:53:37,CUST_0162,ITEM_002,Beef,1,12.0
T000259,2025-10-21,03:53:37,CUST_0162,ITEM_003,Cheese,1,5.8
T000259,2025-10-21,03:53:37,CUST_0162,ITEM_004,Milk,2,6.4
T000259,2025-10-21,03:53:37,CUST_0162,ITEM_005,Bread,3,7.5
T000259,2025-10-21,03:53:37,CUST_0162,ITEM_006,Rice,1,4.0
T000259,2025-10-21,03:53:37,CUST_0162,ITEM_007,Eggs,3,9.0
T000260,2025-10-18,00:42:37,CUST_0201,ITEM_001,Butter,1,4.5
T000261,2025-10-08,01:02:37,CUST_0357,ITEM_001,Eggs,1,3.0
T000261,2025-10-08,01:02:37,CUST_0357,ITEM_002,Bread,2,5.0
T000261,2025-10-08,01:02:37,CUST_0357,ITEM_003,Milk,1,3.2
T000261,2025-10-08,01:02:37,CUST_0357,ITEM_004,Oranges,1,3.5
T000261,2025-10-08,01:02:37,CUST_0357,ITEM_005,Rice,3,12.0
T000261,2025-10-08,01:02:37,CUST_0357,ITEM_006,Butter,3,13.5
T000262,2025-10-24,22:49:37,CUST_0005,ITEM_001,Apples,3,12.6
T000262,2025-10-24,22:49:37,CUST_0005,ITEM_002,Bananas,2,5.6
T000262,2025-10-24,22:49:37,CUST_0005,ITEM_003,Chicken,1,8.5
T000262,2025-10-24,22:49:37,CUST_0005,ITEM_004,Eggs,2,6.0
T000262,2025-10-24,22:49:37,CUST_0005,ITEM_005,Milk,2,6.4
T000262,2025-10-24,22:49:37,CUST_0005,ITEM_006,Cheese,1,5.8
T000263,2025-09-27,09:42:37,CUST_0159,ITEM_001,Cheese,3,17.4
T000263,2025-09-27,09:42:37,CUST_0159,ITEM_002,Rice,3,12.0
T000263,2025-09-27,09:42:37,CUST_0159,ITEM_003,Potatoes,3,6.0
T000263,2025-09-27,09:42:37,CUST_0159,ITEM_004,Eggs,2,6.0
T000264,2025-10-12,03:45:37,CUST_0242,ITEM_001,Eggs,1,3.0
T000264,2025-10-12,03:45:37,CUST_0242,ITEM_002,Apples,2,8.4
T000265,2025-11-05,04:08:37,CUST_0062,ITEM_001,Potatoes,1,2.0
T000265,2025-11-05,04:08:37,CUST_0062,ITEM_002,Beef,3,36.0
T000266,2025-09-22,06:54:37,CUST_0199,ITEM_001,Pasta,1,3.5
T000266,2025-09-22,06:54:37,CUST_0199,ITEM_002,Tomatoes,3,11.4
T000267,2025-11-04,05:01:37,CUST_0445,ITEM_001,Apples,1,4.2
T000267,2025-11-04,05:01:37,CUST_0445,ITEM_002,Bananas,3,8.4
T000267,2025-11-04,05:01:37,CUST_0445,ITEM_003,Pasta,2,7.0
T000268,2025-09-19,06:17:37,CUST_0011,ITEM_001,Tomatoes,1,3.8
T000269,2025-10-03,04:04:37,CUST_0366,ITEM_001,Pasta,2,7.0
T000269,2025-10-03,04:04:37,CUST_0366,ITEM_002,Tomatoes,3,11.4
T000269,2025-10-03,04:04:37,CUST_0366,ITEM_003,Milk,2,6.4
T000270,2025-10-14,22:36:37,CUST_0443,ITEM_001,Bread,2,5.0
T000270,2025-10-14,22:36:37,CUST_0443,ITEM_002,Pasta,2,7.0
T000270,2025-10-14,22:36:37,CUST_0443,ITEM_003,Milk,3,9.6
T000270,2025-10-14,22:36:37,CUST_0443,ITEM_004,Eggs,2,6.0
T000271,2025-10-17,04:15:37,CUST_0232,ITEM_001,Oranges,3,10.5
T000272,2025-11-11,10:04:37,CUST_0042,ITEM_001,Apples,3,12.6
T000272,2025-11-11,10:04:37,CUST_0042,ITEM_002,Rice,2,8.0
T000272,2025-11-11,10:04:37,CUST_0042,ITEM_003,Onions,2,4.4
T000273,2025-10-26,05:17:37,CUST_0041,ITEM_001,Onions,1,2.2
T000273,2025-10-26,05:17:37,CUST_0041,ITEM_002,Bananas,2,5.6
T000273,2025-10-26,05:17:37,CUST_0041,ITEM_003,Eggs,2,6.0
T000273,2025-10-26,05:17:37,CUST_0041,ITEM_004,Tomatoes,3,11.4
T000273,2025-10-26,05:17:37,CUST_0041,ITEM_005,Rice,1,4.0
T000274,2025-10-10,07:45:37,CUST_0380,ITEM_001,Cheese,3,17.4
T000274,2025-10-10,07:45:37,CUST_0380,ITEM_002,Milk,3,9.6
T000274,2025-10-10,07:45:37,CUST_0380,ITEM_003,Oranges,2,7.0
T000274,2025-10-10,07:45:37,CUST_0380,ITEM_004,Bananas,1,2.8
T000274,2025-10-10,07:45:37,CUST_0380,ITEM_005,Eggs,3,9.0
T000274,2025-10-10,07:45:37,CUST_0380,ITEM_006,Butter,2,9.0
T000275,2025-09-24,07:21:37,CUST_0487,ITEM_001,Milk,3,9.6
T000275,2025-09-24,07:21:37,CUST_0487,ITEM_002,Onions,2,4.4
T000275,2025-09-24,07:21:37,CUST_0487,ITEM_003,Bread,1,2.5
T000275,2025-09-24,07:21:37,CUST_0487,ITEM_004,Bananas,1,2.8
T000275,2025-09-24,07:21:37,CUST_0487,ITEM_005,Potatoes,2,4.0
T000275,2025-09-24,07:21:37,CUST_0487,ITEM_006,Eggs,2,6.0
T000275,2025-09-24,07:21:37,CUST_0487,ITEM_007,Chicken,1,8.5
T000276,2025-09-29,04:39:37,CUST_0335,ITEM_001,Oranges,2,7.0
T000276,2025-09-29,04:39:37,CUST_0335,ITEM_002,Onions,3,6.6
T000276,2025-09-29,04:39:37,CUST_0335,ITEM_003,Tomatoes,2,7.6
T000277,2025-09-28,00:34:37,CUST_0094,ITEM_001,Apples,3,12.6
T000278,2025-11-04,22:55:37,CUST_0055,ITEM_001,Bread,3,7.5
T000278,2025-11-04,22:55:37,CUST_0055,ITEM_002,Eggs,1,3.0
T000279,2025-11-08,03:55:37,CUST_0161,ITEM_001,Butter,1,4.5
T000279,2025-11-08,03:55:37,CUST_0161,ITEM_002,Bread,2,5.0
T000280,2025-09-23,23:12:37,CUST_0209,ITEM_001,Potatoes,3,6.0
T000280,2025-09-23,23:12:37,CUST_0209,ITEM_002,Onions,1,2.2
T000280,2025-09-23,23:12:37,CUST_0209,ITEM_003,Beef,2,24.0
T000280,2025-09-23,23:12:37,CUST_0209,ITEM_004,Bananas,1,2.8
T000281,2025-09-20,01:02:37,CUST_0012,ITEM_001,Oranges,1,3.5
T000281,2025-09-20,01:02:37,CUST_0012,ITEM_002,Pasta,3,10.5
T000281,2025-09-20,01:02:37,CUST_0012,ITEM_003,Milk,3,9.6
T000281,2025-09-20,01:02:37,CUST_0012,ITEM_004,Bananas,3,8.4
T000282,2025-09-29,02:08:37,CUST_0374,ITEM_001,Bread,3,7.5
T000282,2025-09-29,02:08:37,CUST_0374,ITEM_002,Milk,2,6.4
T000282,2025-09-29,02:08:37,CUST_0374,ITEM_003,Eggs,1,3.0
T000282,2025-09-29,02:08:37,CUST_0374,ITEM_004,Butter,3,13.5
T000282,2025-09-29,02:08:37,CUST_0374,ITEM_005,Cheese,1,5.8
T000282,2025-09-29,02:08:37,CUST_0374,ITEM_006,Bananas,3,8.4
T000282,2025-09-29,02:08:37,CUST_0374,ITEM_007,Oranges,1,3.5
T000282,2025-09-29,02:08:37,CUST_0374,ITEM_008,Potatoes,3,6.0
T000283,2025-10-23,00:14:37,CUST_0425,ITEM_001,Bananas,1,2.8
T000283,2025-10-23,00:14:37,CUST_0425,ITEM_002,Bread,1,2.5
T000283,2025-10-23,00:14:37,CUST_0425,ITEM_003,Butter,2,9.0
T000283,2025-10-23,00:14:37,CUST_0425,ITEM_004,Milk,1,3.2
T000284,2025-10-25,03:15:37,CUST_0382,ITEM_001,Potatoes,2,4.0
T000284,2025-10-25,03:15:37,CUST_0382,ITEM_002,Beef,3,36.0
T000285,2025-10-24,11:16:37,CUST_0095,ITEM_001,Oranges,1,3.5
T000285,2025-10-24,11:16:37,CUST_0095,ITEM_002,Butter,3,13.5
T000286,2025-10-09,23:15:37,CUST_0066,ITEM_001,Beef,3,36.0
T000286,2025-10-09,23:15:37,CUST_0066,ITEM_002,Onions,3,6.6
T000286,2025-10-09,23:15:37,CUST_0066,ITEM_003,Tomatoes,1,3.8
T000287,2025-10-14,01:49:37,CUST_0149,ITEM_001,Potatoes,3,6.0
T000288,2025-10-08,00:19:37,CUST_0075,ITEM_001,Beef,3,36.0
T000288,2025-10-08,00:19:37,CUST_0075,ITEM_002,Potatoes,1,2.0
T000288,2025-10-08,00:19:37,CUST_0075,ITEM_003,Onions,2,4.4
T000289,2025-09-30,05:26:37,CUST_0226,ITEM_001,Bananas,1,2.8
T000289,2025-09-30,05:26:37,CUST_0226,ITEM_002,Milk,3,9.6
T000289,2025-09-30,05:26:37,CUST_0226,ITEM_003,Onions,2,4.4
T000289,2025-09-30,05:26:37,CUST_0226,ITEM_004,Tomatoes,1,3.8
T000289,2025-09-30,05:26:37,CUST_0226,ITEM_005,Cheese,3,17.4
T000289,2025-09-30,05:26:37,CUST_0226,ITEM_006,Apples,1,4.2
T000290,2025-09-18,03:11:37,CUST_0493,ITEM_001,Pasta,2,7.0
T000290,2025-09-18,03:11:37,CUST_0493,ITEM_002,Tomatoes,2,7.6
T000291,2025-09-24,05:09:37,CUST_0074,ITEM_001,Milk,2,6.4
T000292,2025-10-02,04:26:37,CUST_0060,ITEM_001,Chicken,3,25.5
T000292,2025-10-02,04:26:37,CUST_0060,ITEM_002,Beef,2,24.0
T000292,2025-10-02,04:26:37,CUST_0060,ITEM_003,Rice,1,4.0
T000293,2025-10-01,05:07:37,CUST_0351,ITEM_001,Cheese,3,17.4
T000293,2025-10-01,05:07:37,CUST_0351,ITEM_002,Eggs,3,9.0
T000293,2025-10-01,05:07:37,CUST_0351,ITEM_003,Milk,1,3.2
T000293,2025-10-01,05:07:37,CUST_0351,ITEM_004,Bread,2,5.0
T000293,2025-10-01,05:07:37,CUST_0351,ITEM_005,Chicken,3,25.5
T000293,2025-10-01,05:07:37,CUST_0351,ITEM_006,Apples,2,8.4
T000294,2025-10-20,04:50:37,CUST_0446,ITEM_001,Tomatoes,1,3.8
T000294,2025-10-20,04:50:37,CUST_0446,ITEM_002,Pasta,1,3.5
T000294,2025-10-20,04:50:37,CUST_0446,ITEM_003,Chicken,1,8.5
T000294,2025-10-20,04:50:37,CUST_0446,ITEM_004,Onions,3,6.6
T000295,2025-11-05,08:14:37,CUST_0446,ITEM_001,Apples,1,4.2
T000295,2025-11-05,08:14:37,CUST_0446,ITEM_002,Bananas,1,2.8
T000296,2025-11-10,10:50:37,CUST_0245,ITEM_001,Rice,3,12.0
T000296,2025-11-10,10:50:37,CUST_0245,ITEM_002,Chicken,1,8.5
T000297,2025-10-09,23:47:37,CUST_0093,ITEM_001,Pasta,2,7.0
T000297,2025-10-09,23:47:37,CUST_0093,ITEM_002,Rice,2,8.0
T000297,2025-10-09,23:47:37,CUST_0093,ITEM_003,Tomatoes,3,11.4
T000297,2025-10-09,23:47:37,CUST_0093,ITEM_004,Chicken,1,8.5
T000297,2025-10-09,23:47:37,CUST_0093,ITEM_005,Onions,3,6.6
T000298,2025-10-10,04:14:37,CUST_0196,ITEM_001,Apples,2,8.4
T000298,2025-10-10,04:14:37,CUST_0196,ITEM_002,Bananas,2,5.6
T000298,2025-10-10,04:14:37,CUST_0196,ITEM_003,Chicken,2,17.0
T000298,2025-10-10,04:14:37,CUST_0196,ITEM_004,Tomatoes,2,7.6
T000298,2025-10-10,04:14:37,CUST_0196,ITEM_005,Milk,2,6.4
T000298,2025-10-10,04:14:37,CUST_0196,ITEM_006,Cheese,3,17.4
T000298,2025-10-10,04:14:37,CUST_0196,ITEM_007,Oranges,1,3.5
T000299,2025-09-18,23:57:37,CUST_0242,ITEM_001,Butter,1,4.5
T000299,2025-09-18,23:57:37,CUST_0242,ITEM_002,Bread,2,5.0
T000299,2025-09-18,23:57:37,CUST_0242,ITEM_003,Cheese,3,17.4
T000300,2025-10-05,11:11:37,CUST_0015,ITEM_001,Milk,3,9.6
T000301,2025-10-27,09:53:37,CUST_0270,ITEM_001,Tomatoes,1,3.8
T000302,2025-11-10,07:41:37,CUST_0073,ITEM_001,Onions,2,4.4
T000302,2025-11-10,07:41:37,CUST_0073,ITEM_002,Rice,2,8.0
T000302,2025-11-10,07:41:37,CUST_0073,ITEM_003,Chicken,1,8.5
T000303,2025-10-18,01:26:37,CUST_0455,ITEM_001,Eggs,2,6.0
T000303,2025-10-18,01:26:37,CUST_0455,ITEM_002,Bread,2,5.0
T000304,2025-10-26,05:57:37,CUST_0155,ITEM_001,Bread,3,7.5
T000304,2025-10-26,05:57:37,CUST_0155,ITEM_002,Eggs,3,9.0
T000304,2025-10-26,05:57:37,CUST_0155,ITEM_003,Milk,1,3.2
T000304,2025-10-26,05:57:37,CUST_0155,ITEM_004,Butter,1,4.5
T000304,2025-10-26,05:57:37,CUST_0155,ITEM_005,Bananas,3,8.4
T000304,2025-10-26,05:57:37,CUST_0155,ITEM_006,Beef,1,12.0
T000304,2025-10-26,05:57:37,CUST_0155,ITEM_007,Potatoes,3,6.0
T000305,2025-11-14,03:36:37,CUST_0489,ITEM_001,Cheese,2,11.6
T000305,2025-11-14,03:36:37,CUST_0489,ITEM_002,Butter,1,4.5
T000305,2025-11-14,03:36:37,CUST_0489,ITEM_003,Bread,1,2.5
T000305,2025-11-14,03:36:37,CUST_0489,ITEM_004,Eggs,1,3.0
T000306,2025-09-23,08:06:37,CUST_0190,ITEM_001,Bananas,1,2.8
T000306,2025-09-23,08:06:37,CUST_0190,ITEM_002,Apples,2,8.4
T000307,2025-09-19,00:46:37,CUST_0242,ITEM_001,Beef,1,12.0
T000307,2025-09-19,00:46:37,CUST_0242,ITEM_002,Milk,3,9.6
T000307,2025-09-19,00:46:37,CUST_0242,ITEM_003,Bananas,2,5.6
T000308,2025-10-20,06:37:37,CUST_0115,ITEM_001,Oranges,3,10.5
T000308,2025-10-20,06:37:37,CUST_0115,ITEM_002,Beef,1,12.0
T000308,2025-10-20,06:37:37,CUST_0115,ITEM_003,Cheese,1,5.8
T000308,2025-10-20,06:37:37,CUST_0115,ITEM_004,Potatoes,3,6.0
T000308,2025-10-20,06:37:37,CUST_0115,ITEM_005,Onions,1,2.2
T000308,2025-10-20,06:37:37,CUST_0115,ITEM_006,Bread,2,5.0
T000309,2025-11-14,01:42:37,CUST_0069,ITEM_001,Cheese,3,17.4
T000309,2025-11-14,01:42:37,CUST_0069,ITEM_002,Onions,1,2.2
T000309,2025-11-14,01:42:37,CUST_0069,ITEM_003,Butter,3,13.5
T000309,2025-11-14,01:42:37,CUST_0069,ITEM_004,Potatoes,3,6.0
T000309,2025-11-14,01:42:37,CUST_0069,ITEM_005,Tomatoes,3,11.4
T000310,2025-10-02,00:14:37,CUST_0352,ITEM_001,Beef,2,24.0
T000310,2025-10-02,00:14:37,CUST_0352,ITEM_002,Potatoes,3,6.0
T000310,2025-10-02,00:14:37,CUST_0352,ITEM_003,Tomatoes,3,11.4
T000311,2025-10-27,06:26:37,CUST_0030,ITEM_001,Bananas,1,2.8
T000311,2025-10-27,06:26:37,CUST_0030,ITEM_002,Milk,1,3.2
T000311,2025-10-27,06:26:37,CUST_0030,ITEM_003,Cheese,3,17.4
T000311,2025-10-27,06:26:37,CUST_0030,ITEM_004,Apples,3,12.6
T000312,2025-10-06,03:45:37,CUST_0030,ITEM_001,Eggs,3,9.0
T000313,2025-11-13,01:41:37,CUST_0067,ITEM_001,Pasta,1,3.5
T000313,2025-11-13,01:41:37,CUST_0067,ITEM_002,Eggs,2,6.0
T000313,2025-11-13,01:41:37,CUST_0067,ITEM_003,Tomatoes,2,7.6
T000313,2025-11-13,01:41:37,CUST_0067,ITEM_004,Potatoes,3,6.0
T000314,2025-10-29,06:55:37,CUST_0383,ITEM_001,Rice,1,4.0
T000314,2025-10-29,06:55:37,CUST_0383,ITEM_002,Chicken,2,17.0
T000314,2025-10-29,06:55:37,CUST_0383,ITEM_003,Beef,1,12.0
T000314,2025-10-29,06:55:37,CUST_0383,ITEM_004,Potatoes,1,2.0
T000314,2025-10-29,06:55:37,CUST_0383,ITEM_005,Onions,2,4.4
T000315,2025-09-27,01:03:37,CUST_0391,ITEM_001,Tomatoes,1,3.8
T000315,2025-09-27,01:03:37,CUST_0391,ITEM_002,Chicken,2,17.0
T000315,2025-09-27,01:03:37,CUST_0391,ITEM_003,Rice,1,4.0
T000316,2025-09-22,23:03:37,CUST_0269,ITEM_001,Tomatoes,3,11.4
T000316,2025-09-22,23:03:37,CUST_0269,ITEM_002,Chicken,3,25.5
T000317,2025-09-25,06:13:37,CUST_0092,ITEM_001,Milk,1,3.2
T000317,2025-09-25,06:13:37,CUST_0092,ITEM_002,Bread,2,5.0
T000317,2025-09-25,06:13:37,CUST_0092,ITEM_003,Butter,3,13.5
T000317,2025-09-25,06:13:37,CUST_0092,ITEM_004,Oranges,1,3.5
T000317,2025-09-25,06:13:37,CUST_0092,ITEM_005,Cheese,1,5.8
T000317,2025-09-25,06:13:37,CUST_0092,ITEM_006,Tomatoes,1,3.8
T000317,2025-09-25,06:13:37,CUST_0092,ITEM_007,Potatoes,2,4.0
T000317,2025-09-25,06:13:37,CUST_0092,ITEM_008,Bananas,3,8.4
T000318,2025-11-13,05:38:37,CUST_0413,ITEM_001,Beef,1,12.0
T000318,2025-11-13,05:38:37,CUST_0413,ITEM_002,Potatoes,3,6.0
T000318,2025-11-13,05:38:37,CUST_0413,ITEM_003,Tomatoes,1,3.8
T000318,2025-11-13,05:38:37,CUST_0413,ITEM_004,Onions,1,2.2
T000319,2025-11-01,08:14:37,CUST_0186,ITEM_001,Butter,3,13.5
T000319,2025-11-01,08:14:37,CUST_0186,ITEM_002,Bread,3,7.5
T000319,2025-11-01,08:14:37,CUST_0186,ITEM_003,Onions,2,4.4
T000319,2025-11-01,08:14:37,CUST_0186,ITEM_004,Potatoes,3,6.0
T000319,2025-11-01,08:14:37,CUST_0186,ITEM_005,Milk,3,9.6
T000320,2025-10-06,09:52:37,CUST_0136,ITEM_001,Milk,2,6.4
T000321,2025-10-21,10:02:37,CUST_0051,ITEM_001,Oranges,1,3.5
T000322,2025-10-02,06:52:37,CUST_0312,ITEM_001,Pasta,2,7.0
T000322,2025-10-02,06:52:37,CUST_0312,ITEM_002,Tomatoes,2,7.6
T000323,2025-11-07,02:13:37,CUST_0496,ITEM_001,Bananas,1,2.8
T000323,2025-11-07,02:13:37,CUST_0496,ITEM_002,Milk,1,3.2
T000323,2025-11-07,02:13:37,CUST_0496,ITEM_003,Cheese,3,17.4
T000323,2025-11-07,02:13:37,CUST_0496,ITEM_004,Eggs,2,6.0
T000323,2025-11-07,02:13:37,CUST_0496,ITEM_005,Apples,3,12.6
T000324,2025-11-08,22:41:37,CUST_0450,ITEM_001,Apples,2,8.4
T000324,2025-11-08,22:41:37,CUST_0450,ITEM_002,Cheese,2,11.6
T000325,2025-10-11,08:25:37,CUST_0015,ITEM_001,Cheese,3,17.4
T000325,2025-10-11,08:25:37,CUST_0015,ITEM_002,Beef,3,36.0
T000325,2025-10-11,08:25:37,CUST_0015,ITEM_003,Potatoes,1,2.0
T000325,2025-10-11,08:25:37,CUST_0015,ITEM_004,Butter,3,13.5
T000325,2025-10-11,08:25:37,CUST_0015,ITEM_005,Milk,2,6.4
T000325,2025-10-11,08:25:37,CUST_0015,ITEM_006,Bread,2,5.0
T000326,2025-10-12,04:50:37,CUST_0205,ITEM_001,Apples,1,4.2
T000327,2025-10-31,10:37:37,CUST_0356,ITEM_001,Potatoes,1,2.0
T000327,2025-10-31,10:37:37,CUST_0356,ITEM_002,Butter,3,13.5
T000328,2025-10-24,01:21:37,CUST_0126,ITEM_001,Pasta,2,7.0
T000329,2025-09-17,08:32:37,CUST_0021,ITEM_001,Butter,3,13.5
T000329,2025-09-17,08:32:37,CUST_0021,ITEM_002,Bread,1,2.5
T000329,2025-09-17,08:32:37,CUST_0021,ITEM_003,Chicken,1,8.5
T000330,2025-10-15,10:26:37,CUST_0018,ITEM_001,Oranges,1,3.5
T000330,2025-10-15,10:26:37,CUST_0018,ITEM_002,Bread,3,7.5
T000331,2025-10-23,07:46:37,CUST_0134,ITEM_001,Oranges,3,10.5
T000332,2025-10-29,08:22:37,CUST_0382,ITEM_001,Cheese,1,5.8
T000332,2025-10-29,08:22:37,CUST_0382,ITEM_002,Milk,3,9.6
T000332,2025-10-29,08:22:37,CUST_0382,ITEM_003,Pasta,2,7.0
T000332,2025-10-29,08:22:37,CUST_0382,ITEM_004,Butter,1,4.5
T000333,2025-09-18,11:10:37,CUST_0095,ITEM_001,Oranges,3,10.5
T000333,2025-09-18,11:10:37,CUST_0095,ITEM_002,Apples,2,8.4
T000333,2025-09-18,11:10:37,CUST_0095,ITEM_003,Chicken,1,8.5
T000334,2025-11-05,07:02:37,CUST_0007,ITEM_001,Oranges,3,10.5
T000334,2025-11-05,07:02:37,CUST_0007,ITEM_002,Cheese,3,17.4
T000334,2025-11-05,07:02:37,CUST_0007,ITEM_003,Milk,1,3.2
T000335,2025-10-14,10:19:37,CUST_0125,ITEM_001,Bread,3,7.5
T000335,2025-10-14,10:19:37,CUST_0125,ITEM_002,Butter,2,9.0
T000335,2025-10-14,10:19:37,CUST_0125,ITEM_003,Apples,2,8.4
T000336,2025-09-19,00:07:37,CUST_0485,ITEM_001,Potatoes,3,6.0
T000336,2025-09-19,00:07:37,CUST_0485,ITEM_002,Beef,3,36.0
T000337,2025-10-31,00:25:37,CUST_0323,ITEM_001,Chicken,1,8.5
T000337,2025-10-31,00:25:37,CUST_0323,ITEM_002,Rice,3,12.0
T000338,2025-09-17,03:51:37,CUST_0157,ITEM_001,Beef,3,36.0
T000338,2025-09-17,03:51:37,CUST_0157,ITEM_002,Potatoes,1,2.0
T000339,2025-10-09,10:53:37,CUST_0458,ITEM_001,Cheese,1,5.8
T000339,2025-10-09,10:53:37,CUST_0458,ITEM_002,Butter,1,4.5
T000339,2025-10-09,10:53:37,CUST_0458,ITEM_003,Beef,2,24.0
T000340,2025-10-07,08:28:37,CUST_0348,ITEM_001,Butter,3,13.5
T000340,2025-10-07,08:28:37,CUST_0348,ITEM_002,Cheese,1,5.8
T000340,2025-10-07,08:28:37,CUST_0348,ITEM_003,Milk,1,3.2
T000341,2025-10-15,10:40:37,CUST_0015,ITEM_001,Apples,2,8.4
T000341,2025-10-15,10:40:37,CUST_0015,ITEM_002,Bananas,1,2.8
T000342,2025-10-16,22:52:37,CUST_0240,ITEM_001,Pasta,1,3.5
T000342,2025-10-16,22:52:37,CUST_0240,ITEM_002,Potatoes,2,4.0
T000342,2025-10-16,22:52:37,CUST_0240,ITEM_003,Bread,1,2.5
T000342,2025-10-16,22:52:37,CUST_0240,ITEM_004,Beef,2,24.0
T000342,2025-10-16,22:52:37,CUST_0240,ITEM_005,Cheese,3,17.4
T000343,2025-11-08,23:28:37,CUST_0197,ITEM_001,Butter,1,4.5
T000343,2025-11-08,23:28:37,CUST_0197,ITEM_002,Cheese,1,5.8
T000344,2025-10-30,02:59:37,CUST_0169,ITEM_001,Bananas,3,8.4
T000344,2025-10-30,02:59:37,CUST_0169,ITEM_002,Apples,1,4.2
T000345,2025-09-23,05:33:37,CUST_0160,ITEM_001,Tomatoes,3,11.4
T000345,2025-09-23,05:33:37,CUST_0160,ITEM_002,Onions,3,6.6
T000345,2025-09-23,05:33:37,CUST_0160,ITEM_003,Pasta,1,3.5
T000345,2025-09-23,05:33:37,CUST_0160,ITEM_004,Chicken,2,17.0
T000345,2025-09-23,05:33:37,CUST_0160,ITEM_005,Rice,2,8.0
T000345,2025-09-23,05:33:37,CUST_0160,ITEM_006,Potatoes,2,4.0
T000346,2025-09-24,08:35:37,CUST_0366,ITEM_001,Bread,1,2.5
T000347,2025-10-27,07:55:37,CUST_0001,ITEM_001,Eggs,3,9.0
T000347,2025-10-27,07:55:37,CUST_0001,ITEM_002,Bread,2,5.0
T000348,2025-10-29,09:47:37,CUST_0215,ITEM_001,Potatoes,2,4.0
T000348,2025-10-29,09:47:37,CUST_0215,ITEM_002,Beef,2,24.0
T000348,2025-10-29,09:47:37,CUST_0215,ITEM_003,Bread,1,2.5
T000349,2025-10-08,01:03:37,CUST_0113,ITEM_001,Butter,3,13.5
T000349,2025-10-08,01:03:37,CUST_0113,ITEM_002,Cheese,1,5.8
T000349,2025-10-08,01:03:37,CUST_0113,ITEM_003,Onions,3,6.6
T000349,2025-10-08,01:03:37,CUST_0113,ITEM_004,Milk,2,6.4
T000350,2025-10-22,00:43:37,CUST_0322,ITEM_001,Onions,2,4.4
T000350,2025-10-22,00:43:37,CUST_0322,ITEM_002,Potatoes,1,2.0
T000350,2025-10-22,00:43:37,CUST_0322,ITEM_003,Chicken,2,17.0
T000351,2025-10-08,07:34:37,CUST_0489,ITEM_001,Oranges,2,7.0
T000351,2025-10-08,07:34:37,CUST_0489,ITEM_002,Bread,2,5.0
T000352,2025-11-11,11:30:37,CUST_0418,ITEM_001,Chicken,1,8.5
T000352,2025-11-11,11:30:37,CUST_0418,ITEM_002,Tomatoes,2,7.6
T000352,2025-11-11,11:30:37,CUST_0418,ITEM_003,Rice,2,8.0
T000352,2025-11-11,11:30:37,CUST_0418,ITEM_004,Onions,1,2.2
T000352,2025-11-11,11:30:37,CUST_0418,ITEM_005,Pasta,1,3.5
T000352,2025-11-11,11:30:37,CUST_0418,ITEM_006,Eggs,1,3.0
T000352,2025-11-11,11:30:37,CUST_0418,ITEM_007,Bread,3,7.5
T000353,2025-09-20,10:53:37,CUST_0432,ITEM_001,Pasta,2,7.0
T000354,2025-09-25,01:42:37,CUST_0356,ITEM_001,Beef,2,24.0
T000354,2025-09-25,01:42:37,CUST_0356,ITEM_002,Bread,1,2.5
T000354,2025-09-25,01:42:37,CUST_0356,ITEM_003,Potatoes,3,6.0
T000354,2025-09-25,01:42:37,CUST_0356,ITEM_004,Eggs,3,9.0
T000354,2025-09-25,01:42:37,CUST_0356,ITEM_005,Bananas,2,5.6
T000354,2025-09-25,01:42:37,CUST_0356,ITEM_006,Chicken,3,25.5
T000354,2025-09-25,01:42:37,CUST_0356,ITEM_007,Rice,1,4.0
T000355,2025-10-08,02:09:37,CUST_0025,ITEM_001,Onions,3,6.6
T000355,2025-10-08,02:09:37,CUST_0025,ITEM_002,Milk,2,6.4
T000355,2025-10-08,02:09:37,CUST_0025,ITEM_003,Bananas,2,5.6
T000356,2025-10-11,03:51:37,CUST_0104,ITEM_001,Tomatoes,3,11.4
T000356,2025-10-11,03:51:37,CUST_0104,ITEM_002,Chicken,2,17.0
T000356,2025-10-11,03:51:37,CUST_0104,ITEM_003,Rice,2,8.0
T000356,2025-10-11,03:51:37,CUST_0104,ITEM_004,Onions,2,4.4
T000357,2025-10-16,08:58:37,CUST_0241,ITEM_001,Bread,1,2.5
T000358,2025-09-27,06:51:37,CUST_0270,ITEM_001,Potatoes,2,4.0
T000358,2025-09-27,06:51:37,CUST_0270,ITEM_002,Onions,3,6.6
T000358,2025-09-27,06:51:37,CUST_0270,ITEM_003,Tomatoes,1,3.8
T000358,2025-09-27,06:51:37,CUST_0270,ITEM_004,Eggs,3,9.0
T000358,2025-09-27,06:51:37,CUST_0270,ITEM_005,Chicken,3,25.5
T000358,2025-09-27,06:51:37,CUST_0270,ITEM_006,Butter,1,4.5
T000358,2025-09-27,06:51:37,CUST_0270,ITEM_007,Pasta,2,7.0
T000359,2025-10-25,22:48:37,CUST_0218,ITEM_001,Onions,1,2.2
T000359,2025-10-25,22:48:37,CUST_0218,ITEM_002,Oranges,1,3.5
T000359,2025-10-25,22:48:37,CUST_0218,ITEM_003,Bananas,1,2.8
T000360,2025-10-08,05:13:37,CUST_0210,ITEM_001,Milk,2,6.4
T000360,2025-10-08,05:13:37,CUST_0210,ITEM_002,Cheese,1,5.8
T000360,2025-10-08,05:13:37,CUST_0210,ITEM_003,Oranges,2,7.0
T000360,2025-10-08,05:13:37,CUST_0210,ITEM_004,Eggs,2,6.0
T000360,2025-10-08,05:13:37,CUST_0210,ITEM_005,Bananas,2,5.6
T000361,2025-10-17,05:08:37,CUST_0212,ITEM_001,Pasta,1,3.5
T000361,2025-10-17,05:08:37,CUST_0212,ITEM_002,Tomatoes,2,7.6
T000361,2025-10-17,05:08:37,CUST_0212,ITEM_003,Onions,2,4.4
T000362,2025-10-31,23:55:37,CUST_0032,ITEM_001,Tomatoes,3,11.4
T000363,2025-10-31,00:39:37,CUST_0353,ITEM_001,Potatoes,1,2.0
T000363,2025-10-31,00:39:37,CUST_0353,ITEM_002,Onions,1,2.2
T000363,2025-10-31,00:39:37,CUST_0353,ITEM_003,Tomatoes,2,7.6
T000363,2025-10-31,00:39:37,CUST_0353,ITEM_004,Pasta,1,3.5
T000364,2025-09-22,09:48:37,CUST_0162,ITEM_001,Apples,1,4.2
T000364,2025-09-22,09:48:37,CUST_0162,ITEM_002,Bananas,3,8.4
T000364,2025-09-22,09:48:37,CUST_0162,ITEM_003,Milk,2,6.4
T000364,2025-09-22,09:48:37,CUST_0162,ITEM_004,Eggs,3,9.0
T000365,2025-09-24,09:20:37,CUST_0375,ITEM_001,Apples,1,4.2
T000366,2025-09-16,11:10:37,CUST_0361,ITEM_001,Cheese,1,5.8
T000366,2025-09-16,11:10:37,CUST_0361,ITEM_002,Potatoes,1,2.0
T000366,2025-09-16,11:10:37,CUST_0361,ITEM_003,Milk,2,6.4
T000366,2025-09-16,11:10:37,CUST_0361,ITEM_004,Bananas,3,8.4
T000366,2025-09-16,11:10:37,CUST_0361,ITEM_005,Onions,3,6.6
T000366,2025-09-16,11:10:37,CUST_0361,ITEM_006,Tomatoes,2,7.6
T000366,2025-09-16,11:10:37,CUST_0361,ITEM_007,Eggs,3,9.0
T000367,2025-09-28,01:36:37,CUST_0165,ITEM_001,Eggs,2,6.0
T000367,2025-09-28,01:36:37,CUST_0165,ITEM_002,Bread,1,2.5
T000367,2025-09-28,01:36:37,CUST_0165,ITEM_003,Apples,1,4.2
T000368,2025-10-20,08:46:37,CUST_0005,ITEM_001,Bread,3,7.5
T000369,2025-11-03,00:50:37,CUST_0068,ITEM_001,Tomatoes,3,11.4
T000369,2025-11-03,00:50:37,CUST_0068,ITEM_002,Pasta,1,3.5
T000369,2025-11-03,00:50:37,CUST_0068,ITEM_003,Chicken,3,25.5
T000369,2025-11-03,00:50:37,CUST_0068,ITEM_004,Rice,3,12.0
T000370,2025-10-21,05:51:37,CUST_0008,ITEM_001,Milk,1,3.2
T000370,2025-10-21,05:51:37,CUST_0008,ITEM_002,Cheese,1,5.8
T000370,2025-10-21,05:51:37,CUST_0008,ITEM_003,Eggs,1,3.0
T000370,2025-10-21,05:51:37,CUST_0008,ITEM_004,Apples,3,12.6
T000371,2025-10-11,04:55:37,CUST_0356,ITEM_001,Onions,1,2.2
T000371,2025-10-11,04:55:37,CUST_0356,ITEM_002,Potatoes,3,6.0
T000371,2025-10-11,04:55:37,CUST_0356,ITEM_003,Tomatoes,3,11.4
T000371,2025-10-11,04:55:37,CUST_0356,ITEM_004,Chicken,3,25.5
T000372,2025-10-08,23:17:37,CUST_0179,ITEM_001,Tomatoes,1,3.8
T000372,2025-10-08,23:17:37,CUST_0179,ITEM_002,Bread,1,2.5
T000372,2025-10-08,23:17:37,CUST_0179,ITEM_003,Pasta,2,7.0
T000372,2025-10-08,23:17:37,CUST_0179,ITEM_004,Chicken,1,8.5
T000373,2025-11-10,03:02:37,CUST_0133,ITEM_001,Butter,2,9.0
T000373,2025-11-10,03:02:37,CUST_0133,ITEM_002,Cheese,1,5.8
T000373,2025-11-10,03:02:37,CUST_0133,ITEM_003,Milk,3,9.6
T000374,2025-10-16,08:53:37,CUST_0006,ITEM_001,Chicken,2,17.0
T000375,2025-11-06,10:40:37,CUST_0459,ITEM_001,Bananas,1,2.8
T000376,2025-09-21,01:43:37,CUST_0088,ITEM_001,Potatoes,1,2.0
T000376,2025-09-21,01:43:37,CUST_0088,ITEM_002,Beef,3,36.0
T000376,2025-09-21,01:43:37,CUST_0088,ITEM_003,Onions,2,4.4
T000376,2025-09-21,01:43:37,CUST_0088,ITEM_004,Cheese,3,17.4
T000376,2025-09-21,01:43:37,CUST_0088,ITEM_005,Butter,3,13.5
T000377,2025-10-18,22:51:37,CUST_0489,ITEM_001,Bread,1,2.5
T000377,2025-10-18,22:51:37,CUST_0489,ITEM_002,Butter,1,4.5
T000377,2025-10-18,22:51:37,CUST_0489,ITEM_003,Milk,3,9.6
T000377,2025-10-18,22:51:37,CUST_0489,ITEM_004,Chicken,3,25.5
T000377,2025-10-18,22:51:37,CUST_0489,ITEM_005,Apples,2,8.4
T000377,2025-10-18,22:51:37,CUST_0489,ITEM_006,Rice,1,4.0
T000378,2025-09-25,03:05:37,CUST_0258,ITEM_001,Cheese,1,5.8
T000378,2025-09-25,03:05:37,CUST_0258,ITEM_002,Tomatoes,1,3.8
T000378,2025-09-25,03:05:37,CUST_0258,ITEM_003,Pasta,1,3.5
T000378,2025-09-25,03:05:37,CUST_0258,ITEM_004,Chicken,1,8.5
T000378,2025-09-25,03:05:37,CUST_0258,ITEM_005,Rice,3,12.0
T000378,2025-09-25,03:05:37,CUST_0258,ITEM_006,Milk,2,6.4
T000379,2025-09-17,05:22:37,CUST_0130,ITEM_001,Tomatoes,2,7.6
T000379,2025-09-17,05:22:37,CUST_0130,ITEM_002,Onions,3,6.6
T000379,2025-09-17,05:22:37,CUST_0130,ITEM_003,Chicken,1,8.5
T000379,2025-09-17,05:22:37,CUST_0130,ITEM_004,Rice,3,12.0
T000379,2025-09-17,05:22:37,CUST_0130,ITEM_005,Potatoes,3,6.0
T000379,2025-09-17,05:22:37,CUST_0130,ITEM_006,Apples,1,4.2
T000380,2025-09-26,02:30:37,CUST_0288,ITEM_001,Bread,1,2.5
T000380,2025-09-26,02:30:37,CUST_0288,ITEM_002,Eggs,2,6.0
T000380,2025-09-26,02:30:37,CUST_0288,ITEM_003,Rice,2,8.0
T000380,2025-09-26,02:30:37,CUST_0288,ITEM_004,Chicken,1,8.5
T000380,2025-09-26,02:30:37,CUST_0288,ITEM_005,Onions,3,6.6
T000380,2025-09-26,02:30:37,CUST_0288,ITEM_006,Potatoes,2,4.0
T000380,2025-09-26,02:30:37,CUST_0288,ITEM_007,Beef,2,24.0
T000381,2025-10-05,09:48:37,CUST_0179,ITEM_001,Butter,1,4.5
T000381,2025-10-05,09:48:37,CUST_0179,ITEM_002,Bread,1,2.5
T000382,2025-10-31,01:55:37,CUST_0371,ITEM_001,Cheese,3,17.4
T000383,2025-10-02,05:28:37,CUST_0254,ITEM_001,Eggs,1,3.0
T000383,2025-10-02,05:28:37,CUST_0254,ITEM_002,Tomatoes,2,7.6
T000383,2025-10-02,05:28:37,CUST_0254,ITEM_003,Rice,2,8.0
T000383,2025-10-02,05:28:37,CUST_0254,ITEM_004,Chicken,1,8.5
T000384,2025-10-22,00:31:37,CUST_0356,ITEM_001,Eggs,3,9.0
T000385,2025-10-29,01:05:37,CUST_0205,ITEM_001,Milk,2,6.4
T000385,2025-10-29,01:05:37,CUST_0205,ITEM_002,Apples,3,12.6
T000385,2025-10-29,01:05:37,CUST_0205,ITEM_003,Pasta,1,3.5
T000385,2025-10-29,01:05:37,CUST_0205,ITEM_004,Tomatoes,3,11.4
T000386,2025-09-22,01:49:37,CUST_0382,ITEM_001,Chicken,1,8.5
T000386,2025-09-22,01:49:37,CUST_0382,ITEM_002,Apples,2,8.4
T000386,2025-09-22,01:49:37,CUST_0382,ITEM_003,Rice,3,12.0
T000386,2025-09-22,01:49:37,CUST_0382,ITEM_004,Tomatoes,2,7.6
T000386,2025-09-22,01:49:37,CUST_0382,ITEM_005,Onions,2,4.4
T000386,2025-09-22,01:49:37,CUST_0382,ITEM_006,Eggs,2,6.0
T000386,2025-09-22,01:49:37,CUST_0382,ITEM_007,Pasta,2,7.0
T000386,2025-09-22,01:49:37,CUST_0382,ITEM_008,Potatoes,1,2.0
T000387,2025-11-04,06:01:37,CUST_0302,ITEM_001,Butter,1,4.5
T000387,2025-11-04,06:01:37,CUST_0302,ITEM_002,Bananas,2,5.6
T000387,2025-11-04,06:01:37,CUST_0302,ITEM_003,Cheese,1,5.8
T000387,2025-11-04,06:01:37,CUST_0302,ITEM_004,Chicken,2,17.0
T000388,2025-09-16,09:16:37,CUST_0210,ITEM_001,Beef,3,36.0
T000388,2025-09-16,09:16:37,CUST_0210,ITEM_002,Cheese,3,17.4
T000388,2025-09-16,09:16:37,CUST_0210,ITEM_003,Milk,1,3.2
T000388,2025-09-16,09:16:37,CUST_0210,ITEM_004,Butter,3,13.5
T000389,2025-10-02,23:35:37,CUST_0444,ITEM_001,Milk,1,3.2
T000390,2025-10-05,03:23:37,CUST_0059,ITEM_001,Eggs,3,9.0
T000391,2025-10-07,10:50:37,CUST_0383,ITEM_001,Tomatoes,3,11.4
T000391,2025-10-07,10:50:37,CUST_0383,ITEM_002,Pasta,1,3.5
T000391,2025-10-07,10:50:37,CUST_0383,ITEM_003,Onions,2,4.4
T000391,2025-10-07,10:50:37,CUST_0383,ITEM_004,Chicken,3,25.5
T000392,2025-10-14,07:28:37,CUST_0262,ITEM_001,Butter,2,9.0
T000392,2025-10-14,07:28:37,CUST_0262,ITEM_002,Rice,1,4.0
T000392,2025-10-14,07:28:37,CUST_0262,ITEM_003,Oranges,1,3.5
T000393,2025-09-25,10:37:37,CUST_0322,ITEM_001,Eggs,2,6.0
T000393,2025-09-25,10:37:37,CUST_0322,ITEM_002,Milk,2,6.4
T000394,2025-10-09,10:47:37,CUST_0269,ITEM_001,Potatoes,2,4.0
T000394,2025-10-09,10:47:37,CUST_0269,ITEM_002,Onions,1,2.2
T000394,2025-10-09,10:47:37,CUST_0269,ITEM_003,Tomatoes,3,11.4
T000394,2025-10-09,10:47:37,CUST_0269,ITEM_004,Chicken,2,17.0
T000394,2025-10-09,10:47:37,CUST_0269,ITEM_005,Beef,2,24.0
T000394,2025-10-09,10:47:37,CUST_0269,ITEM_006,Apples,2,8.4
T000394,2025-10-09,10:47:37,CUST_0269,ITEM_007,Rice,2,8.0
T000395,2025-11-04,03:07:37,CUST_0359,ITEM_001,Potatoes,1,2.0
T000395,2025-11-04,03:07:37,CUST_0359,ITEM_002,Bananas,3,8.4
T000395,2025-11-04,03:07:37,CUST_0359,ITEM_003,Cheese,2,11.6
T000395,2025-11-04,03:07:37,CUST_0359,ITEM_004,Apples,1,4.2
T000396,2025-11-04,05:01:37,CUST_0026,ITEM_001,Apples,2,8.4
T000396,2025-11-04,05:01:37,CUST_0026,ITEM_002,Bananas,3,8.4
T000396,2025-11-04,05:01:37,CUST_0026,ITEM_003,Milk,3,9.6
T000396,2025-11-04,05:01:37,CUST_0026,ITEM_004,Cheese,1,5.8
T000397,2025-11-09,04:07:37,CUST_0157,ITEM_001,Bananas,1,2.8
T000397,2025-11-09,04:07:37,CUST_0157,ITEM_002,Onions,3,6.6
T000397,2025-11-09,04:07:37,CUST_0157,ITEM_003,Milk,3,9.6
T000397,2025-11-09,04:07:37,CUST_0157,ITEM_004,Bread,1,2.5
T000398,2025-10-20,11:30:37,CUST_0349,ITEM_001,Chicken,3,25.5
T000399,2025-11-07,06:52:37,CUST_0194,ITEM_001,Chicken,2,17.0
T000399,2025-11-07,06:52:37,CUST_0194,ITEM_002,Cheese,1,5.8
T000400,2025-11-03,05:18:37,CUST_0309,ITEM_001,Chicken,3,25.5
T000400,2025-11-03,05:18:37,CUST_0309,ITEM_002,Beef,3,36.0
T000400,2025-11-03,05:18:37,CUST_0309,ITEM_003,Tomatoes,3,11.4
T000400,2025-11-03,05:18:37,CUST_0309,ITEM_004,Oranges,2,7.0
T000400,2025-11-03,05:18:37,CUST_0309,ITEM_005,Pasta,3,10.5
T000400,2025-11-03,05:18:37,CUST_0309,ITEM_006,Rice,3,12.0
T000401,2025-09-24,03:36:37,CUST_0179,ITEM_001,Potatoes,3,6.0
T000401,2025-09-24,03:36:37,CUST_0179,ITEM_002,Rice,1,4.0
T000401,2025-09-24,03:36:37,CUST_0179,ITEM_003,Onions,1,2.2
T000401,2025-09-24,03:36:37,CUST_0179,ITEM_004,Beef,2,24.0
T000401,2025-09-24,03:36:37,CUST_0179,ITEM_005,Chicken,3,25.5
T000401,2025-09-24,03:36:37,CUST_0179,ITEM_006,Butter,2,9.0
T000402,2025-09-25,02:21:37,CUST_0119,ITEM_001,Cheese,2,11.6
T000402,2025-09-25,02:21:37,CUST_0119,ITEM_002,Milk,1,3.2
T000402,2025-09-25,02:21:37,CUST_0119,ITEM_003,Eggs,2,6.0
T000402,2025-09-25,02:21:37,CUST_0119,ITEM_004,Butter,2,9.0
T000402,2025-09-25,02:21:37,CUST_0119,ITEM_005,Potatoes,2,4.0
T000403,2025-11-08,07:15:37,CUST_0306,ITEM_001,Onions,1,2.2
T000403,2025-11-08,07:15:37,CUST_0306,ITEM_002,Potatoes,3,6.0
T000403,2025-11-08,07:15:37,CUST_0306,ITEM_003,Butter,1,4.5
T000403,2025-11-08,07:15:37,CUST_0306,ITEM_004,Cheese,3,17.4
T000403,2025-11-08,07:15:37,CUST_0306,ITEM_005,Beef,2,24.0
T000403,2025-11-08,07:15:37,CUST_0306,ITEM_006,Tomatoes,1,3.8
T000403,2025-11-08,07:15:37,CUST_0306,ITEM_007,Chicken,1,8.5
T000404,2025-11-07,03:57:37,CUST_0053,ITEM_001,Eggs,1,3.0
T000405,2025-11-06,04:37:37,CUST_0281,ITEM_001,Tomatoes,2,7.6
T000405,2025-11-06,04:37:37,CUST_0281,ITEM_002,Chicken,3,25.5
T000405,2025-11-06,04:37:37,CUST_0281,ITEM_003,Rice,1,4.0
T000405,2025-11-06,04:37:37,CUST_0281,ITEM_004,Milk,2,6.4
T000405,2025-11-06,04:37:37,CUST_0281,ITEM_005,Bananas,1,2.8
T000405,2025-11-06,04:37:37,CUST_0281,ITEM_006,Cheese,2,11.6
T000406,2025-10-01,03:33:37,CUST_0153,ITEM_001,Potatoes,2,4.0
T000407,2025-11-10,02:54:37,CUST_0413,ITEM_001,Apples,1,4.2
T000408,2025-09-24,11:24:37,CUST_0364,ITEM_001,Butter,2,9.0
T000408,2025-09-24,11:24:37,CUST_0364,ITEM_002,Oranges,3,10.5
T000409,2025-10-10,06:52:37,CUST_0060,ITEM_001,Tomatoes,3,11.4
T000409,2025-10-10,06:52:37,CUST_0060,ITEM_002,Onions,3,6.6
T000409,2025-10-10,06:52:37,CUST_0060,ITEM_003,Pasta,1,3.5
T000409,2025-10-10,06:52:37,CUST_0060,ITEM_004,Oranges,2,7.0
T000409,2025-10-10,06:52:37,CUST_0060,ITEM_005,Chicken,3,25.5
T000410,2025-09-23,07:33:37,CUST_0093,ITEM_001,Cheese,2,11.6
T000410,2025-09-23,07:33:37,CUST_0093,ITEM_002,Beef,2,24.0
T000410,2025-09-23,07:33:37,CUST_0093,ITEM_003,Potatoes,2,4.0
T000411,2025-10-30,23:54:37,CUST_0261,ITEM_001,Pasta,2,7.0
T000411,2025-10-30,23:54:37,CUST_0261,ITEM_002,Cheese,2,11.6
T000412,2025-10-14,06:47:37,CUST_0132,ITEM_001,Tomatoes,1,3.8
T000412,2025-10-14,06:47:37,CUST_0132,ITEM_002,Onions,3,6.6
T000412,2025-10-14,06:47:37,CUST_0132,ITEM_003,Pasta,1,3.5
T000412,2025-10-14,06:47:37,CUST_0132,ITEM_004,Oranges,1,3.5
T000412,2025-10-14,06:47:37,CUST_0132,ITEM_005,Potatoes,2,4.0
T000412,2025-10-14,06:47:37,CUST_0132,ITEM_006,Bread,3,7.5
T000412,2025-10-14,06:47:37,CUST_0132,ITEM_007,Eggs,1,3.0
T000413,2025-11-05,06:57:37,CUST_0188,ITEM_001,Cheese,1,5.8
T000414,2025-11-01,02:37:37,CUST_0270,ITEM_001,Milk,2,6.4
T000415,2025-10-24,23:01:37,CUST_0369,ITEM_001,Chicken,2,17.0
T000415,2025-10-24,23:01:37,CUST_0369,ITEM_002,Beef,2,24.0
T000415,2025-10-24,23:01:37,CUST_0369,ITEM_003,Rice,1,4.0
T000416,2025-09-23,01:18:37,CUST_0281,ITEM_001,Rice,2,8.0
T000416,2025-09-23,01:18:37,CUST_0281,ITEM_002,Potatoes,2,4.0
T000416,2025-09-23,01:18:37,CUST_0281,ITEM_003,Onions,1,2.2
T000416,2025-09-23,01:18:37,CUST_0281,ITEM_004,Beef,3,36.0
T000416,2025-09-23,01:18:37,CUST_0281,ITEM_005,Pasta,2,7.0
T000416,2025-09-23,01:18:37,CUST_0281,ITEM_006,Oranges,2,7.0
T000417,2025-09-22,02:13:37,CUST_0230,ITEM_001,Oranges,1,3.5
T000418,2025-09-28,02:53:37,CUST_0064,ITEM_001,Cheese,2,11.6
T000418,2025-09-28,02:53:37,CUST_0064,ITEM_002,Milk,2,6.4
T000418,2025-09-28,02:53:37,CUST_0064,ITEM_003,Bananas,3,8.4
T000419,2025-10-06,11:05:37,CUST_0134,ITEM_001,Pasta,1,3.5
T000420,2025-11-12,00:24:37,CUST_0270,ITEM_001,Tomatoes,1,3.8
T000420,2025-11-12,00:24:37,CUST_0270,ITEM_002,Chicken,1,8.5
T000421,2025-09-18,11:09:37,CUST_0261,ITEM_001,Onions,2,4.4
T000421,2025-09-18,11:09:37,CUST_0261,ITEM_002,Tomatoes,2,7.6
T000421,2025-09-18,11:09:37,CUST_0261,ITEM_003,Rice,1,4.0
T000421,2025-09-18,11:09:37,CUST_0261,ITEM_004,Apples,2,8.4
T000421,2025-09-18,11:09:37,CUST_0261,ITEM_005,Chicken,1,8.5
T000421,2025-09-18,11:09:37,CUST_0261,ITEM_006,Butter,2,9.0
T000422,2025-10-08,10:35:37,CUST_0344,ITEM_001,Eggs,1,3.0
T000422,2025-10-08,10:35:37,CUST_0344,ITEM_002,Bread,3,7.5
T000422,2025-10-08,10:35:37,CUST_0344,ITEM_003,Milk,1,3.2
T000423,2025-11-06,23:51:37,CUST_0140,ITEM_001,Pasta,3,10.5
T000423,2025-11-06,23:51:37,CUST_0140,ITEM_002,Tomatoes,2,7.6
T000423,2025-11-06,23:51:37,CUST_0140,ITEM_003,Chicken,3,25.5
T000423,2025-11-06,23:51:37,CUST_0140,ITEM_004,Beef,3,36.0
T000423,2025-11-06,23:51:37,CUST_0140,ITEM_005,Rice,2,8.0
T000423,2025-11-06,23:51:37,CUST_0140,ITEM_006,Onions,2,4.4
T000423,2025-11-06,23:51:37,CUST_0140,ITEM_007,Potatoes,2,4.0
T000424,2025-09-16,03:46:37,CUST_0133,ITEM_001,Tomatoes,2,7.6
T000424,2025-09-16,03:46:37,CUST_0133,ITEM_002,Chicken,3,25.5
T000424,2025-09-16,03:46:37,CUST_0133,ITEM_003,Onions,3,6.6
T000424,2025-09-16,03:46:37,CUST_0133,ITEM_004,Rice,1,4.0
T000424,2025-09-16,03:46:37,CUST_0133,ITEM_005,Potatoes,3,6.0
T000425,2025-10-10,06:55:37,CUST_0386,ITEM_001,Bread,3,7.5
T000425,2025-10-10,06:55:37,CUST_0386,ITEM_002,Apples,3,12.6
T000425,2025-10-10,06:55:37,CUST_0386,ITEM_003,Beef,2,24.0
T000425,2025-10-10,06:55:37,CUST_0386,ITEM_004,Potatoes,2,4.0
T000426,2025-09-30,04:42:37,CUST_0128,ITEM_001,Rice,1,4.0
T000426,2025-09-30,04:42:37,CUST_0128,ITEM_002,Chicken,3,25.5
T000426,2025-09-30,04:42:37,CUST_0128,ITEM_003,Milk,2,6.4
T000426,2025-09-30,04:42:37,CUST_0128,ITEM_004,Tomatoes,1,3.8
T000426,2025-09-30,04:42:37,CUST_0128,ITEM_005,Cheese,2,11.6
T000426,2025-09-30,04:42:37,CUST_0128,ITEM_006,Apples,3,12.6
T000427,2025-11-09,04:57:37,CUST_0048,ITEM_001,Cheese,2,11.6
T000428,2025-11-04,03:50:37,CUST_0159,ITEM_001,Chicken,3,25.5
T000428,2025-11-04,03:50:37,CUST_0159,ITEM_002,Pasta,3,10.5
T000428,2025-11-04,03:50:37,CUST_0159,ITEM_003,Tomatoes,3,11.4
T000428,2025-11-04,03:50:37,CUST_0159,ITEM_004,Rice,2,8.0
T000428,2025-11-04,03:50:37,CUST_0159,ITEM_005,Eggs,3,9.0
T000428,2025-11-04,03:50:37,CUST_0159,ITEM_006,Bread,1,2.5
T000429,2025-10-19,06:17:37,CUST_0452,ITEM_001,Bread,2,5.0
T000429,2025-10-19,06:17:37,CUST_0452,ITEM_002,Milk,1,3.2
T000430,2025-09-27,10:25:37,CUST_0311,ITEM_001,Bananas,1,2.8
T000430,2025-09-27,10:25:37,CUST_0311,ITEM_002,Potatoes,1,2.0
T000431,2025-10-13,08:03:37,CUST_0231,ITEM_001,Rice,1,4.0
T000431,2025-10-13,08:03:37,CUST_0231,ITEM_002,Beef,1,12.0
T000431,2025-10-13,08:03:37,CUST_0231,ITEM_003,Bread,3,7.5
T000432,2025-11-02,08:49:37,CUST_0026,ITEM_001,Bread,1,2.5
T000432,2025-11-02,08:49:37,CUST_0026,ITEM_002,Milk,3,9.6
T000432,2025-11-02,08:49:37,CUST_0026,ITEM_003,Potatoes,2,4.0
T000432,2025-11-02,08:49:37,CUST_0026,ITEM_004,Chicken,2,17.0
T000432,2025-11-02,08:49:37,CUST_0026,ITEM_005,Eggs,1,3.0
T000432,2025-11-02,08:49:37,CUST_0026,ITEM_006,Rice,2,8.0
T000433,2025-10-07,06:21:37,CUST_0110,ITEM_001,Milk,3,9.6
T000433,2025-10-07,06:21:37,CUST_0110,ITEM_002,Bananas,3,8.4
T000434,2025-10-05,07:51:37,CUST_0380,ITEM_001,Cheese,2,11.6
T000434,2025-10-05,07:51:37,CUST_0380,ITEM_002,Butter,2,9.0
T000435,2025-10-15,11:02:37,CUST_0482,ITEM_001,Chicken,2,17.0
T000435,2025-10-15,11:02:37,CUST_0482,ITEM_002,Tomatoes,3,11.4
T000435,2025-10-15,11:02:37,CUST_0482,ITEM_003,Cheese,1,5.8
T000435,2025-10-15,11:02:37,CUST_0482,ITEM_004,Butter,2,9.0
T000436,2025-10-16,10:45:37,CUST_0403,ITEM_001,Onions,1,2.2
T000437,2025-10-11,08:08:37,CUST_0379,ITEM_001,Potatoes,2,4.0
T000438,2025-11-07,09:10:37,CUST_0136,ITEM_001,Eggs,1,3.0
T000438,2025-11-07,09:10:37,CUST_0136,ITEM_002,Bananas,2,5.6
T000438,2025-11-07,09:10:37,CUST_0136,ITEM_003,Bread,2,5.0
T000438,2025-11-07,09:10:37,CUST_0136,ITEM_004,Rice,3,12.0
T000439,2025-09-21,08:42:37,CUST_0064,ITEM_001,Chicken,2,17.0
T000439,2025-09-21,08:42:37,CUST_0064,ITEM_002,Onions,1,2.2
T000440,2025-10-28,09:07:37,CUST_0226,ITEM_001,Bananas,2,5.6
T000440,2025-10-28,09:07:37,CUST_0226,ITEM_002,Milk,3,9.6
T000440,2025-10-28,09:07:37,CUST_0226,ITEM_003,Bread,2,5.0
T000440,2025-10-28,09:07:37,CUST_0226,ITEM_004,Tomatoes,2,7.6
T000440,2025-10-28,09:07:37,CUST_0226,ITEM_005,Chicken,3,25.5
T000441,2025-10-17,04:42:37,CUST_0491,ITEM_001,Pasta,2,7.0
T000441,2025-10-17,04:42:37,CUST_0491,ITEM_002,Milk,2,6.4
T000442,2025-10-25,02:30:37,CUST_0237,ITEM_001,Beef,1,12.0
T000442,2025-10-25,02:30:37,CUST_0237,ITEM_002,Pasta,2,7.0
T000442,2025-10-25,02:30:37,CUST_0237,ITEM_003,Potatoes,3,6.0
T000442,2025-10-25,02:30:37,CUST_0237,ITEM_004,Butter,1,4.5
T000443,2025-11-07,10:39:37,CUST_0256,ITEM_001,Tomatoes,3,11.4
T000443,2025-11-07,10:39:37,CUST_0256,ITEM_002,Bread,1,2.5
T000443,2025-11-07,10:39:37,CUST_0256,ITEM_003,Chicken,1,8.5
T000443,2025-11-07,10:39:37,CUST_0256,ITEM_004,Rice,3,12.0
T000444,2025-10-30,09:30:37,CUST_0320,ITEM_001,Beef,3,36.0
T000444,2025-10-30,09:30:37,CUST_0320,ITEM_002,Rice,1,4.0
T000444,2025-10-30,09:30:37,CUST_0320,ITEM_003,Chicken,2,17.0
T000445,2025-09-22,02:53:37,CUST_0155,ITEM_001,Cheese,1,5.8
T000445,2025-09-22,02:53:37,CUST_0155,ITEM_002,Butter,1,4.5
T000445,2025-09-22,02:53:37,CUST_0155,ITEM_003,Eggs,2,6.0
T000445,2025-09-22,02:53:37,CUST_0155,ITEM_004,Rice,1,4.0
T000445,2025-09-22,02:53:37,CUST_0155,ITEM_005,Beef,3,36.0
T000445,2025-09-22,02:53:37,CUST_0155,ITEM_006,Potatoes,3,6.0
T000446,2025-11-07,03:48:37,CUST_0297,ITEM_001,Chicken,3,25.5
T000446,2025-11-07,03:48:37,CUST_0297,ITEM_002,Eggs,3,9.0
T000446,2025-11-07,03:48:37,CUST_0297,ITEM_003,Milk,3,9.6
T000446,2025-11-07,03:48:37,CUST_0297,ITEM_004,Cheese,1,5.8
T000447,2025-10-18,23:53:37,CUST_0476,ITEM_001,Cheese,2,11.6
T000448,2025-09-27,01:13:37,CUST_0419,ITEM_001,Milk,2,6.4
T000448,2025-09-27,01:13:37,CUST_0419,ITEM_002,Onions,1,2.2
T000449,2025-11-13,03:15:37,CUST_0223,ITEM_001,Rice,1,4.0
T000449,2025-11-13,03:15:37,CUST_0223,ITEM_002,Pasta,2,7.0
T000449,2025-11-13,03:15:37,CUST_0223,ITEM_003,Beef,3,36.0
T000450,2025-10-26,08:10:37,CUST_0031,ITEM_001,Tomatoes,2,7.6
T000450,2025-10-26,08:10:37,CUST_0031,ITEM_002,Rice,3,12.0
T000450,2025-10-26,08:10:37,CUST_0031,ITEM_003,Bananas,3,8.4
T000450,2025-10-26,08:10:37,CUST_0031,ITEM_004,Apples,2,8.4
T000450,2025-10-26,08:10:37,CUST_0031,ITEM_005,Butter,1,4.5
T000451,2025-10-01,10:10:37,CUST_0138,ITEM_001,Apples,1,4.2
T000451,2025-10-01,10:10:37,CUST_0138,ITEM_002,Chicken,1,8.5
T000452,2025-10-09,08:16:37,CUST_0363,ITEM_001,Eggs,1,3.0
T000452,2025-10-09,08:16:37,CUST_0363,ITEM_002,Pasta,3,10.5
T000452,2025-10-09,08:16:37,CUST_0363,ITEM_003,Milk,3,9.6
T000453,2025-10-12,09:03:37,CUST_0336,ITEM_001,Onions,3,6.6
T000454,2025-09-24,04:22:37,CUST_0444,ITEM_001,Cheese,1,5.8
T000454,2025-09-24,04:22:37,CUST_0444,ITEM_002,Butter,3,13.5
T000454,2025-09-24,04:22:37,CUST_0444,ITEM_003,Milk,2,6.4
T000455,2025-10-26,00:14:37,CUST_0415,ITEM_001,Oranges,1,3.5
T000455,2025-10-26,00:14:37,CUST_0415,ITEM_002,Chicken,2,17.0
T000455,2025-10-26,00:14:37,CUST_0415,ITEM_003,Tomatoes,2,7.6
T000456,2025-11-01,10:59:37,CUST_0003,ITEM_001,Chicken,1,8.5
T000456,2025-11-01,10:59:37,CUST_0003,ITEM_002,Rice,2,8.0
T000456,2025-11-01,10:59:37,CUST_0003,ITEM_003,Tomatoes,1,3.8
T000457,2025-11-03,00:28:37,CUST_0427,ITEM_001,Eggs,2,6.0
T000457,2025-11-03,00:28:37,CUST_0427,ITEM_002,Milk,2,6.4
T000457,2025-11-03,00:28:37,CUST_0427,ITEM_003,Oranges,2,7.0
T000458,2025-10-21,05:12:37,CUST_0497,ITEM_001,Bread,1,2.5
T000458,2025-10-21,05:12:37,CUST_0497,ITEM_002,Butter,1,4.5
T000458,2025-10-21,05:12:37,CUST_0497,ITEM_003,Eggs,3,9.0
T000458,2025-10-21,05:12:37,CUST_0497,ITEM_004,Bananas,3,8.4
T000458,2025-10-21,05:12:37,CUST_0497,ITEM_005,Cheese,3,17.4
T000459,2025-10-24,02:29:37,CUST_0258,ITEM_001,Milk,3,9.6
T000460,2025-11-01,05:05:37,CUST_0027,ITEM_001,Apples,1,4.2
T000460,2025-11-01,05:05:37,CUST_0027,ITEM_002,Bread,2,5.0
T000461,2025-10-28,23:46:37,CUST_0262,ITEM_001,Bread,2,5.0
T000461,2025-10-28,23:46:37,CUST_0262,ITEM_002,Butter,2,9.0
T000462,2025-10-31,08:10:37,CUST_0289,ITEM_001,Cheese,1,5.8
T000463,2025-09-27,06:18:37,CUST_0145,ITEM_001,Onions,3,6.6
T000463,2025-09-27,06:18:37,CUST_0145,ITEM_002,Potatoes,3,6.0
T000463,2025-09-27,06:18:37,CUST_0145,ITEM_003,Beef,2,24.0
T000463,2025-09-27,06:18:37,CUST_0145,ITEM_004,Bread,3,7.5
T000463,2025-09-27,06:18:37,CUST_0145,ITEM_005,Butter,2,9.0
T000463,2025-09-27,06:18:37,CUST_0145,ITEM_006,Eggs,2,6.0
T000464,2025-09-25,10:16:37,CUST_0371,ITEM_001,Potatoes,2,4.0
T000464,2025-09-25,10:16:37,CUST_0371,ITEM_002,Beef,1,12.0
T000464,2025-09-25,10:16:37,CUST_0371,ITEM_003,Bananas,3,8.4
T000464,2025-09-25,10:16:37,CUST_0371,ITEM_004,Onions,2,4.4
T000464,2025-09-25,10:16:37,CUST_0371,ITEM_005,Rice,2,8.0
T000464,2025-09-25,10:16:37,CUST_0371,ITEM_006,Milk,2,6.4
T000464,2025-09-25,10:16:37,CUST_0371,ITEM_007,Butter,1,4.5
T000465,2025-10-08,09:58:37,CUST_0341,ITEM_001,Pasta,3,10.5
T000465,2025-10-08,09:58:37,CUST_0341,ITEM_002,Tomatoes,1,3.8
T000466,2025-09-17,10:34:37,CUST_0028,ITEM_001,Chicken,2,17.0
T000466,2025-09-17,10:34:37,CUST_0028,ITEM_002,Rice,2,8.0
T000466,2025-09-17,10:34:37,CUST_0028,ITEM_003,Tomatoes,2,7.6
T000466,2025-09-17,10:34:37,CUST_0028,ITEM_004,Butter,1,4.5
T000466,2025-09-17,10:34:37,CUST_0028,ITEM_005,Pasta,2,7.0
T000466,2025-09-17,10:34:37,CUST_0028,ITEM_006,Bread,1,2.5
T000466,2025-09-17,10:34:37,CUST_0028,ITEM_007,Bananas,3,8.4
T000467,2025-09-24,00:40:37,CUST_0260,ITEM_001,Butter,1,4.5
T000467,2025-09-24,00:40:37,CUST_0260,ITEM_002,Bread,2,5.0
T000467,2025-09-24,00:40:37,CUST_0260,ITEM_003,Onions,1,2.2
T000468,2025-09-21,09:40:37,CUST_0490,ITEM_001,Rice,3,12.0
T000468,2025-09-21,09:40:37,CUST_0490,ITEM_002,Bananas,1,2.8
T000468,2025-09-21,09:40:37,CUST_0490,ITEM_003,Milk,2,6.4
T000468,2025-09-21,09:40:37,CUST_0490,ITEM_004,Chicken,3,25.5
T000468,2025-09-21,09:40:37,CUST_0490,ITEM_005,Pasta,1,3.5
T000469,2025-10-14,04:17:37,CUST_0403,ITEM_001,Bananas,1,2.8
T000469,2025-10-14,04:17:37,CUST_0403,ITEM_002,Tomatoes,2,7.6
T000470,2025-10-10,23:31:37,CUST_0355,ITEM_001,Eggs,1,3.0
T000470,2025-10-10,23:31:37,CUST_0355,ITEM_002,Bananas,2,5.6
T000470,2025-10-10,23:31:37,CUST_0355,ITEM_003,Beef,2,24.0
T000471,2025-10-22,22:42:37,CUST_0424,ITEM_001,Cheese,3,17.4
T000472,2025-10-01,03:07:37,CUST_0377,ITEM_001,Rice,3,12.0
T000472,2025-10-01,03:07:37,CUST_0377,ITEM_002,Chicken,2,17.0
T000472,2025-10-01,03:07:37,CUST_0377,ITEM_003,Tomatoes,1,3.8
T000472,2025-10-01,03:07:37,CUST_0377,ITEM_004,Eggs,2,6.0
T000472,2025-10-01,03:07:37,CUST_0377,ITEM_005,Onions,2,4.4
T000472,2025-10-01,03:07:37,CUST_0377,ITEM_006,Potatoes,3,6.0
T000472,2025-10-01,03:07:37,CUST_0377,ITEM_007,Beef,3,36.0
T000472,2025-10-01,03:07:37,CUST_0377,ITEM_008,Bread,2,5.0
T000473,2025-10-14,05:00:37,CUST_0371,ITEM_001,Bananas,1,2.8
T000474,2025-10-12,11:29:37,CUST_0402,ITEM_001,Oranges,1,3.5
T000474,2025-10-12,11:29:37,CUST_0402,ITEM_002,Bread,2,5.0
T000474,2025-10-12,11:29:37,CUST_0402,ITEM_003,Onions,3,6.6
T000474,2025-10-12,11:29:37,CUST_0402,ITEM_004,Bananas,1,2.8
T000474,2025-10-12,11:29:37,CUST_0402,ITEM_005,Apples,1,4.2
T000475,2025-11-01,10:20:37,CUST_0309,ITEM_001,Pasta,3,10.5
T000475,2025-11-01,10:20:37,CUST_0309,ITEM_002,Tomatoes,2,7.6
T000475,2025-11-01,10:20:37,CUST_0309,ITEM_003,Onions,1,2.2
T000475,2025-11-01,10:20:37,CUST_0309,ITEM_004,Chicken,2,17.0
T000476,2025-09-29,23:30:37,CUST_0317,ITEM_001,Oranges,2,7.0
T000476,2025-09-29,23:30:37,CUST_0317,ITEM_002,Potatoes,3,6.0
T000477,2025-10-18,04:10:37,CUST_0433,ITEM_001,Onions,2,4.4
T000478,2025-10-11,04:54:37,CUST_0054,ITEM_001,Rice,3,12.0
T000479,2025-10-10,09:57:37,CUST_0475,ITEM_001,Pasta,2,7.0
T000479,2025-10-10,09:57:37,CUST_0475,ITEM_002,Tomatoes,2,7.6
T000480,2025-10-05,04:50:37,CUST_0453,ITEM_001,Apples,1,4.2
T000480,2025-10-05,04:50:37,CUST_0453,ITEM_002,Eggs,1,3.0
T000480,2025-10-05,04:50:37,CUST_0453,ITEM_003,Milk,1,3.2
T000480,2025-10-05,04:50:37,CUST_0453,ITEM_004,Bananas,2,5.6
T000480,2025-10-05,04:50:37,CUST_0453,ITEM_005,Cheese,1,5.8
T000480,2025-10-05,04:50:37,CUST_0453,ITEM_006,Bread,1,2.5
T000481,2025-10-03,06:26:37,CUST_0123,ITEM_001,Butter,2,9.0
T000481,2025-10-03,06:26:37,CUST_0123,ITEM_002,Bread,2,5.0
T000482,2025-10-07,10:48:37,CUST_0246,ITEM_001,Milk,3,9.6
T000482,2025-10-07,10:48:37,CUST_0246,ITEM_002,Chicken,1,8.5
T000482,2025-10-07,10:48:37,CUST_0246,ITEM_003,Tomatoes,3,11.4
T000482,2025-10-07,10:48:37,CUST_0246,ITEM_004,Bread,2,5.0
T000483,2025-09-27,05:03:37,CUST_0002,ITEM_001,Milk,2,6.4
T000483,2025-09-27,05:03:37,CUST_0002,ITEM_002,Pasta,1,3.5
T000483,2025-09-27,05:03:37,CUST_0002,ITEM_003,Chicken,2,17.0
T000484,2025-10-13,00:02:37,CUST_0243,ITEM_001,Bread,2,5.0
T000484,2025-10-13,00:02:37,CUST_0243,ITEM_002,Eggs,3,9.0
T000485,2025-09-18,06:17:37,CUST_0024,ITEM_001,Eggs,1,3.0
T000485,2025-09-18,06:17:37,CUST_0024,ITEM_002,Tomatoes,2,7.6
T000485,2025-09-18,06:17:37,CUST_0024,ITEM_003,Milk,1,3.2
T000486,2025-10-13,05:09:37,CUST_0212,ITEM_001,Beef,3,36.0
T000486,2025-10-13,05:09:37,CUST_0212,ITEM_002,Potatoes,2,4.0
T000486,2025-10-13,05:09:37,CUST_0212,ITEM_003,Onions,3,6.6
T000486,2025-10-13,05:09:37,CUST_0212,ITEM_004,Tomatoes,1,3.8
T000487,2025-10-10,07:03:37,CUST_0385,ITEM_001,Potatoes,3,6.0
T000488,2025-11-11,07:52:37,CUST_0424,ITEM_001,Milk,3,9.6
T000489,2025-09-21,05:51:37,CUST_0321,ITEM_001,Pasta,3,10.5
T000489,2025-09-21,05:51:37,CUST_0321,ITEM_002,Tomatoes,1,3.8
T000489,2025-09-21,05:51:37,CUST_0321,ITEM_003,Beef,3,36.0
T000489,2025-09-21,05:51:37,CUST_0321,ITEM_004,Onions,3,6.6
T000489,2025-09-21,05:51:37,CUST_0321,ITEM_005,Chicken,2,17.0
T000489,2025-09-21,05:51:37,CUST_0321,ITEM_006,Potatoes,3,6.0
T000489,2025-09-21,05:51:37,CUST_0321,ITEM_007,Rice,3,12.0
T000490,2025-09-17,07:08:37,CUST_0218,ITEM_001,Tomatoes,3,11.4
T000491,2025-10-22,10:50:37,CUST_0365,ITEM_001,Apples,2,8.4
T000491,2025-10-22,10:50:37,CUST_0365,ITEM_002,Bananas,2,5.6
T000491,2025-10-22,10:50:37,CUST_0365,ITEM_003,Cheese,3,17.4
T000491,2025-10-22,10:50:37,CUST_0365,ITEM_004,Potatoes,2,4.0
T000491,2025-10-22,10:50:37,CUST_0365,ITEM_005,Beef,2,24.0
T000492,2025-10-06,09:42:37,CUST_0126,ITEM_001,Onions,3,6.6
T000493,2025-11-11,01:32:37,CUST_0238,ITEM_001,Milk,3,9.6
T000493,2025-11-11,01:32:37,CUST_0238,ITEM_002,Onions,1,2.2
T000494,2025-10-09,03:03:37,CUST_0086,ITEM_001,Eggs,3,9.0
T000494,2025-10-09,03:03:37,CUST_0086,ITEM_002,Bread,2,5.0
T000494,2025-10-09,03:03:37,CUST_0086,ITEM_003,Milk,3,9.6
T000494,2025-10-09,03:03:37,CUST_0086,ITEM_004,Cheese,1,5.8
T000494,2025-10-09,03:03:37,CUST_0086,ITEM_005,Bananas,2,5.6
T000494,2025-10-09,03:03:37,CUST_0086,ITEM_006,Butter,3,13.5
T000494,2025-10-09,03:03:37,CUST_0086,ITEM_007,Oranges,1,3.5
T000495,2025-10-09,08:42:37,CUST_0373,ITEM_001,Tomatoes,2,7.6
T000495,2025-10-09,08:42:37,CUST_0373,ITEM_002,Onions,3,6.6
T000495,2025-10-09,08:42:37,CUST_0373,ITEM_003,Pasta,2,7.0
T000495,2025-10-09,08:42:37,CUST_0373,ITEM_004,Apples,2,8.4
T000495,2025-10-09,08:42:37,CUST_0373,ITEM_005,Chicken,3,25.5
T000496,2025-10-17,04:29:37,CUST_0246,ITEM_001,Apples,2,8.4
T000497,2025-11-08,08:54:37,CUST_0009,ITEM_001,Onions,3,6.6
T000497,2025-11-08,08:54:37,CUST_0009,ITEM_002,Tomatoes,1,3.8
T000498,2025-11-13,09:19:37,CUST_0076,ITEM_001,Potatoes,3,6.0
T000498,2025-11-13,09:19:37,CUST_0076,ITEM_002,Beef,3,36.0
T000498,2025-11-13,09:19:37,CUST_0076,ITEM_003,Oranges,2,7.0
T000499,2025-10-23,02:35:37,CUST_0408,ITEM_001,Pasta,3,10.5
T000499,2025-10-23,02:35:37,CUST_0408,ITEM_002,Tomatoes,3,11.4
T000499,2025-10-23,02:35:37,CUST_0408,ITEM_003,Chicken,2,17.0
T000500,2025-10-08,00:37:37,CUST_0009,ITEM_001,Oranges,3,10.5
T000501,2025-09-21,02:17:37,CUST_0147,ITEM_001,Oranges,3,10.5
T000501,2025-09-21,02:17:37,CUST_0147,ITEM_002,Tomatoes,1,3.8
T000501,2025-09-21,02:17:37,CUST_0147,ITEM_003,Pasta,3,10.5
T000501,2025-09-21,02:17:37,CUST_0147,ITEM_004,Onions,2,4.4
T000501,2025-09-21,02:17:37,CUST_0147,ITEM_005,Chicken,3,25.5
T000502,2025-10-09,23:23:37,CUST_0050,ITEM_001,Chicken,1,8.5
T000502,2025-10-09,23:23:37,CUST_0050,ITEM_002,Eggs,1,3.0
T000503,2025-10-08,02:10:37,CUST_0277,ITEM_001,Pasta,2,7.0
T000503,2025-10-08,02:10:37,CUST_0277,ITEM_002,Milk,1,3.2
T000504,2025-11-11,10:37:37,CUST_0140,ITEM_001,Bananas,3,8.4
T000504,2025-11-11,10:37:37,CUST_0140,ITEM_002,Apples,1,4.2
T000504,2025-11-11,10:37:37,CUST_0140,ITEM_003,Beef,2,24.0
T000505,2025-10-08,04:00:37,CUST_0194,ITEM_001,Pasta,1,3.5
T000505,2025-10-08,04:00:37,CUST_0194,ITEM_002,Tomatoes,1,3.8
T000506,2025-10-08,07:45:37,CUST_0472,ITEM_001,Bananas,2,5.6
T000506,2025-10-08,07:45:37,CUST_0472,ITEM_002,Bread,1,2.5
T000507,2025-09-30,06:56:37,CUST_0300,ITEM_001,Beef,3,36.0
T000507,2025-09-30,06:56:37,CUST_0300,ITEM_002,Bread,2,5.0
T000507,2025-09-30,06:56:37,CUST_0300,ITEM_003,Milk,1,3.2
T000507,2025-09-30,06:56:37,CUST_0300,ITEM_004,Bananas,3,8.4
T000508,2025-11-04,07:53:37,CUST_0480,ITEM_001,Bananas,3,8.4
T000508,2025-11-04,07:53:37,CUST_0480,ITEM_002,Apples,2,8.4
T000509,2025-09-20,03:46:37,CUST_0304,ITEM_001,Cheese,3,17.4
T000509,2025-09-20,03:46:37,CUST_0304,ITEM_002,Butter,3,13.5
T000509,2025-09-20,03:46:37,CUST_0304,ITEM_003,Oranges,2,7.0
T000510,2025-11-13,01:23:37,CUST_0124,ITEM_001,Apples,2,8.4
T000510,2025-11-13,01:23:37,CUST_0124,ITEM_002,Rice,1,4.0
T000510,2025-11-13,01:23:37,CUST_0124,ITEM_003,Chicken,2,17.0
T000510,2025-11-13,01:23:37,CUST_0124,ITEM_004,Bananas,2,5.6
T000511,2025-10-10,10:04:37,CUST_0452,ITEM_001,Milk,2,6.4
T000511,2025-10-10,10:04:37,CUST_0452,ITEM_002,Rice,2,8.0
T000511,2025-10-10,10:04:37,CUST_0452,ITEM_003,Chicken,2,17.0
T000512,2025-10-16,07:12:37,CUST_0308,ITEM_001,Beef,3,36.0
T000512,2025-10-16,07:12:37,CUST_0308,ITEM_002,Potatoes,3,6.0
T000512,2025-10-16,07:12:37,CUST_0308,ITEM_003,Eggs,1,3.0
T000512,2025-10-16,07:12:37,CUST_0308,ITEM_004,Bread,1,2.5
T000513,2025-11-07,09:31:37,CUST_0172,ITEM_001,Pasta,1,3.5
T000514,2025-10-06,02:27:37,CUST_0432,ITEM_001,Milk,1,3.2
T000514,2025-10-06,02:27:37,CUST_0432,ITEM_002,Bananas,3,8.4
T000514,2025-10-06,02:27:37,CUST_0432,ITEM_003,Eggs,2,6.0
T000515,2025-09-25,03:18:37,CUST_0003,ITEM_001,Onions,3,6.6
T000516,2025-09-16,01:42:37,CUST_0370,ITEM_001,Bananas,2,5.6
T000516,2025-09-16,01:42:37,CUST_0370,ITEM_002,Milk,2,6.4
T000516,2025-09-16,01:42:37,CUST_0370,ITEM_003,Eggs,1,3.0
T000516,2025-09-16,01:42:37,CUST_0370,ITEM_004,Cheese,3,17.4
T000516,2025-09-16,01:42:37,CUST_0370,ITEM_005,Butter,3,13.5
T000516,2025-09-16,01:42:37,CUST_0370,ITEM_006,Bread,1,2.5
T000517,2025-10-08,07:03:37,CUST_0015,ITEM_001,Beef,3,36.0
T000518,2025-10-16,05:02:37,CUST_0143,ITEM_001,Apples,2,8.4
T000518,2025-10-16,05:02:37,CUST_0143,ITEM_002,Bananas,2,5.6
T000518,2025-10-16,05:02:37,CUST_0143,ITEM_003,Milk,3,9.6
T000518,2025-10-16,05:02:37,CUST_0143,ITEM_004,Cheese,2,11.6
T000519,2025-09-16,00:33:37,CUST_0064,ITEM_001,Apples,1,4.2
T000519,2025-09-16,00:33:37,CUST_0064,ITEM_002,Bananas,3,8.4
T000519,2025-09-16,00:33:37,CUST_0064,ITEM_003,Beef,2,24.0
T000520,2025-11-14,02:37:37,CUST_0156,ITEM_001,Butter,2,9.0
T000520,2025-11-14,02:37:37,CUST_0156,ITEM_002,Bread,2,5.0
T000520,2025-11-14,02:37:37,CUST_0156,ITEM_003,Milk,3,9.6
T000521,2025-10-23,08:22:37,CUST_0163,ITEM_001,Milk,1,3.2
T000521,2025-10-23,08:22:37,CUST_0163,ITEM_002,Bread,2,5.0
T000521,2025-10-23,08:22:37,CUST_0163,ITEM_003,Rice,1,4.0
T000521,2025-10-23,08:22:37,CUST_0163,ITEM_004,Chicken,1,8.5
T000522,2025-10-10,07:09:37,CUST_0135,ITEM_001,Bananas,3,8.4
T000522,2025-10-10,07:09:37,CUST_0135,ITEM_002,Apples,3,12.6
T000523,2025-10-05,03:35:37,CUST_0422,ITEM_001,Pasta,3,10.5
T000523,2025-10-05,03:35:37,CUST_0422,ITEM_002,Tomatoes,3,11.4
T000524,2025-11-08,23:12:37,CUST_0299,ITEM_001,Eggs,1,3.0
T000524,2025-11-08,23:12:37,CUST_0299,ITEM_002,Cheese,1,5.8
T000524,2025-11-08,23:12:37,CUST_0299,ITEM_003,Milk,1,3.2
T000525,2025-09-28,08:36:37,CUST_0480,ITEM_001,Bananas,1,2.8
T000525,2025-09-28,08:36:37,CUST_0480,ITEM_002,Milk,1,3.2
T000526,2025-11-01,08:01:37,CUST_0044,ITEM_001,Eggs,1,3.0
T000526,2025-11-01,08:01:37,CUST_0044,ITEM_002,Milk,2,6.4
T000526,2025-11-01,08:01:37,CUST_0044,ITEM_003,Cheese,2,11.6
T000526,2025-11-01,08:01:37,CUST_0044,ITEM_004,Bread,3,7.5
T000527,2025-09-23,22:34:37,CUST_0295,ITEM_001,Potatoes,3,6.0
T000527,2025-09-23,22:34:37,CUST_0295,ITEM_002,Beef,1,12.0
T000527,2025-09-23,22:34:37,CUST_0295,ITEM_003,Onions,2,4.4
T000527,2025-09-23,22:34:37,CUST_0295,ITEM_004,Tomatoes,3,11.4
T000527,2025-09-23,22:34:37,CUST_0295,ITEM_005,Pasta,1,3.5
T000528,2025-10-24,01:31:37,CUST_0018,ITEM_001,Bread,2,5.0
T000528,2025-10-24,01:31:37,CUST_0018,ITEM_002,Milk,3,9.6
T000528,2025-10-24,01:31:37,CUST_0018,ITEM_003,Bananas,2,5.6
T000529,2025-10-06,00:27:37,CUST_0051,ITEM_001,Bread,1,2.5
T000529,2025-10-06,00:27:37,CUST_0051,ITEM_002,Pasta,2,7.0
T000529,2025-10-06,00:27:37,CUST_0051,ITEM_003,Beef,3,36.0
T000530,2025-10-16,10:44:37,CUST_0381,ITEM_001,Beef,3,36.0
T000530,2025-10-16,10:44:37,CUST_0381,ITEM_002,Bananas,3,8.4
T000530,2025-10-16,10:44:37,CUST_0381,ITEM_003,Onions,3,6.6
T000530,2025-10-16,10:44:37,CUST_0381,ITEM_004,Milk,2,6.4
T000530,2025-10-16,10:44:37,CUST_0381,ITEM_005,Chicken,1,8.5
T000530,2025-10-16,10:44:37,CUST_0381,ITEM_006,Butter,3,13.5
T000531,2025-11-14,07:46:37,CUST_0107,ITEM_001,Cheese,3,17.4
T000531,2025-11-14,07:46:37,CUST_0107,ITEM_002,Bananas,2,5.6
T000531,2025-11-14,07:46:37,CUST_0107,ITEM_003,Milk,2,6.4
T000531,2025-11-14,07:46:37,CUST_0107,ITEM_004,Oranges,2,7.0
T000531,2025-11-14,07:46:37,CUST_0107,ITEM_005,Butter,1,4.5
T000531,2025-11-14,07:46:37,CUST_0107,ITEM_006,Eggs,3,9.0
T000532,2025-10-24,03:55:37,CUST_0106,ITEM_001,Rice,1,4.0
T000532,2025-10-24,03:55:37,CUST_0106,ITEM_002,Cheese,2,11.6
T000533,2025-10-22,02:06:37,CUST_0030,ITEM_001,Butter,1,4.5
T000533,2025-10-22,02:06:37,CUST_0030,ITEM_002,Eggs,3,9.0
T000533,2025-10-22,02:06:37,CUST_0030,ITEM_003,Cheese,3,17.4
T000533,2025-10-22,02:06:37,CUST_0030,ITEM_004,Milk,2,6.4
T000533,2025-10-22,02:06:37,CUST_0030,ITEM_005,Beef,1,12.0
T000534,2025-10-31,10:51:37,CUST_0443,ITEM_001,Potatoes,1,2.0
T000534,2025-10-31,10:51:37,CUST_0443,ITEM_002,Chicken,2,17.0
T000534,2025-10-31,10:51:37,CUST_0443,ITEM_003,Bananas,1,2.8
T000535,2025-11-03,23:42:37,CUST_0476,ITEM_001,Oranges,3,10.5
T000535,2025-11-03,23:42:37,CUST_0476,ITEM_002,Potatoes,3,6.0
T000535,2025-11-03,23:42:37,CUST_0476,ITEM_003,Beef,1,12.0
T000536,2025-09-17,03:18:37,CUST_0154,ITEM_001,Oranges,2,7.0
T000536,2025-09-17,03:18:37,CUST_0154,ITEM_002,Potatoes,3,6.0
T000536,2025-09-17,03:18:37,CUST_0154,ITEM_003,Eggs,3,9.0
T000536,2025-09-17,03:18:37,CUST_0154,ITEM_004,Milk,2,6.4
T000537,2025-10-24,00:41:37,CUST_0428,ITEM_001,Rice,2,8.0
T000537,2025-10-24,00:41:37,CUST_0428,ITEM_002,Chicken,3,25.5
T000538,2025-10-18,00:36:37,CUST_0374,ITEM_001,Bananas,2,5.6
T000538,2025-10-18,00:36:37,CUST_0374,ITEM_002,Milk,1,3.2
T000538,2025-10-18,00:36:37,CUST_0374,ITEM_003,Apples,3,12.6
T000538,2025-10-18,00:36:37,CUST_0374,ITEM_004,Onions,3,6.6
T000538,2025-10-18,00:36:37,CUST_0374,ITEM_005,Cheese,3,17.4
T000538,2025-10-18,00:36:37,CUST_0374,ITEM_006,Eggs,2,6.0
T000539,2025-10-19,02:31:37,CUST_0390,ITEM_001,Pasta,3,10.5
T000540,2025-11-12,00:48:37,CUST_0080,ITEM_001,Tomatoes,1,3.8
T000540,2025-11-12,00:48:37,CUST_0080,ITEM_002,Pasta,2,7.0
T000540,2025-11-12,00:48:37,CUST_0080,ITEM_003,Chicken,3,25.5
T000541,2025-09-30,22:39:37,CUST_0077,ITEM_001,Cheese,3,17.4
T000541,2025-09-30,22:39:37,CUST_0077,ITEM_002,Butter,2,9.0
T000541,2025-09-30,22:39:37,CUST_0077,ITEM_003,Bread,3,7.5
T000541,2025-09-30,22:39:37,CUST_0077,ITEM_004,Rice,2,8.0
T000541,2025-09-30,22:39:37,CUST_0077,ITEM_005,Eggs,2,6.0
T000541,2025-09-30,22:39:37,CUST_0077,ITEM_006,Milk,1,3.2
T000542,2025-10-18,07:18:37,CUST_0141,ITEM_001,Chicken,1,8.5
T000542,2025-10-18,07:18:37,CUST_0141,ITEM_002,Tomatoes,2,7.6
T000542,2025-10-18,07:18:37,CUST_0141,ITEM_003,Onions,2,4.4
T000543,2025-10-14,22:40:37,CUST_0243,ITEM_001,Eggs,3,9.0
T000543,2025-10-14,22:40:37,CUST_0243,ITEM_002,Milk,1,3.2
T000544,2025-10-14,04:28:37,CUST_0215,ITEM_001,Rice,3,12.0
T000545,2025-10-01,09:20:37,CUST_0133,ITEM_001,Onions,2,4.4
T000545,2025-10-01,09:20:37,CUST_0133,ITEM_002,Potatoes,3,6.0
T000546,2025-11-06,10:27:37,CUST_0233,ITEM_001,Cheese,1,5.8
T000546,2025-11-06,10:27:37,CUST_0233,ITEM_002,Milk,2,6.4
T000547,2025-11-03,02:31:37,CUST_0212,ITEM_001,Oranges,2,7.0
T000547,2025-11-03,02:31:37,CUST_0212,ITEM_002,Butter,1,4.5
T000547,2025-11-03,02:31:37,CUST_0212,ITEM_003,Cheese,1,5.8
T000548,2025-10-24,10:34:37,CUST_0272,ITEM_001,Pasta,1,3.5
T000549,2025-09-23,09:15:37,CUST_0218,ITEM_001,Bread,3,7.5
T000549,2025-09-23,09:15:37,CUST_0218,ITEM_002,Eggs,3,9.0
T000549,2025-09-23,09:15:37,CUST_0218,ITEM_003,Pasta,1,3.5
T000550,2025-11-03,02:14:37,CUST_0081,ITEM_001,Butter,1,4.5
T000551,2025-09-28,22:38:37,CUST_0376,ITEM_001,Tomatoes,1,3.8
T000551,2025-09-28,22:38:37,CUST_0376,ITEM_002,Onions,3,6.6
T000552,2025-09-20,07:58:37,CUST_0384,ITEM_001,Potatoes,3,6.0
T000552,2025-09-20,07:58:37,CUST_0384,ITEM_002,Beef,3,36.0
T000552,2025-09-20,07:58:37,CUST_0384,ITEM_003,Chicken,3,25.5
T000552,2025-09-20,07:58:37,CUST_0384,ITEM_004,Tomatoes,3,11.4
T000553,2025-09-18,04:01:37,CUST_0496,ITEM_001,Bread,2,5.0
T000553,2025-09-18,04:01:37,CUST_0496,ITEM_002,Eggs,3,9.0
T000554,2025-10-26,05:15:37,CUST_0331,ITEM_001,Butter,2,9.0
T000554,2025-10-26,05:15:37,CUST_0331,ITEM_002,Cheese,1,5.8
T000554,2025-10-26,05:15:37,CUST_0331,ITEM_003,Onions,2,4.4
T000554,2025-10-26,05:15:37,CUST_0331,ITEM_004,Tomatoes,2,7.6
T000554,2025-10-26,05:15:37,CUST_0331,ITEM_005,Potatoes,3,6.0
T000554,2025-10-26,05:15:37,CUST_0331,ITEM_006,Chicken,3,25.5
T000555,2025-09-27,02:42:37,CUST_0067,ITEM_001,Chicken,3,25.5
T000556,2025-09-24,07:46:37,CUST_0403,ITEM_001,Pasta,1,3.5
T000556,2025-09-24,07:46:37,CUST_0403,ITEM_002,Tomatoes,3,11.4
T000556,2025-09-24,07:46:37,CUST_0403,ITEM_003,Onions,2,4.4
T000556,2025-09-24,07:46:37,CUST_0403,ITEM_004,Chicken,2,17.0
T000557,2025-10-20,22:58:37,CUST_0359,ITEM_001,Bananas,3,8.4
T000557,2025-10-20,22:58:37,CUST_0359,ITEM_002,Rice,2,8.0
T000557,2025-10-20,22:58:37,CUST_0359,ITEM_003,Chicken,1,8.5
T000557,2025-10-20,22:58:37,CUST_0359,ITEM_004,Apples,3,12.6
T000557,2025-10-20,22:58:37,CUST_0359,ITEM_005,Tomatoes,1,3.8
T000557,2025-10-20,22:58:37,CUST_0359,ITEM_006,Onions,2,4.4
T000557,2025-10-20,22:58:37,CUST_0359,ITEM_007,Pasta,2,7.0
T000557,2025-10-20,22:58:37,CUST_0359,ITEM_008,Potatoes,3,6.0
T000558,2025-10-03,00:39:37,CUST_0484,ITEM_001,Onions,1,2.2
T000558,2025-10-03,00:39:37,CUST_0484,ITEM_002,Beef,1,12.0
T000559,2025-11-03,05:59:37,CUST_0214,ITEM_001,Onions,3,6.6
T000559,2025-11-03,05:59:37,CUST_0214,ITEM_002,Rice,1,4.0
T000560,2025-09-21,05:47:37,CUST_0213,ITEM_001,Milk,2,6.4
T000561,2025-09-22,00:57:37,CUST_0111,ITEM_001,Apples,1,4.2
T000561,2025-09-22,00:57:37,CUST_0111,ITEM_002,Bananas,3,8.4
T000561,2025-09-22,00:57:37,CUST_0111,ITEM_003,Rice,2,8.0
T000561,2025-09-22,00:57:37,CUST_0111,ITEM_004,Chicken,3,25.5
T000562,2025-11-06,23:24:37,CUST_0350,ITEM_001,Pasta,3,10.5
T000562,2025-11-06,23:24:37,CUST_0350,ITEM_002,Tomatoes,2,7.6
T000562,2025-11-06,23:24:37,CUST_0350,ITEM_003,Cheese,2,11.6
T000562,2025-11-06,23:24:37,CUST_0350,ITEM_004,Bananas,3,8.4
T000563,2025-09-25,00:10:37,CUST_0094,ITEM_001,Bananas,2,5.6
T000564,2025-10-22,07:52:37,CUST_0167,ITEM_001,Chicken,3,25.5
T000565,2025-09-24,04:11:37,CUST_0224,ITEM_001,Bread,1,2.5
T000565,2025-09-24,04:11:37,CUST_0224,ITEM_002,Butter,3,13.5
T000565,2025-09-24,04:11:37,CUST_0224,ITEM_003,Cheese,2,11.6
T000565,2025-09-24,04:11:37,CUST_0224,ITEM_004,Eggs,2,6.0
T000565,2025-09-24,04:11:37,CUST_0224,ITEM_005,Milk,3,9.6
T000565,2025-09-24,04:11:37,CUST_0224,ITEM_006,Bananas,1,2.8
T000565,2025-09-24,04:11:37,CUST_0224,ITEM_007,Chicken,3,25.5
T000566,2025-11-05,04:35:37,CUST_0130,ITEM_001,Beef,1,12.0
T000566,2025-11-05,04:35:37,CUST_0130,ITEM_002,Potatoes,2,4.0
T000566,2025-11-05,04:35:37,CUST_0130,ITEM_003,Onions,1,2.2
T000567,2025-10-16,00:04:37,CUST_0326,ITEM_001,Rice,1,4.0
T000567,2025-10-16,00:04:37,CUST_0326,ITEM_002,Chicken,1,8.5
T000568,2025-09-16,03:43:37,CUST_0255,ITEM_001,Milk,2,6.4
T000569,2025-11-03,09:05:37,CUST_0182,ITEM_001,Potatoes,1,2.0
T000569,2025-11-03,09:05:37,CUST_0182,ITEM_002,Chicken,1,8.5
T000570,2025-10-14,09:26:37,CUST_0184,ITEM_001,Eggs,3,9.0
T000571,2025-09-25,04:28:37,CUST_0169,ITEM_001,Milk,1,3.2
T000571,2025-09-25,04:28:37,CUST_0169,ITEM_002,Eggs,1,3.0
T000571,2025-09-25,04:28:37,CUST_0169,ITEM_003,Bananas,1,2.8
T000572,2025-10-29,22:50:37,CUST_0214,ITEM_001,Pasta,3,10.5
T000573,2025-09-21,02:48:37,CUST_0014,ITEM_001,Milk,3,9.6
T000573,2025-09-21,02:48:37,CUST_0014,ITEM_002,Bananas,1,2.8
T000573,2025-09-21,02:48:37,CUST_0014,ITEM_003,Apples,1,4.2
T000573,2025-09-21,02:48:37,CUST_0014,ITEM_004,Cheese,1,5.8
T000573,2025-09-21,02:48:37,CUST_0014,ITEM_005,Bread,1,2.5
T000573,2025-09-21,02:48:37,CUST_0014,ITEM_006,Butter,3,13.5
T000573,2025-09-21,02:48:37,CUST_0014,ITEM_007,Eggs,2,6.0
T000574,2025-11-12,06:15:37,CUST_0069,ITEM_001,Chicken,2,17.0
T000574,2025-11-12,06:15:37,CUST_0069,ITEM_002,Milk,2,6.4
T000575,2025-11-14,09:58:37,CUST_0240,ITEM_001,Butter,2,9.0
T000575,2025-11-14,09:58:37,CUST_0240,ITEM_002,Milk,2,6.4
T000576,2025-11-04,02:56:37,CUST_0191,ITEM_001,Milk,2,6.4
T000576,2025-11-04,02:56:37,CUST_0191,ITEM_002,Chicken,2,17.0
T000577,2025-11-14,07:42:37,CUST_0468,ITEM_001,Butter,2,9.0
T000578,2025-10-15,04:13:37,CUST_0363,ITEM_001,Chicken,3,25.5
T000578,2025-10-15,04:13:37,CUST_0363,ITEM_002,Pasta,2,7.0
T000578,2025-10-15,04:13:37,CUST_0363,ITEM_003,Tomatoes,3,11.4
T000579,2025-10-17,07:21:37,CUST_0484,ITEM_001,Potatoes,1,2.0
T000579,2025-10-17,07:21:37,CUST_0484,ITEM_002,Pasta,1,3.5
T000579,2025-10-17,07:21:37,CUST_0484,ITEM_003,Tomatoes,2,7.6
T000579,2025-10-17,07:21:37,CUST_0484,ITEM_004,Onions,3,6.6
T000580,2025-10-20,07:03:37,CUST_0002,ITEM_001,Milk,3,9.6
T000580,2025-10-20,07:03:37,CUST_0002,ITEM_002,Oranges,3,10.5
T000580,2025-10-20,07:03:37,CUST_0002,ITEM_003,Eggs,2,6.0
T000580,2025-10-20,07:03:37,CUST_0002,ITEM_004,Onions,1,2.2
T000580,2025-10-20,07:03:37,CUST_0002,ITEM_005,Potatoes,2,4.0
T000581,2025-10-09,22:38:37,CUST_0164,ITEM_001,Tomatoes,1,3.8
T000581,2025-10-09,22:38:37,CUST_0164,ITEM_002,Pasta,2,7.0
T000581,2025-10-09,22:38:37,CUST_0164,ITEM_003,Chicken,1,8.5
T000582,2025-10-22,11:20:37,CUST_0417,ITEM_001,Eggs,1,3.0
T000582,2025-10-22,11:20:37,CUST_0417,ITEM_002,Beef,3,36.0
T000582,2025-10-22,11:20:37,CUST_0417,ITEM_003,Bread,1,2.5
T000582,2025-10-22,11:20:37,CUST_0417,ITEM_004,Milk,3,9.6
T000582,2025-10-22,11:20:37,CUST_0417,ITEM_005,Cheese,3,17.4
T000583,2025-10-04,01:41:37,CUST_0468,ITEM_001,Potatoes,2,4.0
T000583,2025-10-04,01:41:37,CUST_0468,ITEM_002,Beef,2,24.0
T000583,2025-10-04,01:41:37,CUST_0468,ITEM_003,Onions,1,2.2
T000583,2025-10-04,01:41:37,CUST_0468,ITEM_004,Milk,3,9.6
T000583,2025-10-04,01:41:37,CUST_0468,ITEM_005,Eggs,1,3.0
T000583,2025-10-04,01:41:37,CUST_0468,ITEM_006,Apples,1,4.2
T000583,2025-10-04,01:41:37,CUST_0468,ITEM_007,Oranges,1,3.5
T000584,2025-10-26,00:07:37,CUST_0254,ITEM_001,Chicken,1,8.5
T000585,2025-11-01,01:37:37,CUST_0164,ITEM_001,Rice,3,12.0
T000585,2025-11-01,01:37:37,CUST_0164,ITEM_002,Onions,3,6.6
T000586,2025-11-11,08:35:37,CUST_0124,ITEM_001,Butter,3,13.5
T000586,2025-11-11,08:35:37,CUST_0124,ITEM_002,Bread,1,2.5
T000586,2025-11-11,08:35:37,CUST_0124,ITEM_003,Cheese,3,17.4
T000586,2025-11-11,08:35:37,CUST_0124,ITEM_004,Milk,2,6.4
T000586,2025-11-11,08:35:37,CUST_0124,ITEM_005,Bananas,2,5.6
T000587,2025-10-08,00:46:37,CUST_0410,ITEM_001,Eggs,2,6.0
T000587,2025-10-08,00:46:37,CUST_0410,ITEM_002,Milk,1,3.2
T000588,2025-11-12,10:24:37,CUST_0213,ITEM_001,Potatoes,1,2.0
T000588,2025-11-12,10:24:37,CUST_0213,ITEM_002,Chicken,2,17.0
T000588,2025-11-12,10:24:37,CUST_0213,ITEM_003,Eggs,2,6.0
T000589,2025-10-07,23:18:37,CUST_0218,ITEM_001,Pasta,3,10.5
T000589,2025-10-07,23:18:37,CUST_0218,ITEM_002,Cheese,1,5.8
T000589,2025-10-07,23:18:37,CUST_0218,ITEM_003,Milk,1,3.2
T000589,2025-10-07,23:18:37,CUST_0218,ITEM_004,Tomatoes,2,7.6
T000590,2025-10-16,04:12:37,CUST_0427,ITEM_001,Butter,1,4.5
T000591,2025-11-02,02:01:37,CUST_0491,ITEM_001,Oranges,3,10.5
T000592,2025-10-15,06:07:37,CUST_0326,ITEM_001,Apples,1,4.2
T000592,2025-10-15,06:07:37,CUST_0326,ITEM_002,Oranges,2,7.0
T000592,2025-10-15,06:07:37,CUST_0326,ITEM_003,Pasta,2,7.0
T000592,2025-10-15,06:07:37,CUST_0326,ITEM_004,Rice,2,8.0
T000592,2025-10-15,06:07:37,CUST_0326,ITEM_005,Tomatoes,2,7.6
T000592,2025-10-15,06:07:37,CUST_0326,ITEM_006,Beef,1,12.0
T000592,2025-10-15,06:07:37,CUST_0326,ITEM_007,Chicken,2,17.0
T000592,2025-10-15,06:07:37,CUST_0326,ITEM_008,Onions,3,6.6
T000593,2025-09-16,23:18:37,CUST_0098,ITEM_001,Bananas,2,5.6
T000593,2025-09-16,23:18:37,CUST_0098,ITEM_002,Apples,2,8.4
T000593,2025-09-16,23:18:37,CUST_0098,ITEM_003,Milk,1,3.2
T000594,2025-10-10,05:58:37,CUST_0008,ITEM_001,Chicken,1,8.5
T000594,2025-10-10,05:58:37,CUST_0008,ITEM_002,Tomatoes,2,7.6
T000594,2025-10-10,05:58:37,CUST_0008,ITEM_003,Rice,3,12.0
T000594,2025-10-10,05:58:37,CUST_0008,ITEM_004,Pasta,1,3.5
T000594,2025-10-10,05:58:37,CUST_0008,ITEM_005,Onions,3,6.6
T000595,2025-09-21,06:01:37,CUST_0009,ITEM_001,Apples,3,12.6
T000595,2025-09-21,06:01:37,CUST_0009,ITEM_002,Bananas,2,5.6
T000595,2025-09-21,06:01:37,CUST_0009,ITEM_003,Milk,2,6.4
T000595,2025-09-21,06:01:37,CUST_0009,ITEM_004,Cheese,1,5.8
T000595,2025-09-21,06:01:37,CUST_0009,ITEM_005,Chicken,3,25.5
T000595,2025-09-21,06:01:37,CUST_0009,ITEM_006,Bread,3,7.5
T000596,2025-11-01,09:23:37,CUST_0356,ITEM_001,Cheese,3,17.4
T000596,2025-11-01,09:23:37,CUST_0356,ITEM_002,Chicken,3,25.5
T000596,2025-11-01,09:23:37,CUST_0356,ITEM_003,Butter,1,4.5
T000597,2025-11-04,23:15:37,CUST_0365,ITEM_001,Oranges,2,7.0
T000597,2025-11-04,23:15:37,CUST_0365,ITEM_002,Tomatoes,1,3.8
T000597,2025-11-04,23:15:37,CUST_0365,ITEM_003,Pasta,3,10.5
T000597,2025-11-04,23:15:37,CUST_0365,ITEM_004,Milk,1,3.2
T000598,2025-10-20,10:34:37,CUST_0022,ITEM_001,Cheese,3,17.4
T000598,2025-10-20,10:34:37,CUST_0022,ITEM_002,Milk,1,3.2
T000599,2025-10-04,01:21:37,CUST_0458,ITEM_001,Cheese,1,5.8
T000599,2025-10-04,01:21:37,CUST_0458,ITEM_002,Tomatoes,1,3.8
T000599,2025-10-04,01:21:37,CUST_0458,ITEM_003,Onions,1,2.2
T000600,2025-11-04,08:40:37,CUST_0162,ITEM_001,Bananas,3,8.4
T000600,2025-11-04,08:40:37,CUST_0162,ITEM_002,Pasta,3,10.5
T000600,2025-11-04,08:40:37,CUST_0162,ITEM_003,Onions,3,6.6
T000600,2025-11-04,08:40:37,CUST_0162,ITEM_004,Tomatoes,2,7.6
T000601,2025-10-15,08:53:37,CUST_0251,ITEM_001,Chicken,3,25.5
T000601,2025-10-15,08:53:37,CUST_0251,ITEM_002,Rice,1,4.0
T000601,2025-10-15,08:53:37,CUST_0251,ITEM_003,Tomatoes,2,7.6
T000601,2025-10-15,08:53:37,CUST_0251,ITEM_004,Milk,1,3.2
T000601,2025-10-15,08:53:37,CUST_0251,ITEM_005,Eggs,1,3.0
T000602,2025-09-16,11:29:37,CUST_0166,ITEM_001,Tomatoes,3,11.4
T000603,2025-09-21,09:07:37,CUST_0210,ITEM_001,Onions,1,2.2
T000604,2025-11-07,06:38:37,CUST_0222,ITEM_001,Cheese,3,17.4
T000604,2025-11-07,06:38:37,CUST_0222,ITEM_002,Butter,1,4.5
T000604,2025-11-07,06:38:37,CUST_0222,ITEM_003,Bread,1,2.5
T000604,2025-11-07,06:38:37,CUST_0222,ITEM_004,Milk,1,3.2
T000604,2025-11-07,06:38:37,CUST_0222,ITEM_005,Apples,2,8.4
T000604,2025-11-07,06:38:37,CUST_0222,ITEM_006,Oranges,3,10.5
T000604,2025-11-07,06:38:37,CUST_0222,ITEM_007,Bananas,1,2.8
T000605,2025-10-06,06:12:37,CUST_0171,ITEM_001,Bread,3,7.5
T000605,2025-10-06,06:12:37,CUST_0171,ITEM_002,Cheese,3,17.4
T000605,2025-10-06,06:12:37,CUST_0171,ITEM_003,Milk,3,9.6
T000605,2025-10-06,06:12:37,CUST_0171,ITEM_004,Butter,2,9.0
T000605,2025-10-06,06:12:37,CUST_0171,ITEM_005,Rice,3,12.0
T000606,2025-11-06,05:18:37,CUST_0023,ITEM_001,Tomatoes,3,11.4
T000606,2025-11-06,05:18:37,CUST_0023,ITEM_002,Milk,1,3.2
T000606,2025-11-06,05:18:37,CUST_0023,ITEM_003,Chicken,3,25.5
T000606,2025-11-06,05:18:37,CUST_0023,ITEM_004,Cheese,1,5.8
T000606,2025-11-06,05:18:37,CUST_0023,ITEM_005,Rice,1,4.0
T000607,2025-10-25,03:48:37,CUST_0365,ITEM_001,Tomatoes,1,3.8
T000607,2025-10-25,03:48:37,CUST_0365,ITEM_002,Onions,2,4.4
T000607,2025-10-25,03:48:37,CUST_0365,ITEM_003,Pasta,1,3.5
T000607,2025-10-25,03:48:37,CUST_0365,ITEM_004,Potatoes,1,2.0
T000607,2025-10-25,03:48:37,CUST_0365,ITEM_005,Chicken,2,17.0
T000608,2025-10-24,11:00:37,CUST_0467,ITEM_001,Chicken,1,8.5
T000608,2025-10-24,11:00:37,CUST_0467,ITEM_002,Tomatoes,2,7.6
T000608,2025-10-24,11:00:37,CUST_0467,ITEM_003,Onions,2,4.4
T000609,2025-09-24,07:58:37,CUST_0273,ITEM_001,Eggs,2,6.0
T000609,2025-09-24,07:58:37,CUST_0273,ITEM_002,Beef,1,12.0
T000609,2025-09-24,07:58:37,CUST_0273,ITEM_003,Bread,1,2.5
T000610,2025-09-18,07:03:37,CUST_0188,ITEM_001,Chicken,2,17.0
T000611,2025-11-08,08:44:37,CUST_0150,ITEM_001,Bananas,1,2.8
T000612,2025-10-02,23:41:37,CUST_0188,ITEM_001,Bananas,1,2.8
T000612,2025-10-02,23:41:37,CUST_0188,ITEM_002,Apples,3,12.6
T000612,2025-10-02,23:41:37,CUST_0188,ITEM_003,Tomatoes,3,11.4
T000612,2025-10-02,23:41:37,CUST_0188,ITEM_004,Onions,2,4.4
T000612,2025-10-02,23:41:37,CUST_0188,ITEM_005,Milk,3,9.6
T000612,2025-10-02,23:41:37,CUST_0188,ITEM_006,Potatoes,3,6.0
T000612,2025-10-02,23:41:37,CUST_0188,ITEM_007,Bread,3,7.5
T000613,2025-10-19,04:44:37,CUST_0500,ITEM_001,Bananas,2,5.6
T000613,2025-10-19,04:44:37,CUST_0500,ITEM_002,Apples,2,8.4
T000614,2025-11-05,07:10:37,CUST_0410,ITEM_001,Tomatoes,1,3.8
T000614,2025-11-05,07:10:37,CUST_0410,ITEM_002,Chicken,1,8.5
T000614,2025-11-05,07:10:37,CUST_0410,ITEM_003,Onions,2,4.4
T000615,2025-10-20,01:51:37,CUST_0324,ITEM_001,Tomatoes,2,7.6
T000615,2025-10-20,01:51:37,CUST_0324,ITEM_002,Cheese,2,11.6
T000616,2025-09-29,22:57:37,CUST_0424,ITEM_001,Cheese,3,17.4
T000616,2025-09-29,22:57:37,CUST_0424,ITEM_002,Butter,2,9.0
T000617,2025-11-12,06:21:37,CUST_0004,ITEM_001,Bananas,2,5.6
T000617,2025-11-12,06:21:37,CUST_0004,ITEM_002,Eggs,3,9.0
T000617,2025-11-12,06:21:37,CUST_0004,ITEM_003,Beef,2,24.0
T000617,2025-11-12,06:21:37,CUST_0004,ITEM_004,Milk,2,6.4
T000618,2025-11-08,07:31:37,CUST_0231,ITEM_001,Butter,1,4.5
T000618,2025-11-08,07:31:37,CUST_0231,ITEM_002,Bread,3,7.5
T000618,2025-11-08,07:31:37,CUST_0231,ITEM_003,Milk,3,9.6
T000619,2025-10-15,07:30:37,CUST_0252,ITEM_001,Chicken,1,8.5
T000619,2025-10-15,07:30:37,CUST_0252,ITEM_002,Tomatoes,1,3.8
T000619,2025-10-15,07:30:37,CUST_0252,ITEM_003,Milk,3,9.6
T000620,2025-10-31,05:43:37,CUST_0026,ITEM_001,Chicken,2,17.0
T000620,2025-10-31,05:43:37,CUST_0026,ITEM_002,Rice,2,8.0
T000620,2025-10-31,05:43:37,CUST_0026,ITEM_003,Tomatoes,2,7.6
T000620,2025-10-31,05:43:37,CUST_0026,ITEM_004,Onions,1,2.2
T000620,2025-10-31,05:43:37,CUST_0026,ITEM_005,Potatoes,3,6.0
T000621,2025-10-20,06:18:37,CUST_0198,ITEM_001,Potatoes,2,4.0
T000621,2025-10-20,06:18:37,CUST_0198,ITEM_002,Onions,1,2.2
T000622,2025-09-22,03:38:37,CUST_0402,ITEM_001,Pasta,1,3.5
T000622,2025-09-22,03:38:37,CUST_0402,ITEM_002,Tomatoes,1,3.8
T000622,2025-09-22,03:38:37,CUST_0402,ITEM_003,Onions,1,2.2
T000622,2025-09-22,03:38:37,CUST_0402,ITEM_004,Bread,1,2.5
T000622,2025-09-22,03:38:37,CUST_0402,ITEM_005,Potatoes,2,4.0
T000623,2025-09-23,00:56:37,CUST_0163,ITEM_001,Potatoes,1,2.0
T000623,2025-09-23,00:56:37,CUST_0163,ITEM_002,Apples,2,8.4
T000623,2025-09-23,00:56:37,CUST_0163,ITEM_003,Beef,1,12.0
T000623,2025-09-23,00:56:37,CUST_0163,ITEM_004,Onions,1,2.2
T000623,2025-09-23,00:56:37,CUST_0163,ITEM_005,Cheese,3,17.4
T000624,2025-09-26,01:46:37,CUST_0090,ITEM_001,Chicken,2,17.0
T000624,2025-09-26,01:46:37,CUST_0090,ITEM_002,Rice,1,4.0
T000624,2025-09-26,01:46:37,CUST_0090,ITEM_003,Tomatoes,1,3.8
T000625,2025-10-26,03:12:37,CUST_0259,ITEM_001,Eggs,1,3.0
T000626,2025-10-26,00:02:37,CUST_0050,ITEM_001,Tomatoes,1,3.8
T000626,2025-10-26,00:02:37,CUST_0050,ITEM_002,Eggs,2,6.0
T000626,2025-10-26,00:02:37,CUST_0050,ITEM_003,Oranges,1,3.5
T000626,2025-10-26,00:02:37,CUST_0050,ITEM_004,Bananas,3,8.4
T000626,2025-10-26,00:02:37,CUST_0050,ITEM_005,Apples,3,12.6
T000627,2025-09-18,04:34:37,CUST_0411,ITEM_001,Potatoes,2,4.0
T000627,2025-09-18,04:34:37,CUST_0411,ITEM_002,Rice,3,12.0
T000627,2025-09-18,04:34:37,CUST_0411,ITEM_003,Beef,2,24.0
T000627,2025-09-18,04:34:37,CUST_0411,ITEM_004,Chicken,2,17.0
T000627,2025-09-18,04:34:37,CUST_0411,ITEM_005,Tomatoes,2,7.6
T000628,2025-10-02,07:34:37,CUST_0272,ITEM_001,Chicken,3,25.5
T000629,2025-10-07,22:33:37,CUST_0019,ITEM_001,Pasta,3,10.5
T000629,2025-10-07,22:33:37,CUST_0019,ITEM_002,Tomatoes,2,7.6
T000630,2025-09-17,00:52:37,CUST_0176,ITEM_001,Eggs,3,9.0
T000630,2025-09-17,00:52:37,CUST_0176,ITEM_002,Bread,3,7.5
T000631,2025-10-19,02:35:37,CUST_0439,ITEM_001,Beef,2,24.0
T000631,2025-10-19,02:35:37,CUST_0439,ITEM_002,Bread,1,2.5
T000631,2025-10-19,02:35:37,CUST_0439,ITEM_003,Onions,1,2.2
T000631,2025-10-19,02:35:37,CUST_0439,ITEM_004,Milk,3,9.6
T000632,2025-10-18,22:39:37,CUST_0486,ITEM_001,Cheese,2,11.6
T000633,2025-09-21,04:52:37,CUST_0208,ITEM_001,Oranges,1,3.5
T000633,2025-09-21,04:52:37,CUST_0208,ITEM_002,Chicken,1,8.5
T000633,2025-09-21,04:52:37,CUST_0208,ITEM_003,Butter,3,13.5
T000633,2025-09-21,04:52:37,CUST_0208,ITEM_004,Rice,3,12.0
T000633,2025-09-21,04:52:37,CUST_0208,ITEM_005,Tomatoes,2,7.6
T000633,2025-09-21,04:52:37,CUST_0208,ITEM_006,Cheese,3,17.4
T000634,2025-09-30,01:07:37,CUST_0485,ITEM_001,Potatoes,2,4.0
T000634,2025-09-30,01:07:37,CUST_0485,ITEM_002,Cheese,3,17.4
T000634,2025-09-30,01:07:37,CUST_0485,ITEM_003,Rice,1,4.0
T000634,2025-09-30,01:07:37,CUST_0485,ITEM_004,Beef,1,12.0
T000634,2025-09-30,01:07:37,CUST_0485,ITEM_005,Butter,3,13.5
T000634,2025-09-30,01:07:37,CUST_0485,ITEM_006,Milk,3,9.6
T000634,2025-09-30,01:07:37,CUST_0485,ITEM_007,Chicken,1,8.5
T000635,2025-11-01,08:17:37,CUST_0120,ITEM_001,Cheese,1,5.8
T000635,2025-11-01,08:17:37,CUST_0120,ITEM_002,Rice,1,4.0
T000635,2025-11-01,08:17:37,CUST_0120,ITEM_003,Apples,3,12.6
T000635,2025-11-01,08:17:37,CUST_0120,ITEM_004,Milk,1,3.2
T000635,2025-11-01,08:17:37,CUST_0120,ITEM_005,Eggs,3,9.0
T000635,2025-11-01,08:17:37,CUST_0120,ITEM_006,Butter,1,4.5
T000636,2025-10-27,08:11:37,CUST_0370,ITEM_001,Pasta,2,7.0
T000637,2025-11-09,02:19:37,CUST_0371,ITEM_001,Chicken,2,17.0
T000637,2025-11-09,02:19:37,CUST_0371,ITEM_002,Rice,3,12.0
T000637,2025-11-09,02:19:37,CUST_0371,ITEM_003,Milk,2,6.4
T000637,2025-11-09,02:19:37,CUST_0371,ITEM_004,Cheese,1,5.8
T000638,2025-09-17,03:29:37,CUST_0088,ITEM_001,Milk,1,3.2
T000638,2025-09-17,03:29:37,CUST_0088,ITEM_002,Eggs,3,9.0
T000639,2025-09-26,06:05:37,CUST_0082,ITEM_001,Cheese,2,11.6
T000639,2025-09-26,06:05:37,CUST_0082,ITEM_002,Milk,3,9.6
T000639,2025-09-26,06:05:37,CUST_0082,ITEM_003,Oranges,1,3.5
T000639,2025-09-26,06:05:37,CUST_0082,ITEM_004,Bananas,3,8.4
T000640,2025-10-02,02:11:37,CUST_0316,ITEM_001,Tomatoes,3,11.4
T000641,2025-10-02,06:21:37,CUST_0473,ITEM_001,Beef,2,24.0
T000642,2025-09-23,10:25:37,CUST_0237,ITEM_001,Beef,1,12.0
T000642,2025-09-23,10:25:37,CUST_0237,ITEM_002,Apples,1,4.2
T000643,2025-10-24,04:45:37,CUST_0420,ITEM_001,Cheese,2,11.6
T000643,2025-10-24,04:45:37,CUST_0420,ITEM_002,Butter,1,4.5
T000643,2025-10-24,04:45:37,CUST_0420,ITEM_003,Milk,2,6.4
T000644,2025-11-09,03:28:37,CUST_0288,ITEM_001,Potatoes,2,4.0
T000644,2025-11-09,03:28:37,CUST_0288,ITEM_002,Butter,2,9.0
T000645,2025-11-11,05:36:37,CUST_0337,ITEM_001,Rice,3,12.0
T000645,2025-11-11,05:36:37,CUST_0337,ITEM_002,Chicken,1,8.5
T000646,2025-10-06,04:43:37,CUST_0147,ITEM_001,Beef,3,36.0
T000647,2025-10-25,05:33:37,CUST_0232,ITEM_001,Milk,2,6.4
T000647,2025-10-25,05:33:37,CUST_0232,ITEM_002,Tomatoes,3,11.4
T000648,2025-11-04,01:35:37,CUST_0301,ITEM_001,Milk,3,9.6
T000648,2025-11-04,01:35:37,CUST_0301,ITEM_002,Eggs,2,6.0
T000648,2025-11-04,01:35:37,CUST_0301,ITEM_003,Cheese,1,5.8
T000648,2025-11-04,01:35:37,CUST_0301,ITEM_004,Tomatoes,1,3.8
T000648,2025-11-04,01:35:37,CUST_0301,ITEM_005,Bananas,2,5.6
T000649,2025-10-27,07:53:37,CUST_0127,ITEM_001,Chicken,2,17.0
T000649,2025-10-27,07:53:37,CUST_0127,ITEM_002,Rice,3,12.0
T000650,2025-10-16,07:36:37,CUST_0368,ITEM_001,Chicken,1,8.5
T000650,2025-10-16,07:36:37,CUST_0368,ITEM_002,Tomatoes,1,3.8
T000651,2025-09-27,09:25:37,CUST_0056,ITEM_001,Potatoes,1,2.0
T000652,2025-10-21,09:42:37,CUST_0082,ITEM_001,Apples,1,4.2
T000652,2025-10-21,09:42:37,CUST_0082,ITEM_002,Bananas,3,8.4
T000652,2025-10-21,09:42:37,CUST_0082,ITEM_003,Potatoes,2,4.0
T000653,2025-10-15,09:10:37,CUST_0270,ITEM_001,Cheese,2,11.6
T000653,2025-10-15,09:10:37,CUST_0270,ITEM_002,Onions,1,2.2
T000653,2025-10-15,09:10:37,CUST_0270,ITEM_003,Butter,2,9.0
T000653,2025-10-15,09:10:37,CUST_0270,ITEM_004,Bread,2,5.0
T000653,2025-10-15,09:10:37,CUST_0270,ITEM_005,Milk,3,9.6
T000653,2025-10-15,09:10:37,CUST_0270,ITEM_006,Apples,3,12.6
T000654,2025-11-01,03:21:37,CUST_0099,ITEM_001,Bananas,2,5.6
T000655,2025-09-23,11:10:37,CUST_0341,ITEM_001,Oranges,3,10.5
T000655,2025-09-23,11:10:37,CUST_0341,ITEM_002,Butter,1,4.5
T000655,2025-09-23,11:10:37,CUST_0341,ITEM_003,Bread,3,7.5
T000656,2025-09-26,02:49:37,CUST_0318,ITEM_001,Eggs,1,3.0
T000657,2025-09-24,01:13:37,CUST_0417,ITEM_001,Tomatoes,1,3.8
T000658,2025-09-30,07:15:37,CUST_0275,ITEM_001,Eggs,1,3.0
T000659,2025-10-12,07:44:37,CUST_0383,ITEM_001,Milk,2,6.4
T000659,2025-10-12,07:44:37,CUST_0383,ITEM_002,Bananas,2,5.6
T000660,2025-10-18,06:47:37,CUST_0050,ITEM_001,Onions,1,2.2
T000660,2025-10-18,06:47:37,CUST_0050,ITEM_002,Tomatoes,3,11.4
T000660,2025-10-18,06:47:37,CUST_0050,ITEM_003,Pasta,2,7.0
T000660,2025-10-18,06:47:37,CUST_0050,ITEM_004,Chicken,2,17.0
T000660,2025-10-18,06:47:37,CUST_0050,ITEM_005,Rice,1,4.0
T000660,2025-10-18,06:47:37,CUST_0050,ITEM_006,Potatoes,3,6.0
T000660,2025-10-18,06:47:37,CUST_0050,ITEM_007,Apples,1,4.2
T000661,2025-10-26,02:55:37,CUST_0341,ITEM_001,Bananas,1,2.8
T000662,2025-09-16,07:04:37,CUST_0453,ITEM_001,Onions,1,2.2
T000662,2025-09-16,07:04:37,CUST_0453,ITEM_002,Potatoes,3,6.0
T000663,2025-11-04,06:40:37,CUST_0353,ITEM_001,Beef,1,12.0
T000664,2025-10-24,05:50:37,CUST_0017,ITEM_001,Pasta,2,7.0
T000664,2025-10-24,05:50:37,CUST_0017,ITEM_002,Tomatoes,2,7.6
T000664,2025-10-24,05:50:37,CUST_0017,ITEM_003,Onions,3,6.6
T000664,2025-10-24,05:50:37,CUST_0017,ITEM_004,Chicken,2,17.0
T000664,2025-10-24,05:50:37,CUST_0017,ITEM_005,Bread,1,2.5
T000665,2025-10-18,01:30:37,CUST_0010,ITEM_001,Rice,3,12.0
T000665,2025-10-18,01:30:37,CUST_0010,ITEM_002,Bread,3,7.5
T000665,2025-10-18,01:30:37,CUST_0010,ITEM_003,Chicken,2,17.0
T000666,2025-10-27,01:31:37,CUST_0110,ITEM_001,Eggs,2,6.0
T000666,2025-10-27,01:31:37,CUST_0110,ITEM_002,Bread,2,5.0
T000666,2025-10-27,01:31:37,CUST_0110,ITEM_003,Butter,3,13.5
T000666,2025-10-27,01:31:37,CUST_0110,ITEM_004,Milk,1,3.2
T000667,2025-09-30,01:22:37,CUST_0457,ITEM_001,Eggs,2,6.0
T000667,2025-09-30,01:22:37,CUST_0457,ITEM_002,Bread,2,5.0
T000667,2025-09-30,01:22:37,CUST_0457,ITEM_003,Milk,1,3.2
T000668,2025-11-08,05:44:37,CUST_0387,ITEM_001,Cheese,1,5.8
T000668,2025-11-08,05:44:37,CUST_0387,ITEM_002,Milk,3,9.6
T000668,2025-11-08,05:44:37,CUST_0387,ITEM_003,Butter,3,13.5
T000668,2025-11-08,05:44:37,CUST_0387,ITEM_004,Bread,2,5.0
T000668,2025-11-08,05:44:37,CUST_0387,ITEM_005,Potatoes,3,6.0
T000668,2025-11-08,05:44:37,CUST_0387,ITEM_006,Oranges,2,7.0
T000669,2025-09-26,23:41:37,CUST_0090,ITEM_001,Bananas,3,8.4
T000670,2025-10-13,02:02:37,CUST_0476,ITEM_001,Milk,1,3.2
T000670,2025-10-13,02:02:37,CUST_0476,ITEM_002,Bread,1,2.5
T000670,2025-10-13,02:02:37,CUST_0476,ITEM_003,Bananas,1,2.8
T000670,2025-10-13,02:02:37,CUST_0476,ITEM_004,Cheese,3,17.4
T000670,2025-10-13,02:02:37,CUST_0476,ITEM_005,Butter,1,4.5
T000670,2025-10-13,02:02:37,CUST_0476,ITEM_006,Apples,2,8.4
T000670,2025-10-13,02:02:37,CUST_0476,ITEM_007,Eggs,2,6.0
T000671,2025-10-21,04:59:37,CUST_0028,ITEM_001,Eggs,1,3.0
T000671,2025-10-21,04:59:37,CUST_0028,ITEM_002,Bread,2,5.0
T000671,2025-10-21,04:59:37,CUST_0028,ITEM_003,Milk,1,3.2
T000671,2025-10-21,04:59:37,CUST_0028,ITEM_004,Oranges,1,3.5
T000671,2025-10-21,04:59:37,CUST_0028,ITEM_005,Butter,1,4.5
T000672,2025-09-24,10:00:37,CUST_0123,ITEM_001,Milk,3,9.6
T000672,2025-09-24,10:00:37,CUST_0123,ITEM_002,Eggs,3,9.0
T000672,2025-09-24,10:00:37,CUST_0123,ITEM_003,Cheese,2,11.6
T000673,2025-09-29,10:52:37,CUST_0051,ITEM_001,Bananas,1,2.8
T000673,2025-09-29,10:52:37,CUST_0051,ITEM_002,Apples,1,4.2
T000673,2025-09-29,10:52:37,CUST_0051,ITEM_003,Milk,3,9.6
T000674,2025-10-09,03:07:37,CUST_0201,ITEM_001,Eggs,2,6.0
T000674,2025-10-09,03:07:37,CUST_0201,ITEM_002,Butter,2,9.0
T000674,2025-10-09,03:07:37,CUST_0201,ITEM_003,Oranges,3,10.5
T000674,2025-10-09,03:07:37,CUST_0201,ITEM_004,Milk,1,3.2
T000674,2025-10-09,03:07:37,CUST_0201,ITEM_005,Onions,2,4.4
T000674,2025-10-09,03:07:37,CUST_0201,ITEM_006,Bananas,3,8.4
T000675,2025-11-07,22:56:37,CUST_0429,ITEM_001,Milk,3,9.6
T000676,2025-10-31,06:46:37,CUST_0063,ITEM_001,Onions,3,6.6
T000676,2025-10-31,06:46:37,CUST_0063,ITEM_002,Tomatoes,3,11.4
T000677,2025-10-02,08:12:37,CUST_0138,ITEM_001,Rice,3,12.0
T000677,2025-10-02,08:12:37,CUST_0138,ITEM_002,Chicken,3,25.5
T000677,2025-10-02,08:12:37,CUST_0138,ITEM_003,Tomatoes,3,11.4
T000677,2025-10-02,08:12:37,CUST_0138,ITEM_004,Onions,1,2.2
T000678,2025-11-07,04:45:37,CUST_0255,ITEM_001,Chicken,3,25.5
T000678,2025-11-07,04:45:37,CUST_0255,ITEM_002,Tomatoes,3,11.4
T000678,2025-11-07,04:45:37,CUST_0255,ITEM_003,Rice,2,8.0
T000678,2025-11-07,04:45:37,CUST_0255,ITEM_004,Onions,3,6.6
T000678,2025-11-07,04:45:37,CUST_0255,ITEM_005,Eggs,2,6.0
T000678,2025-11-07,04:45:37,CUST_0255,ITEM_006,Bread,2,5.0
T000679,2025-10-06,10:39:37,CUST_0403,ITEM_001,Eggs,1,3.0
T000679,2025-10-06,10:39:37,CUST_0403,ITEM_002,Milk,1,3.2
T000679,2025-10-06,10:39:37,CUST_0403,ITEM_003,Onions,3,6.6
T000680,2025-10-18,02:15:37,CUST_0211,ITEM_001,Chicken,1,8.5
T000680,2025-10-18,02:15:37,CUST_0211,ITEM_002,Pasta,1,3.5
T000680,2025-10-18,02:15:37,CUST_0211,ITEM_003,Tomatoes,1,3.8
T000680,2025-10-18,02:15:37,CUST_0211,ITEM_004,Potatoes,3,6.0
T000680,2025-10-18,02:15:37,CUST_0211,ITEM_005,Eggs,1,3.0
T000681,2025-09-30,06:23:37,CUST_0219,ITEM_001,Onions,2,4.4
T000682,2025-10-24,10:35:37,CUST_0051,ITEM_001,Cheese,2,11.6
T000682,2025-10-24,10:35:37,CUST_0051,ITEM_002,Butter,1,4.5
T000682,2025-10-24,10:35:37,CUST_0051,ITEM_003,Onions,2,4.4
T000683,2025-10-26,23:54:37,CUST_0023,ITEM_001,Pasta,1,3.5
T000683,2025-10-26,23:54:37,CUST_0023,ITEM_002,Bread,1,2.5
T000683,2025-10-26,23:54:37,CUST_0023,ITEM_003,Eggs,2,6.0
T000683,2025-10-26,23:54:37,CUST_0023,ITEM_004,Milk,3,9.6
T000684,2025-10-03,05:49:37,CUST_0498,ITEM_001,Beef,1,12.0
T000684,2025-10-03,05:49:37,CUST_0498,ITEM_002,Milk,1,3.2
T000685,2025-10-25,04:54:37,CUST_0412,ITEM_001,Bananas,1,2.8
T000685,2025-10-25,04:54:37,CUST_0412,ITEM_002,Milk,3,9.6
T000686,2025-10-01,02:20:37,CUST_0128,ITEM_001,Eggs,2,6.0
T000686,2025-10-01,02:20:37,CUST_0128,ITEM_002,Milk,1,3.2
T000686,2025-10-01,02:20:37,CUST_0128,ITEM_003,Bread,3,7.5
T000686,2025-10-01,02:20:37,CUST_0128,ITEM_004,Bananas,2,5.6
T000686,2025-10-01,02:20:37,CUST_0128,ITEM_005,Beef,1,12.0
T000686,2025-10-01,02:20:37,CUST_0128,ITEM_006,Butter,3,13.5
T000687,2025-10-15,06:18:37,CUST_0290,ITEM_001,Apples,3,12.6
T000687,2025-10-15,06:18:37,CUST_0290,ITEM_002,Bananas,1,2.8
T000687,2025-10-15,06:18:37,CUST_0290,ITEM_003,Potatoes,1,2.0
T000688,2025-11-04,09:02:37,CUST_0069,ITEM_001,Rice,3,12.0
T000689,2025-10-06,11:04:37,CUST_0024,ITEM_001,Apples,2,8.4
T000689,2025-10-06,11:04:37,CUST_0024,ITEM_002,Bananas,2,5.6
T000689,2025-10-06,11:04:37,CUST_0024,ITEM_003,Milk,3,9.6
T000689,2025-10-06,11:04:37,CUST_0024,ITEM_004,Chicken,1,8.5
T000689,2025-10-06,11:04:37,CUST_0024,ITEM_005,Rice,1,4.0
T000690,2025-11-10,08:32:37,CUST_0455,ITEM_001,Bread,2,5.0
T000690,2025-11-10,08:32:37,CUST_0455,ITEM_002,Apples,2,8.4
T000690,2025-11-10,08:32:37,CUST_0455,ITEM_003,Bananas,2,5.6
T000690,2025-11-10,08:32:37,CUST_0455,ITEM_004,Butter,3,13.5
T000691,2025-10-23,01:46:37,CUST_0238,ITEM_001,Eggs,1,3.0
T000691,2025-10-23,01:46:37,CUST_0238,ITEM_002,Milk,2,6.4
T000691,2025-10-23,01:46:37,CUST_0238,ITEM_003,Bread,3,7.5
T000691,2025-10-23,01:46:37,CUST_0238,ITEM_004,Butter,1,4.5
T000691,2025-10-23,01:46:37,CUST_0238,ITEM_005,Bananas,1,2.8
T000691,2025-10-23,01:46:37,CUST_0238,ITEM_006,Cheese,1,5.8
T000692,2025-09-21,05:11:37,CUST_0362,ITEM_001,Milk,1,3.2
T000692,2025-09-21,05:11:37,CUST_0362,ITEM_002,Apples,1,4.2
T000692,2025-09-21,05:11:37,CUST_0362,ITEM_003,Potatoes,1,2.0
T000693,2025-11-03,06:55:37,CUST_0286,ITEM_001,Oranges,1,3.5
T000693,2025-11-03,06:55:37,CUST_0286,ITEM_002,Bread,2,5.0
T000694,2025-10-24,03:25:37,CUST_0127,ITEM_001,Cheese,1,5.8
T000694,2025-10-24,03:25:37,CUST_0127,ITEM_002,Milk,3,9.6
T000695,2025-10-27,04:02:37,CUST_0445,ITEM_001,Milk,1,3.2
T000696,2025-11-05,09:09:37,CUST_0352,ITEM_001,Apples,3,12.6
T000696,2025-11-05,09:09:37,CUST_0352,ITEM_002,Bananas,1,2.8
T000696,2025-11-05,09:09:37,CUST_0352,ITEM_003,Milk,2,6.4
T000696,2025-11-05,09:09:37,CUST_0352,ITEM_004,Oranges,2,7.0
T000696,2025-11-05,09:09:37,CUST_0352,ITEM_005,Bread,3,7.5
T000696,2025-11-05,09:09:37,CUST_0352,ITEM_006,Pasta,2,7.0
T000697,2025-10-16,23:34:37,CUST_0072,ITEM_001,Apples,1,4.2
T000697,2025-10-16,23:34:37,CUST_0072,ITEM_002,Bananas,1,2.8
T000697,2025-10-16,23:34:37,CUST_0072,ITEM_003,Milk,1,3.2
T000698,2025-11-14,10:32:37,CUST_0469,ITEM_001,Bananas,1,2.8
T000698,2025-11-14,10:32:37,CUST_0469,ITEM_002,Apples,2,8.4
T000698,2025-11-14,10:32:37,CUST_0469,ITEM_003,Milk,2,6.4
T000698,2025-11-14,10:32:37,CUST_0469,ITEM_004,Cheese,3,17.4
T000698,2025-11-14,10:32:37,CUST_0469,ITEM_005,Butter,3,13.5
T000698,2025-11-14,10:32:37,CUST_0469,ITEM_006,Tomatoes,1,3.8
T000699,2025-11-04,08:15:37,CUST_0108,ITEM_001,Tomatoes,3,11.4
T000699,2025-11-04,08:15:37,CUST_0108,ITEM_002,Bread,1,2.5
T000700,2025-10-08,22:47:37,CUST_0251,ITEM_001,Milk,3,9.6
T000700,2025-10-08,22:47:37,CUST_0251,ITEM_002,Bananas,3,8.4
T000700,2025-10-08,22:47:37,CUST_0251,ITEM_003,Cheese,1,5.8
T000700,2025-10-08,22:47:37,CUST_0251,ITEM_004,Onions,1,2.2
T000701,2025-09-19,01:01:37,CUST_0156,ITEM_001,Onions,3,6.6
T000701,2025-09-19,01:01:37,CUST_0156,ITEM_002,Potatoes,2,4.0
T000701,2025-09-19,01:01:37,CUST_0156,ITEM_003,Tomatoes,3,11.4
T000701,2025-09-19,01:01:37,CUST_0156,ITEM_004,Pasta,1,3.5
T000701,2025-09-19,01:01:37,CUST_0156,ITEM_005,Chicken,3,25.5
T000702,2025-10-25,10:02:37,CUST_0342,ITEM_001,Onions,2,4.4
T000702,2025-10-25,10:02:37,CUST_0342,ITEM_002,Potatoes,3,6.0
T000703,2025-11-13,07:32:37,CUST_0098,ITEM_001,Onions,2,4.4
T000704,2025-09-25,09:37:37,CUST_0297,ITEM_001,Eggs,3,9.0
T000704,2025-09-25,09:37:37,CUST_0297,ITEM_002,Onions,1,2.2
T000705,2025-11-05,10:07:37,CUST_0228,ITEM_001,Eggs,1,3.0
T000705,2025-11-05,10:07:37,CUST_0228,ITEM_002,Bread,3,7.5
T000706,2025-10-18,07:06:37,CUST_0259,ITEM_001,Potatoes,1,2.0
T000706,2025-10-18,07:06:37,CUST_0259,ITEM_002,Beef,3,36.0
T000706,2025-10-18,07:06:37,CUST_0259,ITEM_003,Onions,1,2.2
T000706,2025-10-18,07:06:37,CUST_0259,ITEM_004,Tomatoes,3,11.4
T000706,2025-10-18,07:06:37,CUST_0259,ITEM_005,Chicken,2,17.0
T000706,2025-10-18,07:06:37,CUST_0259,ITEM_006,Pasta,1,3.5
T000707,2025-10-23,11:28:37,CUST_0109,ITEM_001,Beef,2,24.0
T000707,2025-10-23,11:28:37,CUST_0109,ITEM_002,Cheese,3,17.4
T000707,2025-10-23,11:28:37,CUST_0109,ITEM_003,Potatoes,3,6.0
T000708,2025-11-01,07:51:37,CUST_0226,ITEM_001,Tomatoes,1,3.8
T000708,2025-11-01,07:51:37,CUST_0226,ITEM_002,Onions,2,4.4
T000709,2025-09-30,05:07:37,CUST_0128,ITEM_001,Oranges,2,7.0
T000709,2025-09-30,05:07:37,CUST_0128,ITEM_002,Butter,1,4.5
T000709,2025-09-30,05:07:37,CUST_0128,ITEM_003,Chicken,2,17.0
T000710,2025-09-28,10:50:37,CUST_0190,ITEM_001,Oranges,1,3.5
T000710,2025-09-28,10:50:37,CUST_0190,ITEM_002,Bread,2,5.0
T000710,2025-09-28,10:50:37,CUST_0190,ITEM_003,Milk,2,6.4
T000711,2025-10-17,11:01:37,CUST_0467,ITEM_001,Cheese,3,17.4
T000711,2025-10-17,11:01:37,CUST_0467,ITEM_002,Pasta,1,3.5
T000711,2025-10-17,11:01:37,CUST_0467,ITEM_003,Butter,2,9.0
T000712,2025-11-14,09:17:37,CUST_0109,ITEM_001,Chicken,2,17.0
T000712,2025-11-14,09:17:37,CUST_0109,ITEM_002,Tomatoes,3,11.4
T000712,2025-11-14,09:17:37,CUST_0109,ITEM_003,Rice,1,4.0
T000712,2025-11-14,09:17:37,CUST_0109,ITEM_004,Pasta,2,7.0
T000713,2025-10-16,06:36:37,CUST_0163,ITEM_001,Beef,3,36.0
T000713,2025-10-16,06:36:37,CUST_0163,ITEM_002,Pasta,2,7.0
T000714,2025-09-18,00:13:37,CUST_0261,ITEM_001,Beef,3,36.0
T000714,2025-09-18,00:13:37,CUST_0261,ITEM_002,Cheese,3,17.4
T000714,2025-09-18,00:13:37,CUST_0261,ITEM_003,Potatoes,2,4.0
T000714,2025-09-18,00:13:37,CUST_0261,ITEM_004,Pasta,1,3.5
T000714,2025-09-18,00:13:37,CUST_0261,ITEM_005,Chicken,2,17.0
T000715,2025-10-31,02:27:37,CUST_0210,ITEM_001,Butter,1,4.5
T000715,2025-10-31,02:27:37,CUST_0210,ITEM_002,Potatoes,2,4.0
T000715,2025-10-31,02:27:37,CUST_0210,ITEM_003,Beef,2,24.0
T000715,2025-10-31,02:27:37,CUST_0210,ITEM_004,Cheese,3,17.4
T000715,2025-10-31,02:27:37,CUST_0210,ITEM_005,Onions,1,2.2
T000716,2025-10-04,04:30:37,CUST_0161,ITEM_001,Potatoes,2,4.0
T000716,2025-10-04,04:30:37,CUST_0161,ITEM_002,Onions,1,2.2
T000716,2025-10-04,04:30:37,CUST_0161,ITEM_003,Beef,1,12.0
T000716,2025-10-04,04:30:37,CUST_0161,ITEM_004,Tomatoes,3,11.4
T000716,2025-10-04,04:30:37,CUST_0161,ITEM_005,Chicken,1,8.5
T000717,2025-10-23,10:48:37,CUST_0115,ITEM_001,Eggs,1,3.0
T000718,2025-10-15,08:47:37,CUST_0381,ITEM_001,Potatoes,1,2.0
T000718,2025-10-15,08:47:37,CUST_0381,ITEM_002,Onions,3,6.6
T000719,2025-10-29,00:04:37,CUST_0350,ITEM_001,Bananas,1,2.8
T000719,2025-10-29,00:04:37,CUST_0350,ITEM_002,Apples,2,8.4
T000719,2025-10-29,00:04:37,CUST_0350,ITEM_003,Beef,2,24.0
T000719,2025-10-29,00:04:37,CUST_0350,ITEM_004,Milk,1,3.2
T000719,2025-10-29,00:04:37,CUST_0350,ITEM_005,Cheese,2,11.6
T000719,2025-10-29,00:04:37,CUST_0350,ITEM_006,Butter,2,9.0
T000719,2025-10-29,00:04:37,CUST_0350,ITEM_007,Bread,1,2.5
T000720,2025-10-16,01:41:37,CUST_0271,ITEM_001,Pasta,2,7.0
T000720,2025-10-16,01:41:37,CUST_0271,ITEM_002,Milk,2,6.4
T000721,2025-09-17,05:08:37,CUST_0113,ITEM_001,Rice,1,4.0
T000721,2025-09-17,05:08:37,CUST_0113,ITEM_002,Chicken,3,25.5
T000721,2025-09-17,05:08:37,CUST_0113,ITEM_003,Tomatoes,1,3.8
T000721,2025-09-17,05:08:37,CUST_0113,ITEM_004,Cheese,1,5.8
T000721,2025-09-17,05:08:37,CUST_0113,ITEM_005,Beef,1,12.0
T000721,2025-09-17,05:08:37,CUST_0113,ITEM_006,Potatoes,1,2.0
T000721,2025-09-17,05:08:37,CUST_0113,ITEM_007,Milk,3,9.6
T000722,2025-10-03,03:53:37,CUST_0235,ITEM_001,Potatoes,1,2.0
T000722,2025-10-03,03:53:37,CUST_0235,ITEM_002,Onions,2,4.4
T000722,2025-10-03,03:53:37,CUST_0235,ITEM_003,Pasta,3,10.5
T000723,2025-11-01,07:13:37,CUST_0162,ITEM_001,Pasta,2,7.0
T000723,2025-11-01,07:13:37,CUST_0162,ITEM_002,Tomatoes,3,11.4
T000723,2025-11-01,07:13:37,CUST_0162,ITEM_003,Milk,2,6.4
T000724,2025-11-02,02:41:37,CUST_0112,ITEM_001,Eggs,1,3.0
T000724,2025-11-02,02:41:37,CUST_0112,ITEM_002,Milk,1,3.2
T000724,2025-11-02,02:41:37,CUST_0112,ITEM_003,Bananas,2,5.6
T000724,2025-11-02,02:41:37,CUST_0112,ITEM_004,Bread,3,7.5
T000725,2025-09-22,23:29:37,CUST_0115,ITEM_001,Pasta,3,10.5
T000725,2025-09-22,23:29:37,CUST_0115,ITEM_002,Tomatoes,2,7.6
T000726,2025-10-20,05:22:37,CUST_0034,ITEM_001,Cheese,1,5.8
T000726,2025-10-20,05:22:37,CUST_0034,ITEM_002,Butter,2,9.0
T000727,2025-11-14,00:23:37,CUST_0489,ITEM_001,Butter,1,4.5
T000727,2025-11-14,00:23:37,CUST_0489,ITEM_002,Cheese,1,5.8
T000728,2025-09-22,01:11:37,CUST_0215,ITEM_001,Pasta,3,10.5
T000728,2025-09-22,01:11:37,CUST_0215,ITEM_002,Tomatoes,1,3.8
T000728,2025-09-22,01:11:37,CUST_0215,ITEM_003,Chicken,3,25.5
T000729,2025-11-05,09:59:37,CUST_0418,ITEM_001,Onions,1,2.2
T000729,2025-11-05,09:59:37,CUST_0418,ITEM_002,Potatoes,1,2.0
T000730,2025-10-20,08:56:37,CUST_0435,ITEM_001,Apples,3,12.6
T000730,2025-10-20,08:56:37,CUST_0435,ITEM_002,Bananas,2,5.6
T000730,2025-10-20,08:56:37,CUST_0435,ITEM_003,Milk,1,3.2
T000730,2025-10-20,08:56:37,CUST_0435,ITEM_004,Bread,2,5.0
T000731,2025-09-26,01:24:37,CUST_0337,ITEM_001,Potatoes,1,2.0
T000731,2025-09-26,01:24:37,CUST_0337,ITEM_002,Onions,1,2.2
T000731,2025-09-26,01:24:37,CUST_0337,ITEM_003,Tomatoes,2,7.6
T000731,2025-09-26,01:24:37,CUST_0337,ITEM_004,Butter,3,13.5
T000732,2025-10-12,05:01:37,CUST_0489,ITEM_001,Butter,3,13.5
T000732,2025-10-12,05:01:37,CUST_0489,ITEM_002,Bread,2,5.0
T000732,2025-10-12,05:01:37,CUST_0489,ITEM_003,Bananas,2,5.6
T000733,2025-09-23,06:37:37,CUST_0332,ITEM_001,Onions,2,4.4
T000733,2025-09-23,06:37:37,CUST_0332,ITEM_002,Beef,3,36.0
T000733,2025-09-23,06:37:37,CUST_0332,ITEM_003,Cheese,1,5.8
T000734,2025-11-14,05:32:37,CUST_0392,ITEM_001,Potatoes,2,4.0
T000734,2025-11-14,05:32:37,CUST_0392,ITEM_002,Beef,3,36.0
T000734,2025-11-14,05:32:37,CUST_0392,ITEM_003,Onions,1,2.2
T000734,2025-11-14,05:32:37,CUST_0392,ITEM_004,Pasta,2,7.0
T000735,2025-09-24,10:25:37,CUST_0218,ITEM_001,Bread,1,2.5
T000735,2025-09-24,10:25:37,CUST_0218,ITEM_002,Milk,2,6.4
T000735,2025-09-24,10:25:37,CUST_0218,ITEM_003,Bananas,1,2.8
T000736,2025-09-27,05:24:37,CUST_0395,ITEM_001,Eggs,3,9.0
T000736,2025-09-27,05:24:37,CUST_0395,ITEM_002,Rice,3,12.0
T000737,2025-11-09,23:35:37,CUST_0222,ITEM_001,Eggs,3,9.0
T000737,2025-11-09,23:35:37,CUST_0222,ITEM_002,Onions,3,6.6
T000738,2025-10-16,10:37:37,CUST_0229,ITEM_001,Eggs,1,3.0
T000738,2025-10-16,10:37:37,CUST_0229,ITEM_002,Bread,2,5.0
T000738,2025-10-16,10:37:37,CUST_0229,ITEM_003,Milk,1,3.2
T000738,2025-10-16,10:37:37,CUST_0229,ITEM_004,Bananas,3,8.4
T000738,2025-10-16,10:37:37,CUST_0229,ITEM_005,Apples,2,8.4
T000738,2025-10-16,10:37:37,CUST_0229,ITEM_006,Butter,1,4.5
T000738,2025-10-16,10:37:37,CUST_0229,ITEM_007,Cheese,1,5.8
T000739,2025-10-28,08:39:37,CUST_0160,ITEM_001,Oranges,2,7.0
T000739,2025-10-28,08:39:37,CUST_0160,ITEM_002,Onions,3,6.6
T000739,2025-10-28,08:39:37,CUST_0160,ITEM_003,Rice,2,8.0
T000739,2025-10-28,08:39:37,CUST_0160,ITEM_004,Tomatoes,2,7.6
T000739,2025-10-28,08:39:37,CUST_0160,ITEM_005,Bread,2,5.0
T000740,2025-10-11,08:26:37,CUST_0335,ITEM_001,Apples,3,12.6
T000740,2025-10-11,08:26:37,CUST_0335,ITEM_002,Bananas,2,5.6
T000741,2025-11-09,02:47:37,CUST_0268,ITEM_001,Rice,1,4.0
T000741,2025-11-09,02:47:37,CUST_0268,ITEM_002,Chicken,1,8.5
T000741,2025-11-09,02:47:37,CUST_0268,ITEM_003,Eggs,2,6.0
T000742,2025-09-29,08:58:37,CUST_0243,ITEM_001,Potatoes,2,4.0
T000742,2025-09-29,08:58:37,CUST_0243,ITEM_002,Onions,2,4.4
T000743,2025-10-12,06:42:37,CUST_0152,ITEM_001,Cheese,2,11.6
T000743,2025-10-12,06:42:37,CUST_0152,ITEM_002,Onions,2,4.4
T000743,2025-10-12,06:42:37,CUST_0152,ITEM_003,Butter,2,9.0
T000743,2025-10-12,06:42:37,CUST_0152,ITEM_004,Milk,1,3.2
T000744,2025-10-06,01:25:37,CUST_0324,ITEM_001,Tomatoes,2,7.6
T000744,2025-10-06,01:25:37,CUST_0324,ITEM_002,Rice,1,4.0
T000744,2025-10-06,01:25:37,CUST_0324,ITEM_003,Pasta,1,3.5
T000744,2025-10-06,01:25:37,CUST_0324,ITEM_004,Bananas,2,5.6
T000744,2025-10-06,01:25:37,CUST_0324,ITEM_005,Oranges,1,3.5
T000745,2025-10-18,01:50:37,CUST_0232,ITEM_001,Rice,2,8.0
T000745,2025-10-18,01:50:37,CUST_0232,ITEM_002,Bread,3,7.5
T000745,2025-10-18,01:50:37,CUST_0232,ITEM_003,Tomatoes,2,7.6
T000745,2025-10-18,01:50:37,CUST_0232,ITEM_004,Chicken,2,17.0
T000745,2025-10-18,01:50:37,CUST_0232,ITEM_005,Pasta,3,10.5
T000745,2025-10-18,01:50:37,CUST_0232,ITEM_006,Beef,1,12.0
T000745,2025-10-18,01:50:37,CUST_0232,ITEM_007,Apples,1,4.2
T000746,2025-10-19,09:58:37,CUST_0088,ITEM_001,Milk,2,6.4
T000746,2025-10-19,09:58:37,CUST_0088,ITEM_002,Cheese,1,5.8
T000747,2025-10-26,07:29:37,CUST_0478,ITEM_001,Milk,1,3.2
T000747,2025-10-26,07:29:37,CUST_0478,ITEM_002,Cheese,1,5.8
T000747,2025-10-26,07:29:37,CUST_0478,ITEM_003,Pasta,2,7.0
T000748,2025-10-22,07:40:37,CUST_0167,ITEM_001,Pasta,3,10.5
T000748,2025-10-22,07:40:37,CUST_0167,ITEM_002,Butter,2,9.0
T000748,2025-10-22,07:40:37,CUST_0167,ITEM_003,Tomatoes,3,11.4
T000748,2025-10-22,07:40:37,CUST_0167,ITEM_004,Potatoes,2,4.0
T000749,2025-11-12,05:12:37,CUST_0071,ITEM_001,Cheese,1,5.8
T000749,2025-11-12,05:12:37,CUST_0071,ITEM_002,Milk,2,6.4
T000749,2025-11-12,05:12:37,CUST_0071,ITEM_003,Bananas,2,5.6
T000749,2025-11-12,05:12:37,CUST_0071,ITEM_004,Butter,2,9.0
T000749,2025-11-12,05:12:37,CUST_0071,ITEM_005,Beef,1,12.0
T000749,2025-11-12,05:12:37,CUST_0071,ITEM_006,Apples,1,4.2
T000749,2025-11-12,05:12:37,CUST_0071,ITEM_007,Bread,3,7.5
T000749,2025-11-12,05:12:37,CUST_0071,ITEM_008,Eggs,3,9.0
T000750,2025-10-11,10:15:37,CUST_0327,ITEM_001,Potatoes,3,6.0
T000751,2025-10-28,01:35:37,CUST_0038,ITEM_001,Tomatoes,1,3.8
T000751,2025-10-28,01:35:37,CUST_0038,ITEM_002,Pasta,2,7.0
T000751,2025-10-28,01:35:37,CUST_0038,ITEM_003,Onions,2,4.4
T000751,2025-10-28,01:35:37,CUST_0038,ITEM_004,Potatoes,3,6.0
T000751,2025-10-28,01:35:37,CUST_0038,ITEM_005,Beef,1,12.0
T000752,2025-11-10,02:31:37,CUST_0261,ITEM_001,Cheese,3,17.4
T000752,2025-11-10,02:31:37,CUST_0261,ITEM_002,Butter,1,4.5
T000752,2025-11-10,02:31:37,CUST_0261,ITEM_003,Rice,1,4.0
T000752,2025-11-10,02:31:37,CUST_0261,ITEM_004,Milk,3,9.6
T000753,2025-11-02,00:55:37,CUST_0304,ITEM_001,Tomatoes,3,11.4
T000753,2025-11-02,00:55:37,CUST_0304,ITEM_002,Onions,3,6.6
T000753,2025-11-02,00:55:37,CUST_0304,ITEM_003,Pasta,3,10.5
T000753,2025-11-02,00:55:37,CUST_0304,ITEM_004,Potatoes,2,4.0
T000753,2025-11-02,00:55:37,CUST_0304,ITEM_005,Beef,3,36.0
T000754,2025-10-15,05:38:37,CUST_0442,ITEM_001,Apples,1,4.2
T000754,2025-10-15,05:38:37,CUST_0442,ITEM_002,Bananas,3,8.4
T000754,2025-10-15,05:38:37,CUST_0442,ITEM_003,Milk,3,9.6
T000754,2025-10-15,05:38:37,CUST_0442,ITEM_004,Cheese,3,17.4
T000755,2025-10-15,03:33:37,CUST_0305,ITEM_001,Apples,2,8.4
T000755,2025-10-15,03:33:37,CUST_0305,ITEM_002,Bananas,1,2.8
T000756,2025-11-10,01:06:37,CUST_0034,ITEM_001,Bananas,3,8.4
T000756,2025-11-10,01:06:37,CUST_0034,ITEM_002,Apples,2,8.4
T000756,2025-11-10,01:06:37,CUST_0034,ITEM_003,Milk,1,3.2
T000756,2025-11-10,01:06:37,CUST_0034,ITEM_004,Oranges,3,10.5
T000756,2025-11-10,01:06:37,CUST_0034,ITEM_005,Cheese,3,17.4
T000756,2025-11-10,01:06:37,CUST_0034,ITEM_006,Chicken,1,8.5
T000757,2025-11-07,06:10:37,CUST_0400,ITEM_001,Bread,2,5.0
T000757,2025-11-07,06:10:37,CUST_0400,ITEM_002,Eggs,3,9.0
T000757,2025-11-07,06:10:37,CUST_0400,ITEM_003,Potatoes,2,4.0
T000758,2025-10-26,10:26:37,CUST_0236,ITEM_001,Beef,3,36.0
T000759,2025-11-11,03:05:37,CUST_0486,ITEM_001,Bread,3,7.5
T000759,2025-11-11,03:05:37,CUST_0486,ITEM_002,Butter,1,4.5
T000759,2025-11-11,03:05:37,CUST_0486,ITEM_003,Milk,1,3.2
T000760,2025-09-18,00:59:37,CUST_0220,ITEM_001,Beef,3,36.0
T000760,2025-09-18,00:59:37,CUST_0220,ITEM_002,Potatoes,2,4.0
T000760,2025-09-18,00:59:37,CUST_0220,ITEM_003,Tomatoes,3,11.4
T000760,2025-09-18,00:59:37,CUST_0220,ITEM_004,Chicken,2,17.0
T000761,2025-10-18,03:26:37,CUST_0313,ITEM_001,Chicken,3,25.5
T000761,2025-10-18,03:26:37,CUST_0313,ITEM_002,Apples,1,4.2
T000761,2025-10-18,03:26:37,CUST_0313,ITEM_003,Rice,3,12.0
T000762,2025-11-07,05:47:37,CUST_0489,ITEM_001,Apples,2,8.4
T000762,2025-11-07,05:47:37,CUST_0489,ITEM_002,Bread,2,5.0
T000763,2025-10-03,23:00:37,CUST_0266,ITEM_001,Butter,3,13.5
T000763,2025-10-03,23:00:37,CUST_0266,ITEM_002,Bread,3,7.5
T000763,2025-10-03,23:00:37,CUST_0266,ITEM_003,Eggs,2,6.0
T000763,2025-10-03,23:00:37,CUST_0266,ITEM_004,Pasta,2,7.0
T000763,2025-10-03,23:00:37,CUST_0266,ITEM_005,Beef,3,36.0
T000763,2025-10-03,23:00:37,CUST_0266,ITEM_006,Bananas,3,8.4
T000764,2025-10-08,10:20:37,CUST_0452,ITEM_001,Onions,1,2.2
T000764,2025-10-08,10:20:37,CUST_0452,ITEM_002,Chicken,3,25.5
T000764,2025-10-08,10:20:37,CUST_0452,ITEM_003,Eggs,2,6.0
T000764,2025-10-08,10:20:37,CUST_0452,ITEM_004,Tomatoes,1,3.8
T000764,2025-10-08,10:20:37,CUST_0452,ITEM_005,Milk,2,6.4
T000764,2025-10-08,10:20:37,CUST_0452,ITEM_006,Bread,2,5.0
T000764,2025-10-08,10:20:37,CUST_0452,ITEM_007,Potatoes,2,4.0
T000764,2025-10-08,10:20:37,CUST_0452,ITEM_008,Cheese,1,5.8
T000765,2025-10-25,06:13:37,CUST_0300,ITEM_001,Onions,2,4.4
T000765,2025-10-25,06:13:37,CUST_0300,ITEM_002,Tomatoes,3,11.4
T000765,2025-10-25,06:13:37,CUST_0300,ITEM_003,Apples,2,8.4
T000766,2025-11-10,08:52:37,CUST_0285,ITEM_001,Chicken,2,17.0
T000766,2025-11-10,08:52:37,CUST_0285,ITEM_002,Milk,1,3.2
T000766,2025-11-10,08:52:37,CUST_0285,ITEM_003,Rice,1,4.0
T000766,2025-11-10,08:52:37,CUST_0285,ITEM_004,Tomatoes,1,3.8
T000766,2025-11-10,08:52:37,CUST_0285,ITEM_005,Pasta,1,3.5
T000766,2025-11-10,08:52:37,CUST_0285,ITEM_006,Bread,2,5.0
T000767,2025-10-26,03:19:37,CUST_0182,ITEM_001,Chicken,2,17.0
T000767,2025-10-26,03:19:37,CUST_0182,ITEM_002,Milk,2,6.4
T000767,2025-10-26,03:19:37,CUST_0182,ITEM_003,Onions,1,2.2
T000767,2025-10-26,03:19:37,CUST_0182,ITEM_004,Butter,1,4.5
T000768,2025-10-20,08:42:37,CUST_0147,ITEM_001,Butter,2,9.0
T000768,2025-10-20,08:42:37,CUST_0147,ITEM_002,Bread,2,5.0
T000769,2025-10-01,08:31:37,CUST_0210,ITEM_001,Cheese,3,17.4
T000769,2025-10-01,08:31:37,CUST_0210,ITEM_002,Butter,3,13.5
T000769,2025-10-01,08:31:37,CUST_0210,ITEM_003,Bread,3,7.5
T000770,2025-10-17,03:26:37,CUST_0214,ITEM_001,Rice,2,8.0
T000770,2025-10-17,03:26:37,CUST_0214,ITEM_002,Eggs,2,6.0
T000770,2025-10-17,03:26:37,CUST_0214,ITEM_003,Chicken,3,25.5
T000771,2025-10-08,02:18:37,CUST_0348,ITEM_001,Tomatoes,1,3.8
T000771,2025-10-08,02:18:37,CUST_0348,ITEM_002,Oranges,1,3.5
T000771,2025-10-08,02:18:37,CUST_0348,ITEM_003,Apples,2,8.4
T000771,2025-10-08,02:18:37,CUST_0348,ITEM_004,Chicken,1,8.5
T000772,2025-09-23,02:31:37,CUST_0357,ITEM_001,Onions,2,4.4
T000772,2025-09-23,02:31:37,CUST_0357,ITEM_002,Cheese,3,17.4
T000772,2025-09-23,02:31:37,CUST_0357,ITEM_003,Tomatoes,2,7.6
T000772,2025-09-23,02:31:37,CUST_0357,ITEM_004,Beef,3,36.0
T000772,2025-09-23,02:31:37,CUST_0357,ITEM_005,Butter,3,13.5
T000772,2025-09-23,02:31:37,CUST_0357,ITEM_006,Milk,1,3.2
T000772,2025-09-23,02:31:37,CUST_0357,ITEM_007,Bread,3,7.5
T000773,2025-11-12,11:18:37,CUST_0080,ITEM_001,Onions,2,4.4
T000773,2025-11-12,11:18:37,CUST_0080,ITEM_002,Potatoes,1,2.0
T000774,2025-11-09,02:35:37,CUST_0061,ITEM_001,Bread,3,7.5
T000774,2025-11-09,02:35:37,CUST_0061,ITEM_002,Eggs,1,3.0
T000774,2025-11-09,02:35:37,CUST_0061,ITEM_003,Butter,3,13.5
T000774,2025-11-09,02:35:37,CUST_0061,ITEM_004,Cheese,2,11.6
T000774,2025-11-09,02:35:37,CUST_0061,ITEM_005,Milk,3,9.6
T000775,2025-10-23,08:33:37,CUST_0123,ITEM_001,Beef,3,36.0
T000775,2025-10-23,08:33:37,CUST_0123,ITEM_002,Potatoes,2,4.0
T000775,2025-10-23,08:33:37,CUST_0123,ITEM_003,Onions,3,6.6
T000775,2025-10-23,08:33:37,CUST_0123,ITEM_004,Tomatoes,1,3.8
T000775,2025-10-23,08:33:37,CUST_0123,ITEM_005,Chicken,1,8.5
T000775,2025-10-23,08:33:37,CUST_0123,ITEM_006,Butter,1,4.5
T000775,2025-10-23,08:33:37,CUST_0123,ITEM_007,Eggs,1,3.0
T000776,2025-10-04,00:50:37,CUST_0072,ITEM_001,Cheese,1,5.8
T000777,2025-11-03,07:55:37,CUST_0352,ITEM_001,Milk,3,9.6
T000777,2025-11-03,07:55:37,CUST_0352,ITEM_002,Eggs,2,6.0
T000778,2025-11-05,23:03:37,CUST_0091,ITEM_001,Onions,3,6.6
T000778,2025-11-05,23:03:37,CUST_0091,ITEM_002,Tomatoes,3,11.4
T000778,2025-11-05,23:03:37,CUST_0091,ITEM_003,Apples,2,8.4
T000778,2025-11-05,23:03:37,CUST_0091,ITEM_004,Chicken,3,25.5
T000778,2025-11-05,23:03:37,CUST_0091,ITEM_005,Butter,3,13.5
T000779,2025-11-04,06:56:37,CUST_0458,ITEM_001,Rice,2,8.0
T000780,2025-09-24,07:00:37,CUST_0183,ITEM_001,Tomatoes,2,7.6
T000780,2025-09-24,07:00:37,CUST_0183,ITEM_002,Onions,2,4.4
T000780,2025-09-24,07:00:37,CUST_0183,ITEM_003,Rice,1,4.0
T000780,2025-09-24,07:00:37,CUST_0183,ITEM_004,Chicken,2,17.0
T000780,2025-09-24,07:00:37,CUST_0183,ITEM_005,Potatoes,3,6.0
T000780,2025-09-24,07:00:37,CUST_0183,ITEM_006,Pasta,3,10.5
T000781,2025-11-03,09:25:37,CUST_0103,ITEM_001,Pasta,2,7.0
T000781,2025-11-03,09:25:37,CUST_0103,ITEM_002,Rice,2,8.0
T000782,2025-10-28,08:42:37,CUST_0487,ITEM_001,Onions,2,4.4
T000782,2025-10-28,08:42:37,CUST_0487,ITEM_002,Potatoes,2,4.0
T000782,2025-10-28,08:42:37,CUST_0487,ITEM_003,Tomatoes,1,3.8
T000782,2025-10-28,08:42:37,CUST_0487,ITEM_004,Pasta,2,7.0
T000782,2025-10-28,08:42:37,CUST_0487,ITEM_005,Butter,2,9.0
T000782,2025-10-28,08:42:37,CUST_0487,ITEM_006,Bread,2,5.0
T000783,2025-10-17,03:31:37,CUST_0284,ITEM_001,Rice,3,12.0
T000783,2025-10-17,03:31:37,CUST_0284,ITEM_002,Chicken,1,8.5
T000784,2025-10-11,09:00:37,CUST_0071,ITEM_001,Cheese,1,5.8
T000784,2025-10-11,09:00:37,CUST_0071,ITEM_002,Butter,1,4.5
T000784,2025-10-11,09:00:37,CUST_0071,ITEM_003,Bread,1,2.5
T000784,2025-10-11,09:00:37,CUST_0071,ITEM_004,Pasta,3,10.5
T000784,2025-10-11,09:00:37,CUST_0071,ITEM_005,Potatoes,2,4.0
T000785,2025-11-08,05:50:37,CUST_0100,ITEM_001,Bread,2,5.0
T000785,2025-11-08,05:50:37,CUST_0100,ITEM_002,Milk,1,3.2
T000786,2025-10-20,10:34:37,CUST_0293,ITEM_001,Onions,2,4.4
T000786,2025-10-20,10:34:37,CUST_0293,ITEM_002,Tomatoes,3,11.4
T000787,2025-10-12,09:07:37,CUST_0396,ITEM_001,Onions,3,6.6
T000787,2025-10-12,09:07:37,CUST_0396,ITEM_002,Bread,2,5.0
T000787,2025-10-12,09:07:37,CUST_0396,ITEM_003,Bananas,1,2.8
T000787,2025-10-12,09:07:37,CUST_0396,ITEM_004,Butter,3,13.5
T000787,2025-10-12,09:07:37,CUST_0396,ITEM_005,Apples,1,4.2
T000788,2025-09-22,03:24:37,CUST_0231,ITEM_001,Potatoes,1,2.0
T000788,2025-09-22,03:24:37,CUST_0231,ITEM_002,Onions,2,4.4
T000788,2025-09-22,03:24:37,CUST_0231,ITEM_003,Tomatoes,3,11.4
T000788,2025-09-22,03:24:37,CUST_0231,ITEM_004,Beef,3,36.0
T000789,2025-10-28,00:31:37,CUST_0243,ITEM_001,Chicken,2,17.0
T000789,2025-10-28,00:31:37,CUST_0243,ITEM_002,Apples,2,8.4
T000789,2025-10-28,00:31:37,CUST_0243,ITEM_003,Rice,2,8.0
T000789,2025-10-28,00:31:37,CUST_0243,ITEM_004,Bananas,3,8.4
T000789,2025-10-28,00:31:37,CUST_0243,ITEM_005,Beef,1,12.0
T000790,2025-10-10,01:44:37,CUST_0295,ITEM_001,Butter,3,13.5
T000790,2025-10-10,01:44:37,CUST_0295,ITEM_002,Cheese,2,11.6
T000790,2025-10-10,01:44:37,CUST_0295,ITEM_003,Rice,3,12.0
T000791,2025-10-04,08:35:37,CUST_0179,ITEM_001,Oranges,1,3.5
T000791,2025-10-04,08:35:37,CUST_0179,ITEM_002,Onions,2,4.4
T000792,2025-10-11,08:17:37,CUST_0270,ITEM_001,Apples,1,4.2
T000792,2025-10-11,08:17:37,CUST_0270,ITEM_002,Eggs,2,6.0
T000792,2025-10-11,08:17:37,CUST_0270,ITEM_003,Bananas,1,2.8
T000792,2025-10-11,08:17:37,CUST_0270,ITEM_004,Milk,1,3.2
T000792,2025-10-11,08:17:37,CUST_0270,ITEM_005,Cheese,3,17.4
T000792,2025-10-11,08:17:37,CUST_0270,ITEM_006,Bread,3,7.5
T000793,2025-10-26,09:14:37,CUST_0500,ITEM_001,Cheese,2,11.6
T000793,2025-10-26,09:14:37,CUST_0500,ITEM_002,Potatoes,2,4.0
T000794,2025-11-12,09:52:37,CUST_0167,ITEM_001,Tomatoes,1,3.8
T000794,2025-11-12,09:52:37,CUST_0167,ITEM_002,Potatoes,2,4.0
T000795,2025-10-23,07:35:37,CUST_0391,ITEM_001,Tomatoes,2,7.6
T000795,2025-10-23,07:35:37,CUST_0391,ITEM_002,Chicken,1,8.5
T000795,2025-10-23,07:35:37,CUST_0391,ITEM_003,Rice,1,4.0
T000795,2025-10-23,07:35:37,CUST_0391,ITEM_004,Onions,3,6.6
T000796,2025-11-01,06:49:37,CUST_0273,ITEM_001,Chicken,2,17.0
T000797,2025-10-28,06:10:37,CUST_0087,ITEM_001,Rice,1,4.0
T000798,2025-10-13,00:01:37,CUST_0426,ITEM_001,Chicken,3,25.5
T000798,2025-10-13,00:01:37,CUST_0426,ITEM_002,Rice,2,8.0
T000798,2025-10-13,00:01:37,CUST_0426,ITEM_003,Tomatoes,1,3.8
T000798,2025-10-13,00:01:37,CUST_0426,ITEM_004,Pasta,2,7.0
T000799,2025-09-20,09:14:37,CUST_0118,ITEM_001,Oranges,3,10.5
T000799,2025-09-20,09:14:37,CUST_0118,ITEM_002,Onions,1,2.2
T000799,2025-09-20,09:14:37,CUST_0118,ITEM_003,Potatoes,2,4.0
T000800,2025-09-23,05:05:37,CUST_0085,ITEM_001,Pasta,3,10.5
T000800,2025-09-23,05:05:37,CUST_0085,ITEM_002,Cheese,1,5.8
T000801,2025-09-21,09:45:37,CUST_0295,ITEM_001,Onions,3,6.6
T000801,2025-09-21,09:45:37,CUST_0295,ITEM_002,Potatoes,1,2.0
T000802,2025-10-02,05:24:37,CUST_0386,ITEM_001,Rice,3,12.0
T000803,2025-10-24,10:19:37,CUST_0116,ITEM_001,Beef,1,12.0
T000803,2025-10-24,10:19:37,CUST_0116,ITEM_002,Potatoes,2,4.0
T000803,2025-10-24,10:19:37,CUST_0116,ITEM_003,Apples,3,12.6
T000804,2025-10-19,01:26:37,CUST_0226,ITEM_001,Pasta,3,10.5
T000804,2025-10-19,01:26:37,CUST_0226,ITEM_002,Tomatoes,1,3.8
T000804,2025-10-19,01:26:37,CUST_0226,ITEM_003,Oranges,3,10.5
T000804,2025-10-19,01:26:37,CUST_0226,ITEM_004,Eggs,1,3.0
T000805,2025-11-07,10:43:37,CUST_0092,ITEM_001,Pasta,1,3.5
T000805,2025-11-07,10:43:37,CUST_0092,ITEM_002,Tomatoes,3,11.4
T000806,2025-09-24,11:05:37,CUST_0048,ITEM_001,Cheese,1,5.8
T000807,2025-10-19,04:30:37,CUST_0252,ITEM_001,Potatoes,3,6.0
T000807,2025-10-19,04:30:37,CUST_0252,ITEM_002,Bread,3,7.5
T000807,2025-10-19,04:30:37,CUST_0252,ITEM_003,Butter,2,9.0
T000807,2025-10-19,04:30:37,CUST_0252,ITEM_004,Milk,1,3.2
T000807,2025-10-19,04:30:37,CUST_0252,ITEM_005,Apples,2,8.4
T000807,2025-10-19,04:30:37,CUST_0252,ITEM_006,Rice,3,12.0
T000807,2025-10-19,04:30:37,CUST_0252,ITEM_007,Beef,1,12.0
T000808,2025-10-15,04:59:37,CUST_0132,ITEM_001,Tomatoes,1,3.8
T000808,2025-10-15,04:59:37,CUST_0132,ITEM_002,Chicken,2,17.0
T000808,2025-10-15,04:59:37,CUST_0132,ITEM_003,Milk,3,9.6
T000808,2025-10-15,04:59:37,CUST_0132,ITEM_004,Rice,3,12.0
T000808,2025-10-15,04:59:37,CUST_0132,ITEM_005,Pasta,3,10.5
T000808,2025-10-15,04:59:37,CUST_0132,ITEM_006,Cheese,3,17.4
T000808,2025-10-15,04:59:37,CUST_0132,ITEM_007,Onions,1,2.2
T000808,2025-10-15,04:59:37,CUST_0132,ITEM_008,Potatoes,1,2.0
T000809,2025-10-11,09:53:37,CUST_0124,ITEM_001,Potatoes,2,4.0
T000809,2025-10-11,09:53:37,CUST_0124,ITEM_002,Pasta,3,10.5
T000809,2025-10-11,09:53:37,CUST_0124,ITEM_003,Beef,3,36.0
T000810,2025-10-14,00:04:37,CUST_0160,ITEM_001,Chicken,2,17.0
T000810,2025-10-14,00:04:37,CUST_0160,ITEM_002,Tomatoes,3,11.4
T000810,2025-10-14,00:04:37,CUST_0160,ITEM_003,Rice,1,4.0
T000810,2025-10-14,00:04:37,CUST_0160,ITEM_004,Pasta,2,7.0
T000810,2025-10-14,00:04:37,CUST_0160,ITEM_005,Onions,2,4.4
T000810,2025-10-14,00:04:37,CUST_0160,ITEM_006,Potatoes,1,2.0
T000811,2025-11-14,03:49:37,CUST_0490,ITEM_001,Milk,1,3.2
T000812,2025-11-09,03:56:37,CUST_0186,ITEM_001,Butter,3,13.5
T000812,2025-11-09,03:56:37,CUST_0186,ITEM_002,Bread,3,7.5
T000812,2025-11-09,03:56:37,CUST_0186,ITEM_003,Eggs,2,6.0
T000812,2025-11-09,03:56:37,CUST_0186,ITEM_004,Cheese,2,11.6
T000812,2025-11-09,03:56:37,CUST_0186,ITEM_005,Milk,2,6.4
T000812,2025-11-09,03:56:37,CUST_0186,ITEM_006,Bananas,2,5.6
T000813,2025-11-11,10:36:37,CUST_0203,ITEM_001,Rice,2,8.0
T000813,2025-11-11,10:36:37,CUST_0203,ITEM_002,Butter,1,4.5
T000814,2025-10-02,02:41:37,CUST_0465,ITEM_001,Apples,1,4.2
T000814,2025-10-02,02:41:37,CUST_0465,ITEM_002,Bananas,2,5.6
T000815,2025-10-12,02:18:37,CUST_0041,ITEM_001,Beef,1,12.0
T000815,2025-10-12,02:18:37,CUST_0041,ITEM_002,Chicken,2,17.0
T000815,2025-10-12,02:18:37,CUST_0041,ITEM_003,Onions,2,4.4
T000815,2025-10-12,02:18:37,CUST_0041,ITEM_004,Pasta,3,10.5
T000815,2025-10-12,02:18:37,CUST_0041,ITEM_005,Eggs,1,3.0
T000816,2025-11-09,07:06:37,CUST_0350,ITEM_001,Cheese,2,11.6
T000816,2025-11-09,07:06:37,CUST_0350,ITEM_002,Milk,3,9.6
T000816,2025-11-09,07:06:37,CUST_0350,ITEM_003,Eggs,3,9.0
T000817,2025-11-12,06:33:37,CUST_0146,ITEM_001,Butter,3,13.5
T000817,2025-11-12,06:33:37,CUST_0146,ITEM_002,Onions,2,4.4
T000817,2025-11-12,06:33:37,CUST_0146,ITEM_003,Bananas,2,5.6
T000817,2025-11-12,06:33:37,CUST_0146,ITEM_004,Cheese,3,17.4
T000817,2025-11-12,06:33:37,CUST_0146,ITEM_005,Chicken,1,8.5
T000818,2025-11-04,01:54:37,CUST_0293,ITEM_001,Bread,2,5.0
T000819,2025-10-23,23:21:37,CUST_0425,ITEM_001,Bananas,1,2.8
T000819,2025-10-23,23:21:37,CUST_0425,ITEM_002,Milk,1,3.2
T000819,2025-10-23,23:21:37,CUST_0425,ITEM_003,Onions,1,2.2
T000819,2025-10-23,23:21:37,CUST_0425,ITEM_004,Tomatoes,2,7.6
T000819,2025-10-23,23:21:37,CUST_0425,ITEM_005,Eggs,1,3.0
T000820,2025-09-22,05:09:37,CUST_0439,ITEM_001,Chicken,3,25.5
T000820,2025-09-22,05:09:37,CUST_0439,ITEM_002,Rice,3,12.0
T000821,2025-11-02,01:35:37,CUST_0109,ITEM_001,Chicken,3,25.5
T000821,2025-11-02,01:35:37,CUST_0109,ITEM_002,Apples,3,12.6
T000821,2025-11-02,01:35:37,CUST_0109,ITEM_003,Rice,2,8.0
T000821,2025-11-02,01:35:37,CUST_0109,ITEM_004,Onions,1,2.2
T000822,2025-11-11,03:32:37,CUST_0223,ITEM_001,Potatoes,3,6.0
T000822,2025-11-11,03:32:37,CUST_0223,ITEM_002,Onions,1,2.2
T000823,2025-10-08,23:24:37,CUST_0458,ITEM_001,Beef,1,12.0
T000823,2025-10-08,23:24:37,CUST_0458,ITEM_002,Rice,3,12.0
T000824,2025-09-16,05:55:37,CUST_0193,ITEM_001,Oranges,1,3.5
T000824,2025-09-16,05:55:37,CUST_0193,ITEM_002,Milk,1,3.2
T000824,2025-09-16,05:55:37,CUST_0193,ITEM_003,Chicken,2,17.0
T000825,2025-09-28,06:32:37,CUST_0328,ITEM_001,Rice,1,4.0
T000826,2025-10-03,02:29:37,CUST_0387,ITEM_001,Oranges,3,10.5
T000826,2025-10-03,02:29:37,CUST_0387,ITEM_002,Eggs,2,6.0
T000827,2025-10-20,04:23:37,CUST_0196,ITEM_001,Butter,3,13.5
T000827,2025-10-20,04:23:37,CUST_0196,ITEM_002,Cheese,2,11.6
T000827,2025-10-20,04:23:37,CUST_0196,ITEM_003,Milk,3,9.6
T000827,2025-10-20,04:23:37,CUST_0196,ITEM_004,Bananas,3,8.4
T000827,2025-10-20,04:23:37,CUST_0196,ITEM_005,Apples,2,8.4
T000827,2025-10-20,04:23:37,CUST_0196,ITEM_006,Eggs,2,6.0
T000827,2025-10-20,04:23:37,CUST_0196,ITEM_007,Tomatoes,1,3.8
T000827,2025-10-20,04:23:37,CUST_0196,ITEM_008,Pasta,2,7.0
T000828,2025-11-12,05:21:37,CUST_0164,ITEM_001,Beef,3,36.0
T000828,2025-11-12,05:21:37,CUST_0164,ITEM_002,Pasta,2,7.0
T000828,2025-11-12,05:21:37,CUST_0164,ITEM_003,Tomatoes,1,3.8
T000829,2025-11-01,00:07:37,CUST_0288,ITEM_001,Onions,1,2.2
T000829,2025-11-01,00:07:37,CUST_0288,ITEM_002,Tomatoes,1,3.8
T000829,2025-11-01,00:07:37,CUST_0288,ITEM_003,Cheese,2,11.6
T000829,2025-11-01,00:07:37,CUST_0288,ITEM_004,Pasta,1,3.5
T000830,2025-10-26,08:30:37,CUST_0465,ITEM_001,Onions,1,2.2
T000830,2025-10-26,08:30:37,CUST_0465,ITEM_002,Tomatoes,2,7.6
T000830,2025-10-26,08:30:37,CUST_0465,ITEM_003,Pasta,3,10.5
T000831,2025-10-26,00:10:37,CUST_0214,ITEM_001,Chicken,2,17.0
T000831,2025-10-26,00:10:37,CUST_0214,ITEM_002,Rice,1,4.0
T000831,2025-10-26,00:10:37,CUST_0214,ITEM_003,Tomatoes,1,3.8
T000832,2025-11-12,09:07:37,CUST_0438,ITEM_001,Bananas,1,2.8
T000832,2025-11-12,09:07:37,CUST_0438,ITEM_002,Cheese,1,5.8
T000833,2025-10-03,23:02:37,CUST_0207,ITEM_001,Milk,1,3.2
T000833,2025-10-03,23:02:37,CUST_0207,ITEM_002,Bananas,1,2.8
T000833,2025-10-03,23:02:37,CUST_0207,ITEM_003,Eggs,1,3.0
T000833,2025-10-03,23:02:37,CUST_0207,ITEM_004,Tomatoes,2,7.6
T000834,2025-11-14,05:04:37,CUST_0439,ITEM_001,Butter,3,13.5
T000834,2025-11-14,05:04:37,CUST_0439,ITEM_002,Cheese,2,11.6
T000834,2025-11-14,05:04:37,CUST_0439,ITEM_003,Bread,2,5.0
T000834,2025-11-14,05:04:37,CUST_0439,ITEM_004,Eggs,1,3.0
T000834,2025-11-14,05:04:37,CUST_0439,ITEM_005,Milk,3,9.6
T000834,2025-11-14,05:04:37,CUST_0439,ITEM_006,Bananas,1,2.8
T000834,2025-11-14,05:04:37,CUST_0439,ITEM_007,Oranges,1,3.5
T000834,2025-11-14,05:04:37,CUST_0439,ITEM_008,Pasta,1,3.5
T000835,2025-10-03,10:11:37,CUST_0245,ITEM_001,Pasta,2,7.0
T000835,2025-10-03,10:11:37,CUST_0245,ITEM_002,Cheese,3,17.4
T000835,2025-10-03,10:11:37,CUST_0245,ITEM_003,Butter,2,9.0
T000835,2025-10-03,10:11:37,CUST_0245,ITEM_004,Bread,2,5.0
T000835,2025-10-03,10:11:37,CUST_0245,ITEM_005,Oranges,1,3.5
T000835,2025-10-03,10:11:37,CUST_0245,ITEM_006,Milk,1,3.2
T000835,2025-10-03,10:11:37,CUST_0245,ITEM_007,Eggs,3,9.0
T000836,2025-11-11,01:01:37,CUST_0208,ITEM_001,Eggs,3,9.0
T000836,2025-11-11,01:01:37,CUST_0208,ITEM_002,Onions,2,4.4
T000836,2025-11-11,01:01:37,CUST_0208,ITEM_003,Milk,3,9.6
T000836,2025-11-11,01:01:37,CUST_0208,ITEM_004,Bread,1,2.5
T000836,2025-11-11,01:01:37,CUST_0208,ITEM_005,Tomatoes,1,3.8
T000836,2025-11-11,01:01:37,CUST_0208,ITEM_006,Chicken,1,8.5
T000836,2025-11-11,01:01:37,CUST_0208,ITEM_007,Bananas,2,5.6
T000837,2025-10-20,10:28:37,CUST_0376,ITEM_001,Beef,3,36.0
T000838,2025-11-07,09:53:37,CUST_0059,ITEM_001,Apples,3,12.6
T000838,2025-11-07,09:53:37,CUST_0059,ITEM_002,Potatoes,2,4.0
T000838,2025-11-07,09:53:37,CUST_0059,ITEM_003,Tomatoes,2,7.6
T000838,2025-11-07,09:53:37,CUST_0059,ITEM_004,Bananas,3,8.4
T000838,2025-11-07,09:53:37,CUST_0059,ITEM_005,Beef,3,36.0
T000838,2025-11-07,09:53:37,CUST_0059,ITEM_006,Milk,3,9.6
T000839,2025-09-15,23:35:37,CUST_0171,ITEM_001,Eggs,2,6.0
T000839,2025-09-15,23:35:37,CUST_0171,ITEM_002,Bread,1,2.5
T000839,2025-09-15,23:35:37,CUST_0171,ITEM_003,Chicken,1,8.5
T000839,2025-09-15,23:35:37,CUST_0171,ITEM_004,Tomatoes,1,3.8
T000839,2025-09-15,23:35:37,CUST_0171,ITEM_005,Onions,3,6.6
T000839,2025-09-15,23:35:37,CUST_0171,ITEM_006,Milk,3,9.6
T000839,2025-09-15,23:35:37,CUST_0171,ITEM_007,Potatoes,1,2.0
T000840,2025-10-26,11:12:37,CUST_0458,ITEM_001,Potatoes,2,4.0
T000840,2025-10-26,11:12:37,CUST_0458,ITEM_002,Beef,3,36.0
T000840,2025-10-26,11:12:37,CUST_0458,ITEM_003,Pasta,3,10.5
T000840,2025-10-26,11:12:37,CUST_0458,ITEM_004,Onions,3,6.6
T000841,2025-10-20,09:26:37,CUST_0226,ITEM_001,Onions,1,2.2
T000842,2025-10-12,06:15:37,CUST_0110,ITEM_001,Milk,1,3.2
T000842,2025-10-12,06:15:37,CUST_0110,ITEM_002,Apples,2,8.4
T000842,2025-10-12,06:15:37,CUST_0110,ITEM_003,Butter,2,9.0
T000843,2025-11-11,02:35:37,CUST_0072,ITEM_001,Rice,1,4.0
T000843,2025-11-11,02:35:37,CUST_0072,ITEM_002,Chicken,1,8.5
T000843,2025-11-11,02:35:37,CUST_0072,ITEM_003,Tomatoes,1,3.8
T000843,2025-11-11,02:35:37,CUST_0072,ITEM_004,Pasta,2,7.0
T000843,2025-11-11,02:35:37,CUST_0072,ITEM_005,Onions,2,4.4
T000843,2025-11-11,02:35:37,CUST_0072,ITEM_006,Potatoes,1,2.0
T000843,2025-11-11,02:35:37,CUST_0072,ITEM_007,Beef,2,24.0
T000844,2025-11-02,05:19:37,CUST_0431,ITEM_001,Apples,1,4.2
T000844,2025-11-02,05:19:37,CUST_0431,ITEM_002,Bananas,3,8.4
T000844,2025-11-02,05:19:37,CUST_0431,ITEM_003,Eggs,3,9.0
T000844,2025-11-02,05:19:37,CUST_0431,ITEM_004,Milk,1,3.2
T000844,2025-11-02,05:19:37,CUST_0431,ITEM_005,Cheese,3,17.4
T000844,2025-11-02,05:19:37,CUST_0431,ITEM_006,Bread,2,5.0
T000845,2025-10-07,02:28:37,CUST_0471,ITEM_001,Cheese,2,11.6
T000846,2025-11-09,07:42:37,CUST_0134,ITEM_001,Milk,1,3.2
T000846,2025-11-09,07:42:37,CUST_0134,ITEM_002,Tomatoes,3,11.4
T000846,2025-11-09,07:42:37,CUST_0134,ITEM_003,Eggs,3,9.0
T000846,2025-11-09,07:42:37,CUST_0134,ITEM_004,Pasta,1,3.5
T000846,2025-11-09,07:42:37,CUST_0134,ITEM_005,Chicken,3,25.5
T000847,2025-10-29,00:04:37,CUST_0003,ITEM_001,Milk,3,9.6
T000847,2025-10-29,00:04:37,CUST_0003,ITEM_002,Potatoes,1,2.0
T000848,2025-10-09,22:44:37,CUST_0262,ITEM_001,Oranges,3,10.5
T000848,2025-10-09,22:44:37,CUST_0262,ITEM_002,Apples,3,12.6
T000848,2025-10-09,22:44:37,CUST_0262,ITEM_003,Bananas,3,8.4
T000848,2025-10-09,22:44:37,CUST_0262,ITEM_004,Butter,3,13.5
T000849,2025-10-14,07:43:37,CUST_0073,ITEM_001,Eggs,2,6.0
T000849,2025-10-14,07:43:37,CUST_0073,ITEM_002,Apples,3,12.6
T000849,2025-10-14,07:43:37,CUST_0073,ITEM_003,Cheese,3,17.4
T000849,2025-10-14,07:43:37,CUST_0073,ITEM_004,Bananas,2,5.6
T000850,2025-10-20,00:01:37,CUST_0036,ITEM_001,Pasta,3,10.5
T000850,2025-10-20,00:01:37,CUST_0036,ITEM_002,Tomatoes,1,3.8
T000850,2025-10-20,00:01:37,CUST_0036,ITEM_003,Bananas,1,2.8
T000850,2025-10-20,00:01:37,CUST_0036,ITEM_004,Onions,2,4.4
T000850,2025-10-20,00:01:37,CUST_0036,ITEM_005,Potatoes,2,4.0
T000851,2025-10-15,07:46:37,CUST_0415,ITEM_001,Bananas,2,5.6
T000851,2025-10-15,07:46:37,CUST_0415,ITEM_002,Milk,2,6.4
T000852,2025-10-06,23:37:37,CUST_0397,ITEM_001,Bananas,3,8.4
T000853,2025-09-16,09:51:37,CUST_0404,ITEM_001,Pasta,2,7.0
T000853,2025-09-16,09:51:37,CUST_0404,ITEM_002,Onions,1,2.2
T000854,2025-09-21,03:54:37,CUST_0046,ITEM_001,Chicken,3,25.5
T000854,2025-09-21,03:54:37,CUST_0046,ITEM_002,Cheese,1,5.8
T000854,2025-09-21,03:54:37,CUST_0046,ITEM_003,Rice,1,4.0
T000854,2025-09-21,03:54:37,CUST_0046,ITEM_004,Pasta,3,10.5
T000854,2025-09-21,03:54:37,CUST_0046,ITEM_005,Milk,3,9.6
T000854,2025-09-21,03:54:37,CUST_0046,ITEM_006,Butter,2,9.0
T000855,2025-10-02,04:01:37,CUST_0131,ITEM_001,Tomatoes,1,3.8
T000855,2025-10-02,04:01:37,CUST_0131,ITEM_002,Chicken,2,17.0
T000855,2025-10-02,04:01:37,CUST_0131,ITEM_003,Cheese,3,17.4
T000856,2025-10-07,02:29:37,CUST_0319,ITEM_001,Butter,2,9.0
T000856,2025-10-07,02:29:37,CUST_0319,ITEM_002,Bread,2,5.0
T000856,2025-10-07,02:29:37,CUST_0319,ITEM_003,Eggs,2,6.0
T000857,2025-10-21,10:02:37,CUST_0392,ITEM_001,Onions,1,2.2
T000857,2025-10-21,10:02:37,CUST_0392,ITEM_002,Milk,3,9.6
T000858,2025-10-04,09:05:37,CUST_0168,ITEM_001,Apples,2,8.4
T000858,2025-10-04,09:05:37,CUST_0168,ITEM_002,Eggs,3,9.0
T000858,2025-10-04,09:05:37,CUST_0168,ITEM_003,Milk,3,9.6
T000858,2025-10-04,09:05:37,CUST_0168,ITEM_004,Chicken,3,25.5
T000858,2025-10-04,09:05:37,CUST_0168,ITEM_005,Bread,1,2.5
T000858,2025-10-04,09:05:37,CUST_0168,ITEM_006,Bananas,3,8.4
T000859,2025-11-06,00:11:37,CUST_0447,ITEM_001,Potatoes,3,6.0
T000859,2025-11-06,00:11:37,CUST_0447,ITEM_002,Apples,1,4.2
T000860,2025-10-25,10:29:37,CUST_0500,ITEM_001,Bread,3,7.5
T000860,2025-10-25,10:29:37,CUST_0500,ITEM_002,Rice,1,4.0
T000861,2025-10-04,00:34:37,CUST_0378,ITEM_001,Tomatoes,3,11.4
T000861,2025-10-04,00:34:37,CUST_0378,ITEM_002,Eggs,3,9.0
T000862,2025-11-04,01:44:37,CUST_0202,ITEM_001,Potatoes,1,2.0
T000862,2025-11-04,01:44:37,CUST_0202,ITEM_002,Onions,2,4.4
T000862,2025-11-04,01:44:37,CUST_0202,ITEM_003,Tomatoes,1,3.8
T000862,2025-11-04,01:44:37,CUST_0202,ITEM_004,Eggs,2,6.0
T000862,2025-11-04,01:44:37,CUST_0202,ITEM_005,Milk,2,6.4
T000862,2025-11-04,01:44:37,CUST_0202,ITEM_006,Bananas,2,5.6
T000862,2025-11-04,01:44:37,CUST_0202,ITEM_007,Beef,3,36.0
T000863,2025-09-25,05:48:37,CUST_0412,ITEM_001,Milk,3,9.6
T000863,2025-09-25,05:48:37,CUST_0412,ITEM_002,Eggs,2,6.0
T000864,2025-11-14,01:24:37,CUST_0115,ITEM_001,Bananas,3,8.4
T000864,2025-11-14,01:24:37,CUST_0115,ITEM_002,Apples,2,8.4
T000865,2025-09-21,03:53:37,CUST_0317,ITEM_001,Rice,1,4.0
T000865,2025-09-21,03:53:37,CUST_0317,ITEM_002,Chicken,2,17.0
T000865,2025-09-21,03:53:37,CUST_0317,ITEM_003,Tomatoes,3,11.4
T000866,2025-11-13,10:18:37,CUST_0402,ITEM_001,Milk,3,9.6
T000866,2025-11-13,10:18:37,CUST_0402,ITEM_002,Cheese,1,5.8
T000866,2025-11-13,10:18:37,CUST_0402,ITEM_003,Butter,2,9.0
T000866,2025-11-13,10:18:37,CUST_0402,ITEM_004,Bread,1,2.5
T000866,2025-11-13,10:18:37,CUST_0402,ITEM_005,Bananas,2,5.6
T000867,2025-09-24,05:18:37,CUST_0384,ITEM_001,Butter,1,4.5
T000868,2025-11-07,09:23:37,CUST_0256,ITEM_001,Oranges,1,3.5
T000868,2025-11-07,09:23:37,CUST_0256,ITEM_002,Eggs,1,3.0
T000868,2025-11-07,09:23:37,CUST_0256,ITEM_003,Bread,2,5.0
T000869,2025-10-14,10:23:37,CUST_0485,ITEM_001,Bread,1,2.5
T000869,2025-10-14,10:23:37,CUST_0485,ITEM_002,Eggs,1,3.0
T000869,2025-10-14,10:23:37,CUST_0485,ITEM_003,Butter,2,9.0
T000870,2025-10-17,06:18:37,CUST_0089,ITEM_001,Tomatoes,2,7.6
T000870,2025-10-17,06:18:37,CUST_0089,ITEM_002,Eggs,2,6.0
T000871,2025-10-30,01:50:37,CUST_0247,ITEM_001,Tomatoes,2,7.6
T000872,2025-09-25,23:54:37,CUST_0082,ITEM_001,Beef,1,12.0
T000873,2025-10-04,23:30:37,CUST_0184,ITEM_001,Butter,2,9.0
T000873,2025-10-04,23:30:37,CUST_0184,ITEM_002,Pasta,1,3.5
T000873,2025-10-04,23:30:37,CUST_0184,ITEM_003,Bread,3,7.5
T000874,2025-11-01,03:57:37,CUST_0073,ITEM_001,Bananas,3,8.4
T000874,2025-11-01,03:57:37,CUST_0073,ITEM_002,Apples,2,8.4
T000875,2025-10-10,08:08:37,CUST_0021,ITEM_001,Cheese,3,17.4
T000875,2025-10-10,08:08:37,CUST_0021,ITEM_002,Beef,2,24.0
T000876,2025-10-29,03:10:37,CUST_0416,ITEM_001,Cheese,3,17.4
T000876,2025-10-29,03:10:37,CUST_0416,ITEM_002,Beef,3,36.0
T000876,2025-10-29,03:10:37,CUST_0416,ITEM_003,Tomatoes,2,7.6
T000876,2025-10-29,03:10:37,CUST_0416,ITEM_004,Onions,3,6.6
T000877,2025-09-18,05:04:37,CUST_0317,ITEM_001,Beef,3,36.0
T000877,2025-09-18,05:04:37,CUST_0317,ITEM_002,Cheese,3,17.4
T000877,2025-09-18,05:04:37,CUST_0317,ITEM_003,Chicken,3,25.5
T000878,2025-09-21,23:23:37,CUST_0133,ITEM_001,Potatoes,1,2.0
T000878,2025-09-21,23:23:37,CUST_0133,ITEM_002,Onions,2,4.4
T000879,2025-10-06,05:25:37,CUST_0179,ITEM_001,Eggs,3,9.0
T000879,2025-10-06,05:25:37,CUST_0179,ITEM_002,Bread,3,7.5
T000879,2025-10-06,05:25:37,CUST_0179,ITEM_003,Milk,1,3.2
T000879,2025-10-06,05:25:37,CUST_0179,ITEM_004,Cheese,1,5.8
T000880,2025-10-16,03:15:37,CUST_0403,ITEM_001,Beef,1,12.0
T000880,2025-10-16,03:15:37,CUST_0403,ITEM_002,Onions,3,6.6
T000880,2025-10-16,03:15:37,CUST_0403,ITEM_003,Tomatoes,3,11.4
T000881,2025-09-20,23:17:37,CUST_0053,ITEM_001,Beef,2,24.0
T000882,2025-10-31,01:37:37,CUST_0020,ITEM_001,Rice,2,8.0
T000882,2025-10-31,01:37:37,CUST_0020,ITEM_002,Chicken,2,17.0
T000883,2025-10-30,09:38:37,CUST_0097,ITEM_001,Tomatoes,2,7.6
T000883,2025-10-30,09:38:37,CUST_0097,ITEM_002,Chicken,2,17.0
T000883,2025-10-30,09:38:37,CUST_0097,ITEM_003,Onions,2,4.4
T000883,2025-10-30,09:38:37,CUST_0097,ITEM_004,Potatoes,3,6.0
T000883,2025-10-30,09:38:37,CUST_0097,ITEM_005,Rice,2,8.0
T000884,2025-10-14,22:34:37,CUST_0271,ITEM_001,Cheese,3,17.4
T000884,2025-10-14,22:34:37,CUST_0271,ITEM_002,Beef,3,36.0
T000885,2025-10-12,07:15:37,CUST_0284,ITEM_001,Beef,2,24.0
T000886,2025-10-01,23:47:37,CUST_0412,ITEM_001,Bananas,3,8.4
T000886,2025-10-01,23:47:37,CUST_0412,ITEM_002,Milk,3,9.6
T000886,2025-10-01,23:47:37,CUST_0412,ITEM_003,Bread,2,5.0
T000886,2025-10-01,23:47:37,CUST_0412,ITEM_004,Apples,3,12.6
T000886,2025-10-01,23:47:37,CUST_0412,ITEM_005,Eggs,1,3.0
T000887,2025-10-31,02:15:37,CUST_0341,ITEM_001,Pasta,1,3.5
T000887,2025-10-31,02:15:37,CUST_0341,ITEM_002,Tomatoes,1,3.8
T000887,2025-10-31,02:15:37,CUST_0341,ITEM_003,Chicken,3,25.5
T000888,2025-10-13,07:36:37,CUST_0016,ITEM_001,Onions,3,6.6
T000889,2025-10-29,03:55:37,CUST_0179,ITEM_001,Oranges,2,7.0
T000889,2025-10-29,03:55:37,CUST_0179,ITEM_002,Bread,1,2.5
T000890,2025-09-17,23:11:37,CUST_0275,ITEM_001,Cheese,1,5.8
T000890,2025-09-17,23:11:37,CUST_0275,ITEM_002,Milk,1,3.2
T000891,2025-10-15,06:12:37,CUST_0191,ITEM_001,Onions,1,2.2
T000891,2025-10-15,06:12:37,CUST_0191,ITEM_002,Chicken,1,8.5
T000891,2025-10-15,06:12:37,CUST_0191,ITEM_003,Tomatoes,3,11.4
T000892,2025-11-05,11:22:37,CUST_0261,ITEM_001,Onions,3,6.6
T000892,2025-11-05,11:22:37,CUST_0261,ITEM_002,Cheese,2,11.6
T000892,2025-11-05,11:22:37,CUST_0261,ITEM_003,Tomatoes,2,7.6
T000892,2025-11-05,11:22:37,CUST_0261,ITEM_004,Butter,2,9.0
T000892,2025-11-05,11:22:37,CUST_0261,ITEM_005,Chicken,2,17.0
T000893,2025-10-06,02:58:37,CUST_0061,ITEM_001,Potatoes,2,4.0
T000893,2025-10-06,02:58:37,CUST_0061,ITEM_002,Onions,1,2.2
T000893,2025-10-06,02:58:37,CUST_0061,ITEM_003,Beef,2,24.0
T000894,2025-11-08,06:19:37,CUST_0181,ITEM_001,Bananas,2,5.6
T000895,2025-10-29,02:47:37,CUST_0381,ITEM_001,Bread,3,7.5
T000895,2025-10-29,02:47:37,CUST_0381,ITEM_002,Eggs,2,6.0
T000895,2025-10-29,02:47:37,CUST_0381,ITEM_003,Chicken,3,25.5
T000896,2025-10-04,06:20:37,CUST_0063,ITEM_001,Bananas,2,5.6
T000896,2025-10-04,06:20:37,CUST_0063,ITEM_002,Milk,1,3.2
T000896,2025-10-04,06:20:37,CUST_0063,ITEM_003,Bread,3,7.5
T000896,2025-10-04,06:20:37,CUST_0063,ITEM_004,Rice,3,12.0
T000896,2025-10-04,06:20:37,CUST_0063,ITEM_005,Chicken,3,25.5
T000896,2025-10-04,06:20:37,CUST_0063,ITEM_006,Eggs,1,3.0
T000896,2025-10-04,06:20:37,CUST_0063,ITEM_007,Apples,1,4.2
T000897,2025-11-02,23:31:37,CUST_0143,ITEM_001,Bread,1,2.5
T000897,2025-11-02,23:31:37,CUST_0143,ITEM_002,Eggs,1,3.0
T000898,2025-10-19,08:18:37,CUST_0463,ITEM_001,Apples,3,12.6
T000899,2025-10-07,00:30:37,CUST_0453,ITEM_001,Butter,3,13.5
T000899,2025-10-07,00:30:37,CUST_0453,ITEM_002,Bread,3,7.5
T000899,2025-10-07,00:30:37,CUST_0453,ITEM_003,Cheese,2,11.6
T000899,2025-10-07,00:30:37,CUST_0453,ITEM_004,Milk,2,6.4
T000899,2025-10-07,00:30:37,CUST_0453,ITEM_005,Bananas,2,5.6
T000899,2025-10-07,00:30:37,CUST_0453,ITEM_006,Eggs,2,6.0
T000899,2025-10-07,00:30:37,CUST_0453,ITEM_007,Rice,1,4.0
T000900,2025-10-20,11:25:37,CUST_0313,ITEM_001,Oranges,1,3.5
T000900,2025-10-20,11:25:37,CUST_0313,ITEM_002,Butter,1,4.5
T000900,2025-10-20,11:25:37,CUST_0313,ITEM_003,Beef,2,24.0
T000901,2025-10-27,02:43:37,CUST_0082,ITEM_001,Potatoes,2,4.0
T000902,2025-10-19,03:25:37,CUST_0297,ITEM_001,Cheese,3,17.4
T000902,2025-10-19,03:25:37,CUST_0297,ITEM_002,Butter,2,9.0
T000903,2025-10-09,03:07:37,CUST_0494,ITEM_001,Cheese,2,11.6
T000903,2025-10-09,03:07:37,CUST_0494,ITEM_002,Onions,1,2.2
T000903,2025-10-09,03:07:37,CUST_0494,ITEM_003,Tomatoes,2,7.6
T000904,2025-11-11,23:02:37,CUST_0495,ITEM_001,Milk,1,3.2
T000905,2025-10-15,06:20:37,CUST_0095,ITEM_001,Onions,3,6.6
T000905,2025-10-15,06:20:37,CUST_0095,ITEM_002,Tomatoes,1,3.8
T000905,2025-10-15,06:20:37,CUST_0095,ITEM_003,Bananas,1,2.8
T000905,2025-10-15,06:20:37,CUST_0095,ITEM_004,Chicken,3,25.5
T000905,2025-10-15,06:20:37,CUST_0095,ITEM_005,Rice,1,4.0
T000905,2025-10-15,06:20:37,CUST_0095,ITEM_006,Apples,1,4.2
T000906,2025-10-26,10:35:37,CUST_0038,ITEM_001,Bread,1,2.5
T000906,2025-10-26,10:35:37,CUST_0038,ITEM_002,Rice,2,8.0
T000906,2025-10-26,10:35:37,CUST_0038,ITEM_003,Onions,2,4.4
T000906,2025-10-26,10:35:37,CUST_0038,ITEM_004,Eggs,2,6.0
T000907,2025-11-12,08:36:37,CUST_0141,ITEM_001,Butter,1,4.5
T000908,2025-09-22,23:48:37,CUST_0239,ITEM_001,Oranges,3,10.5
T000908,2025-09-22,23:48:37,CUST_0239,ITEM_002,Potatoes,2,4.0
T000908,2025-09-22,23:48:37,CUST_0239,ITEM_003,Onions,1,2.2
T000908,2025-09-22,23:48:37,CUST_0239,ITEM_004,Beef,1,12.0
T000909,2025-10-14,02:05:37,CUST_0292,ITEM_001,Beef,1,12.0
T000909,2025-10-14,02:05:37,CUST_0292,ITEM_002,Eggs,1,3.0
T000909,2025-10-14,02:05:37,CUST_0292,ITEM_003,Potatoes,2,4.0
T000909,2025-10-14,02:05:37,CUST_0292,ITEM_004,Milk,2,6.4
T000910,2025-09-20,22:39:37,CUST_0407,ITEM_001,Onions,2,4.4
T000910,2025-09-20,22:39:37,CUST_0407,ITEM_002,Tomatoes,3,11.4
T000911,2025-10-01,04:24:37,CUST_0375,ITEM_001,Milk,3,9.6
T000911,2025-10-01,04:24:37,CUST_0375,ITEM_002,Bananas,2,5.6
T000911,2025-10-01,04:24:37,CUST_0375,ITEM_003,Eggs,1,3.0
T000911,2025-10-01,04:24:37,CUST_0375,ITEM_004,Apples,2,8.4
T000911,2025-10-01,04:24:37,CUST_0375,ITEM_005,Cheese,1,5.8
T000911,2025-10-01,04:24:37,CUST_0375,ITEM_006,Bread,1,2.5
T000912,2025-09-18,02:08:37,CUST_0368,ITEM_001,Chicken,3,25.5
T000912,2025-09-18,02:08:37,CUST_0368,ITEM_002,Potatoes,1,2.0
T000913,2025-10-12,06:18:37,CUST_0084,ITEM_001,Potatoes,3,6.0
T000913,2025-10-12,06:18:37,CUST_0084,ITEM_002,Tomatoes,2,7.6
T000914,2025-09-17,23:33:37,CUST_0207,ITEM_001,Milk,2,6.4
T000914,2025-09-17,23:33:37,CUST_0207,ITEM_002,Oranges,2,7.0
T000915,2025-10-06,22:49:37,CUST_0363,ITEM_001,Potatoes,1,2.0
T000915,2025-10-06,22:49:37,CUST_0363,ITEM_002,Beef,1,12.0
T000915,2025-10-06,22:49:37,CUST_0363,ITEM_003,Onions,1,2.2
T000916,2025-10-03,04:05:37,CUST_0248,ITEM_001,Cheese,3,17.4
T000916,2025-10-03,04:05:37,CUST_0248,ITEM_002,Butter,2,9.0
T000916,2025-10-03,04:05:37,CUST_0248,ITEM_003,Milk,3,9.6
T000917,2025-11-07,06:55:37,CUST_0135,ITEM_001,Bread,1,2.5
T000917,2025-11-07,06:55:37,CUST_0135,ITEM_002,Rice,2,8.0
T000918,2025-10-18,03:22:37,CUST_0354,ITEM_001,Eggs,2,6.0
T000919,2025-09-19,09:35:37,CUST_0050,ITEM_001,Oranges,3,10.5
T000919,2025-09-19,09:35:37,CUST_0050,ITEM_002,Bread,1,2.5
T000919,2025-09-19,09:35:37,CUST_0050,ITEM_003,Milk,1,3.2
T000919,2025-09-19,09:35:37,CUST_0050,ITEM_004,Butter,1,4.5
T000920,2025-09-22,09:14:37,CUST_0345,ITEM_001,Tomatoes,1,3.8
T000920,2025-09-22,09:14:37,CUST_0345,ITEM_002,Chicken,3,25.5
T000920,2025-09-22,09:14:37,CUST_0345,ITEM_003,Beef,1,12.0
T000920,2025-09-22,09:14:37,CUST_0345,ITEM_004,Rice,1,4.0
T000920,2025-09-22,09:14:37,CUST_0345,ITEM_005,Onions,1,2.2
T000920,2025-09-22,09:14:37,CUST_0345,ITEM_006,Potatoes,3,6.0
T000920,2025-09-22,09:14:37,CUST_0345,ITEM_007,Pasta,2,7.0
T000920,2025-09-22,09:14:37,CUST_0345,ITEM_008,Eggs,2,6.0
T000921,2025-11-01,22:52:37,CUST_0448,ITEM_001,Eggs,3,9.0
T000922,2025-10-18,00:16:37,CUST_0048,ITEM_001,Butter,2,9.0
T000923,2025-11-02,09:34:37,CUST_0496,ITEM_001,Oranges,3,10.5
T000923,2025-11-02,09:34:37,CUST_0496,ITEM_002,Butter,2,9.0
T000923,2025-11-02,09:34:37,CUST_0496,ITEM_003,Apples,1,4.2
T000923,2025-11-02,09:34:37,CUST_0496,ITEM_004,Bananas,3,8.4
T000924,2025-10-26,23:08:37,CUST_0460,ITEM_001,Butter,3,13.5
T000924,2025-10-26,23:08:37,CUST_0460,ITEM_002,Bread,3,7.5
T000924,2025-10-26,23:08:37,CUST_0460,ITEM_003,Milk,2,6.4
T000924,2025-10-26,23:08:37,CUST_0460,ITEM_004,Eggs,2,6.0
T000924,2025-10-26,23:08:37,CUST_0460,ITEM_005,Apples,1,4.2
T000924,2025-10-26,23:08:37,CUST_0460,ITEM_006,Bananas,2,5.6
T000925,2025-10-08,03:21:37,CUST_0023,ITEM_001,Onions,1,2.2
T000925,2025-10-08,03:21:37,CUST_0023,ITEM_002,Potatoes,1,2.0
T000926,2025-09-30,03:48:37,CUST_0206,ITEM_001,Milk,2,6.4
T000926,2025-09-30,03:48:37,CUST_0206,ITEM_002,Tomatoes,1,3.8
T000926,2025-09-30,03:48:37,CUST_0206,ITEM_003,Pasta,3,10.5
T000926,2025-09-30,03:48:37,CUST_0206,ITEM_004,Cheese,1,5.8
T000927,2025-11-14,07:56:37,CUST_0077,ITEM_001,Pasta,2,7.0
T000927,2025-11-14,07:56:37,CUST_0077,ITEM_002,Tomatoes,2,7.6
T000927,2025-11-14,07:56:37,CUST_0077,ITEM_003,Chicken,1,8.5
T000927,2025-11-14,07:56:37,CUST_0077,ITEM_004,Onions,2,4.4
T000928,2025-09-23,09:03:37,CUST_0449,ITEM_001,Bananas,1,2.8
T000928,2025-09-23,09:03:37,CUST_0449,ITEM_002,Milk,2,6.4
T000929,2025-09-28,10:48:37,CUST_0247,ITEM_001,Onions,2,4.4
T000929,2025-09-28,10:48:37,CUST_0247,ITEM_002,Potatoes,2,4.0
T000929,2025-09-28,10:48:37,CUST_0247,ITEM_003,Butter,1,4.5
T000930,2025-11-14,01:53:37,CUST_0088,ITEM_001,Cheese,3,17.4
T000930,2025-11-14,01:53:37,CUST_0088,ITEM_002,Milk,1,3.2
T000930,2025-11-14,01:53:37,CUST_0088,ITEM_003,Potatoes,3,6.0
T000930,2025-11-14,01:53:37,CUST_0088,ITEM_004,Butter,1,4.5
T000930,2025-11-14,01:53:37,CUST_0088,ITEM_005,Bread,2,5.0
T000930,2025-11-14,01:53:37,CUST_0088,ITEM_006,Eggs,2,6.0
T000930,2025-11-14,01:53:37,CUST_0088,ITEM_007,Onions,2,4.4
T000931,2025-10-21,08:55:37,CUST_0462,ITEM_001,Eggs,1,3.0
T000932,2025-11-14,09:27:37,CUST_0110,ITEM_001,Milk,1,3.2
T000932,2025-11-14,09:27:37,CUST_0110,ITEM_002,Eggs,1,3.0
T000932,2025-11-14,09:27:37,CUST_0110,ITEM_003,Bananas,1,2.8
T000932,2025-11-14,09:27:37,CUST_0110,ITEM_004,Apples,3,12.6
T000933,2025-11-03,01:36:37,CUST_0235,ITEM_001,Apples,3,12.6
T000933,2025-11-03,01:36:37,CUST_0235,ITEM_002,Bananas,3,8.4
T000934,2025-09-17,07:57:37,CUST_0208,ITEM_001,Butter,3,13.5
T000934,2025-09-17,07:57:37,CUST_0208,ITEM_002,Bread,1,2.5
T000934,2025-09-17,07:57:37,CUST_0208,ITEM_003,Cheese,3,17.4
T000935,2025-10-28,04:56:37,CUST_0080,ITEM_001,Bread,1,2.5
T000935,2025-10-28,04:56:37,CUST_0080,ITEM_002,Milk,2,6.4
T000935,2025-10-28,04:56:37,CUST_0080,ITEM_003,Oranges,2,7.0
T000935,2025-10-28,04:56:37,CUST_0080,ITEM_004,Cheese,2,11.6
T000935,2025-10-28,04:56:37,CUST_0080,ITEM_005,Eggs,2,6.0
T000936,2025-10-28,03:25:37,CUST_0182,ITEM_001,Bananas,1,2.8
T000936,2025-10-28,03:25:37,CUST_0182,ITEM_002,Pasta,1,3.5
T000936,2025-10-28,03:25:37,CUST_0182,ITEM_003,Milk,2,6.4
T000936,2025-10-28,03:25:37,CUST_0182,ITEM_004,Cheese,2,11.6
T000937,2025-11-03,06:36:37,CUST_0109,ITEM_001,Potatoes,3,6.0
T000937,2025-11-03,06:36:37,CUST_0109,ITEM_002,Milk,3,9.6
T000938,2025-11-13,08:28:37,CUST_0445,ITEM_001,Chicken,1,8.5
T000939,2025-09-16,03:45:37,CUST_0093,ITEM_001,Chicken,1,8.5
T000939,2025-09-16,03:45:37,CUST_0093,ITEM_002,Onions,2,4.4
T000939,2025-09-16,03:45:37,CUST_0093,ITEM_003,Rice,3,12.0
T000940,2025-09-17,04:22:37,CUST_0200,ITEM_001,Cheese,2,11.6
T000941,2025-10-24,00:07:37,CUST_0109,ITEM_001,Eggs,2,6.0
T000941,2025-10-24,00:07:37,CUST_0109,ITEM_002,Milk,1,3.2
T000941,2025-10-24,00:07:37,CUST_0109,ITEM_003,Bread,2,5.0
T000942,2025-10-23,23:11:37,CUST_0328,ITEM_001,Cheese,2,11.6
T000942,2025-10-23,23:11:37,CUST_0328,ITEM_002,Pasta,3,10.5
T000942,2025-10-23,23:11:37,CUST_0328,ITEM_003,Milk,1,3.2
T000942,2025-10-23,23:11:37,CUST_0328,ITEM_004,Bananas,3,8.4
T000942,2025-10-23,23:11:37,CUST_0328,ITEM_005,Bread,3,7.5
T000942,2025-10-23,23:11:37,CUST_0328,ITEM_006,Potatoes,2,4.0
T000942,2025-10-23,23:11:37,CUST_0328,ITEM_007,Eggs,1,3.0
T000943,2025-11-06,04:03:37,CUST_0200,ITEM_001,Milk,3,9.6
T000943,2025-11-06,04:03:37,CUST_0200,ITEM_002,Eggs,1,3.0
T000943,2025-11-06,04:03:37,CUST_0200,ITEM_003,Bread,1,2.5
T000943,2025-11-06,04:03:37,CUST_0200,ITEM_004,Butter,2,9.0
T000943,2025-11-06,04:03:37,CUST_0200,ITEM_005,Tomatoes,2,7.6
T000943,2025-11-06,04:03:37,CUST_0200,ITEM_006,Onions,1,2.2
T000943,2025-11-06,04:03:37,CUST_0200,ITEM_007,Pasta,2,7.0
T000944,2025-10-16,06:07:37,CUST_0218,ITEM_001,Pasta,3,10.5
T000944,2025-10-16,06:07:37,CUST_0218,ITEM_002,Beef,1,12.0
T000944,2025-10-16,06:07:37,CUST_0218,ITEM_003,Tomatoes,3,11.4
T000944,2025-10-16,06:07:37,CUST_0218,ITEM_004,Potatoes,2,4.0
T000945,2025-09-28,06:56:37,CUST_0054,ITEM_001,Bread,2,5.0
T000945,2025-09-28,06:56:37,CUST_0054,ITEM_002,Cheese,3,17.4
T000946,2025-10-28,08:36:37,CUST_0472,ITEM_001,Bread,2,5.0
T000946,2025-10-28,08:36:37,CUST_0472,ITEM_002,Eggs,2,6.0
T000947,2025-09-29,08:21:37,CUST_0116,ITEM_001,Butter,2,9.0
T000947,2025-09-29,08:21:37,CUST_0116,ITEM_002,Cheese,3,17.4
T000948,2025-10-08,01:19:37,CUST_0115,ITEM_001,Chicken,2,17.0
T000948,2025-10-08,01:19:37,CUST_0115,ITEM_002,Tomatoes,1,3.8
T000948,2025-10-08,01:19:37,CUST_0115,ITEM_003,Potatoes,2,4.0
T000948,2025-10-08,01:19:37,CUST_0115,ITEM_004,Rice,1,4.0
T000948,2025-10-08,01:19:37,CUST_0115,ITEM_005,Beef,3,36.0
T000948,2025-10-08,01:19:37,CUST_0115,ITEM_006,Onions,3,6.6
T000949,2025-11-04,06:44:37,CUST_0365,ITEM_001,Onions,1,2.2
T000949,2025-11-04,06:44:37,CUST_0365,ITEM_002,Potatoes,1,2.0
T000949,2025-11-04,06:44:37,CUST_0365,ITEM_003,Tomatoes,1,3.8
T000949,2025-11-04,06:44:37,CUST_0365,ITEM_004,Chicken,3,25.5
T000949,2025-11-04,06:44:37,CUST_0365,ITEM_005,Bananas,3,8.4
T000949,2025-11-04,06:44:37,CUST_0365,ITEM_006,Butter,1,4.5
T000950,2025-10-10,00:20:37,CUST_0484,ITEM_001,Pasta,2,7.0
T000950,2025-10-10,00:20:37,CUST_0484,ITEM_002,Tomatoes,1,3.8
T000950,2025-10-10,00:20:37,CUST_0484,ITEM_003,Eggs,3,9.0
T000951,2025-09-27,05:38:37,CUST_0340,ITEM_001,Beef,1,12.0
T000951,2025-09-27,05:38:37,CUST_0340,ITEM_002,Potatoes,1,2.0
T000952,2025-10-30,23:41:37,CUST_0282,ITEM_001,Bananas,3,8.4
T000952,2025-10-30,23:41:37,CUST_0282,ITEM_002,Milk,3,9.6
T000952,2025-10-30,23:41:37,CUST_0282,ITEM_003,Onions,3,6.6
T000952,2025-10-30,23:41:37,CUST_0282,ITEM_004,Cheese,3,17.4
T000952,2025-10-30,23:41:37,CUST_0282,ITEM_005,Apples,2,8.4
T000952,2025-10-30,23:41:37,CUST_0282,ITEM_006,Chicken,2,17.0
T000952,2025-10-30,23:41:37,CUST_0282,ITEM_007,Bread,3,7.5
T000953,2025-11-09,09:41:37,CUST_0350,ITEM_001,Milk,1,3.2
T000953,2025-11-09,09:41:37,CUST_0350,ITEM_002,Pasta,2,7.0
T000953,2025-11-09,09:41:37,CUST_0350,ITEM_003,Eggs,2,6.0
T000953,2025-11-09,09:41:37,CUST_0350,ITEM_004,Chicken,2,17.0
T000953,2025-11-09,09:41:37,CUST_0350,ITEM_005,Bread,3,7.5
T000954,2025-10-14,06:29:37,CUST_0443,ITEM_001,Beef,1,12.0
T000954,2025-10-14,06:29:37,CUST_0443,ITEM_002,Chicken,3,25.5
T000954,2025-10-14,06:29:37,CUST_0443,ITEM_003,Bananas,1,2.8
T000954,2025-10-14,06:29:37,CUST_0443,ITEM_004,Rice,2,8.0
T000955,2025-09-29,09:43:37,CUST_0415,ITEM_001,Potatoes,1,2.0
T000956,2025-10-07,02:23:37,CUST_0314,ITEM_001,Onions,3,6.6
T000956,2025-10-07,02:23:37,CUST_0314,ITEM_002,Tomatoes,1,3.8
T000956,2025-10-07,02:23:37,CUST_0314,ITEM_003,Rice,3,12.0
T000957,2025-10-08,06:40:37,CUST_0302,ITEM_001,Potatoes,3,6.0
T000957,2025-10-08,06:40:37,CUST_0302,ITEM_002,Beef,3,36.0
T000957,2025-10-08,06:40:37,CUST_0302,ITEM_003,Onions,1,2.2
T000957,2025-10-08,06:40:37,CUST_0302,ITEM_004,Butter,1,4.5
T000957,2025-10-08,06:40:37,CUST_0302,ITEM_005,Chicken,1,8.5
T000957,2025-10-08,06:40:37,CUST_0302,ITEM_006,Tomatoes,3,11.4
T000957,2025-10-08,06:40:37,CUST_0302,ITEM_007,Bread,1,2.5
T000958,2025-10-12,23:10:37,CUST_0006,ITEM_001,Butter,1,4.5
T000958,2025-10-12,23:10:37,CUST_0006,ITEM_002,Oranges,3,10.5
T000958,2025-10-12,23:10:37,CUST_0006,ITEM_003,Cheese,1,5.8
T000958,2025-10-12,23:10:37,CUST_0006,ITEM_004,Bread,3,7.5
T000958,2025-10-12,23:10:37,CUST_0006,ITEM_005,Eggs,2,6.0
T000959,2025-11-12,02:56:37,CUST_0460,ITEM_001,Bananas,1,2.8
T000960,2025-11-10,08:10:37,CUST_0344,ITEM_001,Bread,1,2.5
T000960,2025-11-10,08:10:37,CUST_0344,ITEM_002,Milk,3,9.6
T000961,2025-10-21,08:25:37,CUST_0243,ITEM_001,Cheese,1,5.8
T000961,2025-10-21,08:25:37,CUST_0243,ITEM_002,Butter,2,9.0
T000961,2025-10-21,08:25:37,CUST_0243,ITEM_003,Bread,3,7.5
T000961,2025-10-21,08:25:37,CUST_0243,ITEM_004,Milk,2,6.4
T000961,2025-10-21,08:25:37,CUST_0243,ITEM_005,Bananas,2,5.6
T000961,2025-10-21,08:25:37,CUST_0243,ITEM_006,Eggs,2,6.0
T000962,2025-10-27,10:50:37,CUST_0218,ITEM_001,Bananas,1,2.8
T000962,2025-10-27,10:50:37,CUST_0218,ITEM_002,Chicken,3,25.5
T000963,2025-10-22,10:50:37,CUST_0089,ITEM_001,Milk,2,6.4
T000963,2025-10-22,10:50:37,CUST_0089,ITEM_002,Bread,2,5.0
T000963,2025-10-22,10:50:37,CUST_0089,ITEM_003,Cheese,3,17.4
T000963,2025-10-22,10:50:37,CUST_0089,ITEM_004,Eggs,1,3.0
T000963,2025-10-22,10:50:37,CUST_0089,ITEM_005,Butter,1,4.5
T000964,2025-11-02,08:13:37,CUST_0203,ITEM_001,Chicken,2,17.0
T000964,2025-11-02,08:13:37,CUST_0203,ITEM_002,Rice,3,12.0
T000965,2025-09-27,08:32:37,CUST_0323,ITEM_001,Oranges,1,3.5
T000965,2025-09-27,08:32:37,CUST_0323,ITEM_002,Apples,2,8.4
T000965,2025-09-27,08:32:37,CUST_0323,ITEM_003,Rice,3,12.0
T000965,2025-09-27,08:32:37,CUST_0323,ITEM_004,Eggs,2,6.0
T000966,2025-09-25,10:50:37,CUST_0372,ITEM_001,Beef,3,36.0
T000966,2025-09-25,10:50:37,CUST_0372,ITEM_002,Potatoes,2,4.0
T000966,2025-09-25,10:50:37,CUST_0372,ITEM_003,Onions,3,6.6
T000967,2025-11-03,01:07:37,CUST_0161,ITEM_001,Potatoes,3,6.0
T000968,2025-10-23,04:52:37,CUST_0257,ITEM_001,Pasta,2,7.0
T000968,2025-10-23,04:52:37,CUST_0257,ITEM_002,Chicken,1,8.5
T000969,2025-09-29,06:43:37,CUST_0217,ITEM_001,Onions,3,6.6
T000969,2025-09-29,06:43:37,CUST_0217,ITEM_002,Tomatoes,1,3.8
T000969,2025-09-29,06:43:37,CUST_0217,ITEM_003,Potatoes,1,2.0
T000969,2025-09-29,06:43:37,CUST_0217,ITEM_004,Beef,3,36.0
T000969,2025-09-29,06:43:37,CUST_0217,ITEM_005,Pasta,3,10.5
T000970,2025-10-22,11:26:37,CUST_0262,ITEM_001,Butter,2,9.0
T000970,2025-10-22,11:26:37,CUST_0262,ITEM_002,Bread,1,2.5
T000970,2025-10-22,11:26:37,CUST_0262,ITEM_003,Cheese,1,5.8
T000970,2025-10-22,11:26:37,CUST_0262,ITEM_004,Eggs,3,9.0
T000970,2025-10-22,11:26:37,CUST_0262,ITEM_005,Milk,2,6.4
T000970,2025-10-22,11:26:37,CUST_0262,ITEM_006,Bananas,3,8.4
T000970,2025-10-22,11:26:37,CUST_0262,ITEM_007,Apples,1,4.2
T000971,2025-09-24,08:04:37,CUST_0056,ITEM_001,Cheese,1,5.8
T000971,2025-09-24,08:04:37,CUST_0056,ITEM_002,Milk,1,3.2
T000971,2025-09-24,08:04:37,CUST_0056,ITEM_003,Bananas,2,5.6
T000971,2025-09-24,08:04:37,CUST_0056,ITEM_004,Bread,2,5.0
T000971,2025-09-24,08:04:37,CUST_0056,ITEM_005,Butter,1,4.5
T000972,2025-10-09,06:07:37,CUST_0368,ITEM_001,Potatoes,3,6.0
T000972,2025-10-09,06:07:37,CUST_0368,ITEM_002,Onions,2,4.4
T000972,2025-10-09,06:07:37,CUST_0368,ITEM_003,Tomatoes,1,3.8
T000973,2025-09-21,10:09:37,CUST_0360,ITEM_001,Apples,3,12.6
T000973,2025-09-21,10:09:37,CUST_0360,ITEM_002,Bananas,1,2.8
T000973,2025-09-21,10:09:37,CUST_0360,ITEM_003,Rice,2,8.0
T000973,2025-09-21,10:09:37,CUST_0360,ITEM_004,Chicken,3,25.5
T000973,2025-09-21,10:09:37,CUST_0360,ITEM_005,Onions,3,6.6
T000974,2025-10-13,04:30:37,CUST_0315,ITEM_001,Eggs,3,9.0
T000974,2025-10-13,04:30:37,CUST_0315,ITEM_002,Butter,3,13.5
T000974,2025-10-13,04:30:37,CUST_0315,ITEM_003,Cheese,1,5.8
T000974,2025-10-13,04:30:37,CUST_0315,ITEM_004,Milk,2,6.4
T000974,2025-10-13,04:30:37,CUST_0315,ITEM_005,Bread,1,2.5
T000974,2025-10-13,04:30:37,CUST_0315,ITEM_006,Bananas,3,8.4
T000974,2025-10-13,04:30:37,CUST_0315,ITEM_007,Apples,1,4.2
T000974,2025-10-13,04:30:37,CUST_0315,ITEM_008,Beef,2,24.0
T000975,2025-10-16,07:46:37,CUST_0441,ITEM_001,Milk,1,3.2
T000975,2025-10-16,07:46:37,CUST_0441,ITEM_002,Cheese,2,11.6
T000975,2025-10-16,07:46:37,CUST_0441,ITEM_003,Beef,1,12.0
T000976,2025-10-15,11:05:37,CUST_0406,ITEM_001,Oranges,2,7.0
T000976,2025-10-15,11:05:37,CUST_0406,ITEM_002,Milk,3,9.6
T000977,2025-09-25,01:27:37,CUST_0111,ITEM_001,Rice,1,4.0
T000977,2025-09-25,01:27:37,CUST_0111,ITEM_002,Chicken,3,25.5
T000977,2025-09-25,01:27:37,CUST_0111,ITEM_003,Tomatoes,2,7.6
T000978,2025-11-10,00:35:37,CUST_0449,ITEM_001,Onions,2,4.4
T000978,2025-11-10,00:35:37,CUST_0449,ITEM_002,Potatoes,1,2.0
T000978,2025-11-10,00:35:37,CUST_0449,ITEM_003,Beef,3,36.0
T000978,2025-11-10,00:35:37,CUST_0449,ITEM_004,Tomatoes,3,11.4
T000979,2025-10-05,05:17:37,CUST_0163,ITEM_001,Chicken,1,8.5
T000979,2025-10-05,05:17:37,CUST_0163,ITEM_002,Rice,1,4.0
T000980,2025-09-26,01:25:37,CUST_0253,ITEM_001,Potatoes,2,4.0
T000980,2025-09-26,01:25:37,CUST_0253,ITEM_002,Onions,3,6.6
T000980,2025-09-26,01:25:37,CUST_0253,ITEM_003,Tomatoes,3,11.4
T000981,2025-10-18,07:12:37,CUST_0276,ITEM_001,Pasta,2,7.0
T000981,2025-10-18,07:12:37,CUST_0276,ITEM_002,Milk,1,3.2
T000981,2025-10-18,07:12:37,CUST_0276,ITEM_003,Tomatoes,1,3.8
T000981,2025-10-18,07:12:37,CUST_0276,ITEM_004,Onions,2,4.4
T000982,2025-10-12,09:24:37,CUST_0269,ITEM_001,Milk,1,3.2
T000982,2025-10-12,09:24:37,CUST_0269,ITEM_002,Eggs,1,3.0
T000982,2025-10-12,09:24:37,CUST_0269,ITEM_003,Cheese,3,17.4
T000983,2025-09-24,03:06:37,CUST_0013,ITEM_001,Tomatoes,3,11.4
T000983,2025-09-24,03:06:37,CUST_0013,ITEM_002,Eggs,1,3.0
T000983,2025-09-24,03:06:37,CUST_0013,ITEM_003,Bread,3,7.5
T000984,2025-10-29,05:31:37,CUST_0397,ITEM_001,Cheese,2,11.6
T000985,2025-09-30,05:17:37,CUST_0444,ITEM_001,Oranges,3,10.5
T000985,2025-09-30,05:17:37,CUST_0444,ITEM_002,Eggs,2,6.0
T000985,2025-09-30,05:17:37,CUST_0444,ITEM_003,Bread,2,5.0
T000985,2025-09-30,05:17:37,CUST_0444,ITEM_004,Milk,3,9.6
T000986,2025-09-28,02:43:37,CUST_0469,ITEM_001,Rice,2,8.0
T000986,2025-09-28,02:43:37,CUST_0469,ITEM_002,Chicken,1,8.5
T000986,2025-09-28,02:43:37,CUST_0469,ITEM_003,Oranges,3,10.5
T000987,2025-09-24,03:30:37,CUST_0382,ITEM_001,Potatoes,2,4.0
T000987,2025-09-24,03:30:37,CUST_0382,ITEM_002,Beef,1,12.0
T000987,2025-09-24,03:30:37,CUST_0382,ITEM_003,Bread,1,2.5
T000987,2025-09-24,03:30:37,CUST_0382,ITEM_004,Eggs,1,3.0
T000987,2025-09-24,03:30:37,CUST_0382,ITEM_005,Milk,2,6.4
T000987,2025-09-24,03:30:37,CUST_0382,ITEM_006,Onions,3,6.6
T000987,2025-09-24,03:30:37,CUST_0382,ITEM_007,Butter,3,13.5
T000987,2025-09-24,03:30:37,CUST_0382,ITEM_008,Tomatoes,2,7.6
T000988,2025-10-24,06:40:37,CUST_0232,ITEM_001,Cheese,1,5.8
T000988,2025-10-24,06:40:37,CUST_0232,ITEM_002,Butter,1,4.5
T000988,2025-10-24,06:40:37,CUST_0232,ITEM_003,Bread,3,7.5
T000988,2025-10-24,06:40:37,CUST_0232,ITEM_004,Milk,3,9.6
T000989,2025-10-21,00:49:37,CUST_0443,ITEM_001,Apples,2,8.4
T000989,2025-10-21,00:49:37,CUST_0443,ITEM_002,Rice,3,12.0
T000990,2025-09-29,10:07:37,CUST_0498,ITEM_001,Rice,2,8.0
T000990,2025-09-29,10:07:37,CUST_0498,ITEM_002,Chicken,1,8.5
T000990,2025-09-29,10:07:37,CUST_0498,ITEM_003,Tomatoes,3,11.4
T000990,2025-09-29,10:07:37,CUST_0498,ITEM_004,Onions,3,6.6
T000991,2025-09-16,08:01:37,CUST_0336,ITEM_001,Rice,3,12.0
T000991,2025-09-16,08:01:37,CUST_0336,ITEM_002,Chicken,2,17.0
T000991,2025-09-16,08:01:37,CUST_0336,ITEM_003,Beef,1,12.0
T000991,2025-09-16,08:01:37,CUST_0336,ITEM_004,Potatoes,1,2.0
T000991,2025-09-16,08:01:37,CUST_0336,ITEM_005,Cheese,2,11.6
T000991,2025-09-16,08:01:37,CUST_0336,ITEM_006,Butter,2,9.0
T000991,2025-09-16,08:01:37,CUST_0336,ITEM_007,Tomatoes,1,3.8
T000992,2025-10-20,10:43:37,CUST_0223,ITEM_001,Eggs,2,6.0
T000993,2025-09-30,04:34:37,CUST_0354,ITEM_001,Onions,1,2.2
T000993,2025-09-30,04:34:37,CUST_0354,ITEM_002,Cheese,2,11.6
T000993,2025-09-30,04:34:37,CUST_0354,ITEM_003,Tomatoes,3,11.4
T000993,2025-09-30,04:34:37,CUST_0354,ITEM_004,Potatoes,2,4.0
T000993,2025-09-30,04:34:37,CUST_0354,ITEM_005,Beef,3,36.0
T000994,2025-11-02,01:26:37,CUST_0076,ITEM_001,Milk,3,9.6
T000995,2025-11-01,08:04:37,CUST_0462,ITEM_001,Apples,1,4.2
T000995,2025-11-01,08:04:37,CUST_0462,ITEM_002,Onions,1,2.2
T000995,2025-11-01,08:04:37,CUST_0462,ITEM_003,Bananas,3,8.4
T000995,2025-11-01,08:04:37,CUST_0462,ITEM_004,Beef,2,24.0
T000996,2025-10-25,01:30:37,CUST_0399,ITEM_001,Beef,2,24.0
T000996,2025-10-25,01:30:37,CUST_0399,ITEM_002,Cheese,3,17.4
T000996,2025-10-25,01:30:37,CUST_0399,ITEM_003,Potatoes,2,4.0
T000997,2025-10-27,04:44:37,CUST_0069,ITEM_001,Bread,2,5.0
T000997,2025-10-27,04:44:37,CUST_0069,ITEM_002,Eggs,3,9.0
T000997,2025-10-27,04:44:37,CUST_0069,ITEM_003,Milk,3,9.6
T000997,2025-10-27,04:44:37,CUST_0069,ITEM_004,Onions,1,2.2
T000997,2025-10-27,04:44:37,CUST_0069,ITEM_005,Butter,1,4.5
T000998,2025-11-14,08:34:37,CUST_0402,ITEM_001,Butter,1,4.5
T000998,2025-11-14,08:34:37,CUST_0402,ITEM_002,Cheese,2,11.6
T000998,2025-11-14,08:34:37,CUST_0402,ITEM_003,Bread,3,7.5
T000998,2025-11-14,08:34:37,CUST_0402,ITEM_004,Tomatoes,3,11.4
T000998,2025-11-14,08:34:37,CUST_0402,ITEM_005,Eggs,3,9.0
T000998,2025-11-14,08:34:37,CUST_0402,ITEM_006,Onions,3,6.6
T000998,2025-11-14,08:34:37,CUST_0402,ITEM_007,Pasta,3,10.5
T000999,2025-10-24,02:59:37,CUST_0315,ITEM_001,Potatoes,2,4.0
T001000,2025-11-06,09:18:37,CUST_0246,ITEM_001,Pasta,2,7.0
T001000,2025-11-06,09:18:37,CUST_0246,ITEM_002,Tomatoes,1,3.8
T001000,2025-11-06,09:18:37,CUST_0246,ITEM_003,Chicken,3,25.5
T001001,2025-11-01,09:01:37,CUST_0488,ITEM_001,Milk,2,6.4
T001001,2025-11-01,09:01:37,CUST_0488,ITEM_002,Butter,3,13.5
T001001,2025-11-01,09:01:37,CUST_0488,ITEM_003,Onions,3,6.6
T001002,2025-10-19,03:14:37,CUST_0392,ITEM_001,Eggs,3,9.0
T001002,2025-10-19,03:14:37,CUST_0392,ITEM_002,Bread,3,7.5
T001002,2025-10-19,03:14:37,CUST_0392,ITEM_003,Beef,1,12.0
T001003,2025-10-13,11:11:37,CUST_0264,ITEM_001,Milk,3,9.6
T001003,2025-10-13,11:11:37,CUST_0264,ITEM_002,Cheese,2,11.6
T001003,2025-10-13,11:11:37,CUST_0264,ITEM_003,Bread,2,5.0
T001003,2025-10-13,11:11:37,CUST_0264,ITEM_004,Beef,2,24.0
T001003,2025-10-13,11:11:37,CUST_0264,ITEM_005,Eggs,3,9.0
T001004,2025-09-20,04:37:37,CUST_0175,ITEM_001,Onions,2,4.4
T001004,2025-09-20,04:37:37,CUST_0175,ITEM_002,Tomatoes,2,7.6
T001004,2025-09-20,04:37:37,CUST_0175,ITEM_003,Bread,2,5.0
T001005,2025-11-11,11:05:37,CUST_0374,ITEM_001,Bread,3,7.5
T001005,2025-11-11,11:05:37,CUST_0374,ITEM_002,Butter,2,9.0
T001005,2025-11-11,11:05:37,CUST_0374,ITEM_003,Eggs,3,9.0
T001005,2025-11-11,11:05:37,CUST_0374,ITEM_004,Milk,3,9.6
T001005,2025-11-11,11:05:37,CUST_0374,ITEM_005,Cheese,3,17.4
T001005,2025-11-11,11:05:37,CUST_0374,ITEM_006,Bananas,3,8.4
T001006,2025-09-18,10:10:37,CUST_0425,ITEM_001,Onions,2,4.4
T001006,2025-09-18,10:10:37,CUST_0425,ITEM_002,Tomatoes,1,3.8
T001006,2025-09-18,10:10:37,CUST_0425,ITEM_003,Potatoes,3,6.0
T001007,2025-11-07,01:29:37,CUST_0103,ITEM_001,Butter,2,9.0
T001007,2025-11-07,01:29:37,CUST_0103,ITEM_002,Bread,3,7.5
T001008,2025-10-03,05:25:37,CUST_0275,ITEM_001,Eggs,2,6.0
T001009,2025-11-14,04:48:37,CUST_0358,ITEM_001,Potatoes,3,6.0
T001009,2025-11-14,04:48:37,CUST_0358,ITEM_002,Onions,2,4.4
T001010,2025-09-21,09:29:37,CUST_0344,ITEM_001,Butter,3,13.5
T001010,2025-09-21,09:29:37,CUST_0344,ITEM_002,Pasta,2,7.0
T001011,2025-10-05,00:28:37,CUST_0286,ITEM_001,Tomatoes,1,3.8
T001011,2025-10-05,00:28:37,CUST_0286,ITEM_002,Chicken,2,17.0
T001011,2025-10-05,00:28:37,CUST_0286,ITEM_003,Oranges,1,3.5
T001012,2025-10-02,11:04:37,CUST_0347,ITEM_001,Butter,2,9.0
T001012,2025-10-02,11:04:37,CUST_0347,ITEM_002,Bread,2,5.0
T001013,2025-09-27,03:11:37,CUST_0429,ITEM_001,Bananas,2,5.6
T001013,2025-09-27,03:11:37,CUST_0429,ITEM_002,Apples,3,12.6
T001013,2025-09-27,03:11:37,CUST_0429,ITEM_003,Milk,2,6.4
T001013,2025-09-27,03:11:37,CUST_0429,ITEM_004,Bread,1,2.5
T001014,2025-10-21,10:14:37,CUST_0216,ITEM_001,Eggs,2,6.0
T001015,2025-10-21,06:46:37,CUST_0119,ITEM_001,Potatoes,3,6.0
T001016,2025-10-22,03:15:37,CUST_0105,ITEM_001,Bananas,3,8.4
T001016,2025-10-22,03:15:37,CUST_0105,ITEM_002,Onions,3,6.6
T001016,2025-10-22,03:15:37,CUST_0105,ITEM_003,Apples,2,8.4
T001016,2025-10-22,03:15:37,CUST_0105,ITEM_004,Pasta,2,7.0
T001016,2025-10-22,03:15:37,CUST_0105,ITEM_005,Bread,3,7.5
T001017,2025-11-10,23:44:37,CUST_0019,ITEM_001,Chicken,2,17.0
T001017,2025-11-10,23:44:37,CUST_0019,ITEM_002,Beef,3,36.0
T001018,2025-11-09,00:51:37,CUST_0170,ITEM_001,Tomatoes,2,7.6
T001018,2025-11-09,00:51:37,CUST_0170,ITEM_002,Onions,2,4.4
T001018,2025-11-09,00:51:37,CUST_0170,ITEM_003,Potatoes,3,6.0
T001019,2025-10-01,23:49:37,CUST_0230,ITEM_001,Apples,2,8.4
T001019,2025-10-01,23:49:37,CUST_0230,ITEM_002,Bananas,2,5.6
T001019,2025-10-01,23:49:37,CUST_0230,ITEM_003,Milk,2,6.4
T001019,2025-10-01,23:49:37,CUST_0230,ITEM_004,Potatoes,1,2.0
T001019,2025-10-01,23:49:37,CUST_0230,ITEM_005,Onions,1,2.2
T001020,2025-10-21,08:20:37,CUST_0463,ITEM_001,Bananas,1,2.8
T001020,2025-10-21,08:20:37,CUST_0463,ITEM_002,Milk,2,6.4
T001020,2025-10-21,08:20:37,CUST_0463,ITEM_003,Eggs,1,3.0
T001020,2025-10-21,08:20:37,CUST_0463,ITEM_004,Cheese,1,5.8
T001020,2025-10-21,08:20:37,CUST_0463,ITEM_005,Apples,1,4.2
T001020,2025-10-21,08:20:37,CUST_0463,ITEM_006,Bread,1,2.5
T001020,2025-10-21,08:20:37,CUST_0463,ITEM_007,Butter,1,4.5
T001021,2025-11-13,07:47:37,CUST_0486,ITEM_001,Bananas,1,2.8
T001021,2025-11-13,07:47:37,CUST_0486,ITEM_002,Oranges,1,3.5
T001021,2025-11-13,07:47:37,CUST_0486,ITEM_003,Apples,1,4.2
T001021,2025-11-13,07:47:37,CUST_0486,ITEM_004,Milk,1,3.2
T001021,2025-11-13,07:47:37,CUST_0486,ITEM_005,Potatoes,1,2.0
T001022,2025-09-21,01:47:37,CUST_0095,ITEM_001,Potatoes,3,6.0
T001022,2025-09-21,01:47:37,CUST_0095,ITEM_002,Tomatoes,2,7.6
T001022,2025-09-21,01:47:37,CUST_0095,ITEM_003,Apples,2,8.4
T001023,2025-10-29,00:19:37,CUST_0286,ITEM_001,Onions,2,4.4
T001024,2025-11-04,08:16:37,CUST_0030,ITEM_001,Bananas,3,8.4
T001024,2025-11-04,08:16:37,CUST_0030,ITEM_002,Pasta,1,3.5
T001025,2025-10-26,08:08:37,CUST_0376,ITEM_001,Tomatoes,2,7.6
T001025,2025-10-26,08:08:37,CUST_0376,ITEM_002,Rice,2,8.0
T001025,2025-10-26,08:08:37,CUST_0376,ITEM_003,Onions,3,6.6
T001025,2025-10-26,08:08:37,CUST_0376,ITEM_004,Pasta,1,3.5
T001026,2025-09-20,02:17:37,CUST_0215,ITEM_001,Milk,3,9.6
T001026,2025-09-20,02:17:37,CUST_0215,ITEM_002,Bananas,3,8.4
T001026,2025-09-20,02:17:37,CUST_0215,ITEM_003,Rice,2,8.0
T001026,2025-09-20,02:17:37,CUST_0215,ITEM_004,Pasta,2,7.0
T001026,2025-09-20,02:17:37,CUST_0215,ITEM_005,Cheese,1,5.8
T001027,2025-09-16,07:01:37,CUST_0258,ITEM_001,Apples,1,4.2
T001027,2025-09-16,07:01:37,CUST_0258,ITEM_002,Bananas,1,2.8
T001027,2025-09-16,07:01:37,CUST_0258,ITEM_003,Milk,1,3.2
T001028,2025-10-27,07:47:37,CUST_0143,ITEM_001,Tomatoes,3,11.4
T001028,2025-10-27,07:47:37,CUST_0143,ITEM_002,Eggs,3,9.0
T001029,2025-09-18,22:54:37,CUST_0230,ITEM_001,Eggs,2,6.0
T001029,2025-09-18,22:54:37,CUST_0230,ITEM_002,Bread,2,5.0
T001029,2025-09-18,22:54:37,CUST_0230,ITEM_003,Milk,2,6.4
T001029,2025-09-18,22:54:37,CUST_0230,ITEM_004,Cheese,1,5.8
T001029,2025-09-18,22:54:37,CUST_0230,ITEM_005,Tomatoes,3,11.4
T001029,2025-09-18,22:54:37,CUST_0230,ITEM_006,Pasta,1,3.5
T001030,2025-09-18,04:42:37,CUST_0500,ITEM_001,Rice,3,12.0
T001030,2025-09-18,04:42:37,CUST_0500,ITEM_002,Cheese,1,5.8
T001031,2025-10-05,07:44:37,CUST_0327,ITEM_001,Bread,2,5.0
T001031,2025-10-05,07:44:37,CUST_0327,ITEM_002,Milk,2,6.4
T001031,2025-10-05,07:44:37,CUST_0327,ITEM_003,Cheese,1,5.8
T001031,2025-10-05,07:44:37,CUST_0327,ITEM_004,Bananas,2,5.6
T001032,2025-11-02,01:20:37,CUST_0088,ITEM_001,Beef,1,12.0
T001032,2025-11-02,01:20:37,CUST_0088,ITEM_002,Potatoes,1,2.0
T001032,2025-11-02,01:20:37,CUST_0088,ITEM_003,Apples,2,8.4
T001033,2025-10-29,08:33:37,CUST_0099,ITEM_001,Potatoes,1,2.0
T001033,2025-10-29,08:33:37,CUST_0099,ITEM_002,Beef,1,12.0
T001034,2025-11-03,09:34:37,CUST_0454,ITEM_001,Apples,2,8.4
T001034,2025-11-03,09:34:37,CUST_0454,ITEM_002,Bananas,1,2.8
T001034,2025-11-03,09:34:37,CUST_0454,ITEM_003,Milk,2,6.4
T001035,2025-11-03,23:30:37,CUST_0108,ITEM_001,Chicken,3,25.5
T001035,2025-11-03,23:30:37,CUST_0108,ITEM_002,Rice,2,8.0
T001035,2025-11-03,23:30:37,CUST_0108,ITEM_003,Eggs,2,6.0
T001035,2025-11-03,23:30:37,CUST_0108,ITEM_004,Milk,3,9.6
T001036,2025-09-20,00:30:37,CUST_0255,ITEM_001,Milk,3,9.6
T001036,2025-09-20,00:30:37,CUST_0255,ITEM_002,Cheese,3,17.4
T001036,2025-09-20,00:30:37,CUST_0255,ITEM_003,Bananas,1,2.8
T001037,2025-10-16,11:22:37,CUST_0372,ITEM_001,Eggs,1,3.0
T001037,2025-10-16,11:22:37,CUST_0372,ITEM_002,Milk,3,9.6
T001037,2025-10-16,11:22:37,CUST_0372,ITEM_003,Pasta,2,7.0
T001037,2025-10-16,11:22:37,CUST_0372,ITEM_004,Onions,1,2.2
T001038,2025-11-06,03:04:37,CUST_0089,ITEM_001,Onions,3,6.6
T001038,2025-11-06,03:04:37,CUST_0089,ITEM_002,Beef,3,36.0
T001038,2025-11-06,03:04:37,CUST_0089,ITEM_003,Bananas,2,5.6
T001038,2025-11-06,03:04:37,CUST_0089,ITEM_004,Apples,1,4.2
T001038,2025-11-06,03:04:37,CUST_0089,ITEM_005,Tomatoes,2,7.6
T001038,2025-11-06,03:04:37,CUST_0089,ITEM_006,Potatoes,1,2.0
T001039,2025-10-14,04:44:37,CUST_0320,ITEM_001,Rice,3,12.0
T001039,2025-10-14,04:44:37,CUST_0320,ITEM_002,Eggs,2,6.0
T001040,2025-10-07,06:20:37,CUST_0273,ITEM_001,Tomatoes,1,3.8
T001040,2025-10-07,06:20:37,CUST_0273,ITEM_002,Pasta,1,3.5
T001040,2025-10-07,06:20:37,CUST_0273,ITEM_003,Cheese,1,5.8
T001040,2025-10-07,06:20:37,CUST_0273,ITEM_004,Milk,3,9.6
T001040,2025-10-07,06:20:37,CUST_0273,ITEM_005,Butter,3,13.5
T001040,2025-10-07,06:20:37,CUST_0273,ITEM_006,Eggs,2,6.0
T001041,2025-10-07,06:28:37,CUST_0255,ITEM_001,Cheese,2,11.6
T001041,2025-10-07,06:28:37,CUST_0255,ITEM_002,Butter,3,13.5
T001042,2025-10-05,09:29:37,CUST_0082,ITEM_001,Oranges,3,10.5
T001042,2025-10-05,09:29:37,CUST_0082,ITEM_002,Cheese,3,17.4
T001043,2025-10-05,23:15:37,CUST_0195,ITEM_001,Apples,1,4.2
T001043,2025-10-05,23:15:37,CUST_0195,ITEM_002,Bananas,1,2.8
T001043,2025-10-05,23:15:37,CUST_0195,ITEM_003,Milk,3,9.6
T001043,2025-10-05,23:15:37,CUST_0195,ITEM_004,Tomatoes,2,7.6
T001044,2025-10-08,01:49:37,CUST_0308,ITEM_001,Onions,3,6.6
T001044,2025-10-08,01:49:37,CUST_0308,ITEM_002,Chicken,1,8.5
T001044,2025-10-08,01:49:37,CUST_0308,ITEM_003,Apples,3,12.6
T001044,2025-10-08,01:49:37,CUST_0308,ITEM_004,Bananas,2,5.6
T001044,2025-10-08,01:49:37,CUST_0308,ITEM_005,Bread,1,2.5
T001045,2025-10-17,23:37:37,CUST_0412,ITEM_001,Rice,1,4.0
T001045,2025-10-17,23:37:37,CUST_0412,ITEM_002,Chicken,1,8.5
T001045,2025-10-17,23:37:37,CUST_0412,ITEM_003,Tomatoes,2,7.6
T001045,2025-10-17,23:37:37,CUST_0412,ITEM_004,Milk,1,3.2
T001045,2025-10-17,23:37:37,CUST_0412,ITEM_005,Potatoes,2,4.0
T001045,2025-10-17,23:37:37,CUST_0412,ITEM_006,Cheese,3,17.4
T001045,2025-10-17,23:37:37,CUST_0412,ITEM_007,Onions,2,4.4
T001045,2025-10-17,23:37:37,CUST_0412,ITEM_008,Eggs,2,6.0
T001046,2025-11-08,10:01:37,CUST_0078,ITEM_001,Tomatoes,3,11.4
T001046,2025-11-08,10:01:37,CUST_0078,ITEM_002,Chicken,1,8.5
T001046,2025-11-08,10:01:37,CUST_0078,ITEM_003,Pasta,1,3.5
T001046,2025-11-08,10:01:37,CUST_0078,ITEM_004,Rice,2,8.0
T001046,2025-11-08,10:01:37,CUST_0078,ITEM_005,Onions,1,2.2
T001047,2025-09-17,04:08:37,CUST_0176,ITEM_001,Chicken,1,8.5
T001047,2025-09-17,04:08:37,CUST_0176,ITEM_002,Tomatoes,3,11.4
T001047,2025-09-17,04:08:37,CUST_0176,ITEM_003,Bananas,2,5.6
T001048,2025-09-16,07:06:37,CUST_0477,ITEM_001,Rice,1,4.0
T001048,2025-09-16,07:06:37,CUST_0477,ITEM_002,Chicken,2,17.0
T001049,2025-09-29,05:11:37,CUST_0046,ITEM_001,Potatoes,3,6.0
T001049,2025-09-29,05:11:37,CUST_0046,ITEM_002,Onions,3,6.6
T001049,2025-09-29,05:11:37,CUST_0046,ITEM_003,Tomatoes,1,3.8
T001049,2025-09-29,05:11:37,CUST_0046,ITEM_004,Bananas,2,5.6
T001049,2025-09-29,05:11:37,CUST_0046,ITEM_005,Milk,1,3.2
T001050,2025-09-22,08:35:37,CUST_0358,ITEM_001,Eggs,1,3.0
T001050,2025-09-22,08:35:37,CUST_0358,ITEM_002,Bread,2,5.0
T001050,2025-09-22,08:35:37,CUST_0358,ITEM_003,Milk,3,9.6
T001051,2025-09-27,09:57:37,CUST_0260,ITEM_001,Chicken,2,17.0
T001051,2025-09-27,09:57:37,CUST_0260,ITEM_002,Rice,3,12.0
T001052,2025-11-05,08:04:37,CUST_0332,ITEM_001,Potatoes,1,2.0
T001052,2025-11-05,08:04:37,CUST_0332,ITEM_002,Onions,1,2.2
T001052,2025-11-05,08:04:37,CUST_0332,ITEM_003,Tomatoes,1,3.8
T001052,2025-11-05,08:04:37,CUST_0332,ITEM_004,Beef,2,24.0
T001053,2025-10-18,04:06:37,CUST_0292,ITEM_001,Butter,3,13.5
T001053,2025-10-18,04:06:37,CUST_0292,ITEM_002,Bread,3,7.5
T001053,2025-10-18,04:06:37,CUST_0292,ITEM_003,Onions,3,6.6
T001053,2025-10-18,04:06:37,CUST_0292,ITEM_004,Tomatoes,1,3.8
T001053,2025-10-18,04:06:37,CUST_0292,ITEM_005,Potatoes,1,2.0
T001053,2025-10-18,04:06:37,CUST_0292,ITEM_006,Cheese,3,17.4
T001053,2025-10-18,04:06:37,CUST_0292,ITEM_007,Beef,3,36.0
T001053,2025-10-18,04:06:37,CUST_0292,ITEM_008,Milk,2,6.4
T001054,2025-10-02,11:05:37,CUST_0361,ITEM_001,Chicken,2,17.0
T001054,2025-10-02,11:05:37,CUST_0361,ITEM_002,Tomatoes,1,3.8
T001055,2025-10-15,23:57:37,CUST_0484,ITEM_001,Apples,1,4.2
T001055,2025-10-15,23:57:37,CUST_0484,ITEM_002,Bananas,2,5.6
T001055,2025-10-15,23:57:37,CUST_0484,ITEM_003,Milk,1,3.2
T001055,2025-10-15,23:57:37,CUST_0484,ITEM_004,Tomatoes,2,7.6
T001055,2025-10-15,23:57:37,CUST_0484,ITEM_005,Chicken,2,17.0
T001056,2025-09-30,04:47:37,CUST_0413,ITEM_001,Bananas,3,8.4
T001057,2025-11-12,23:26:37,CUST_0182,ITEM_001,Beef,1,12.0
T001057,2025-11-12,23:26:37,CUST_0182,ITEM_002,Chicken,1,8.5
T001058,2025-09-24,09:04:37,CUST_0008,ITEM_001,Rice,2,8.0
T001058,2025-09-24,09:04:37,CUST_0008,ITEM_002,Chicken,3,25.5
T001059,2025-10-28,03:41:37,CUST_0385,ITEM_001,Bread,1,2.5
T001059,2025-10-28,03:41:37,CUST_0385,ITEM_002,Beef,1,12.0
T001059,2025-10-28,03:41:37,CUST_0385,ITEM_003,Eggs,1,3.0
T001059,2025-10-28,03:41:37,CUST_0385,ITEM_004,Potatoes,1,2.0
T001060,2025-09-17,10:36:37,CUST_0249,ITEM_001,Chicken,3,25.5
T001060,2025-09-17,10:36:37,CUST_0249,ITEM_002,Rice,1,4.0
T001060,2025-09-17,10:36:37,CUST_0249,ITEM_003,Eggs,3,9.0
T001060,2025-09-17,10:36:37,CUST_0249,ITEM_004,Tomatoes,2,7.6
T001061,2025-10-23,10:37:37,CUST_0421,ITEM_001,Butter,2,9.0
T001061,2025-10-23,10:37:37,CUST_0421,ITEM_002,Chicken,1,8.5
T001061,2025-10-23,10:37:37,CUST_0421,ITEM_003,Rice,3,12.0
T001062,2025-10-14,07:37:37,CUST_0474,ITEM_001,Chicken,1,8.5
T001063,2025-09-26,11:14:37,CUST_0155,ITEM_001,Eggs,2,6.0
T001063,2025-09-26,11:14:37,CUST_0155,ITEM_002,Milk,2,6.4
T001064,2025-09-26,03:01:37,CUST_0495,ITEM_001,Bread,3,7.5
T001064,2025-09-26,03:01:37,CUST_0495,ITEM_002,Cheese,3,17.4
T001064,2025-09-26,03:01:37,CUST_0495,ITEM_003,Oranges,1,3.5
T001064,2025-09-26,03:01:37,CUST_0495,ITEM_004,Milk,3,9.6
T001064,2025-09-26,03:01:37,CUST_0495,ITEM_005,Butter,3,13.5
T001064,2025-09-26,03:01:37,CUST_0495,ITEM_006,Eggs,2,6.0
T001065,2025-10-04,11:28:37,CUST_0294,ITEM_001,Oranges,1,3.5
T001066,2025-10-07,01:24:37,CUST_0410,ITEM_001,Rice,3,12.0
T001066,2025-10-07,01:24:37,CUST_0410,ITEM_002,Chicken,3,25.5
T001066,2025-10-07,01:24:37,CUST_0410,ITEM_003,Tomatoes,3,11.4
T001067,2025-10-03,03:41:37,CUST_0348,ITEM_001,Rice,1,4.0
T001067,2025-10-03,03:41:37,CUST_0348,ITEM_002,Chicken,2,17.0
T001068,2025-10-18,09:58:37,CUST_0370,ITEM_001,Onions,3,6.6
T001069,2025-10-01,09:34:37,CUST_0154,ITEM_001,Pasta,3,10.5
T001069,2025-10-01,09:34:37,CUST_0154,ITEM_002,Tomatoes,3,11.4
T001069,2025-10-01,09:34:37,CUST_0154,ITEM_003,Beef,3,36.0
T001070,2025-10-23,01:14:37,CUST_0449,ITEM_001,Onions,1,2.2
T001071,2025-09-17,11:16:37,CUST_0484,ITEM_001,Onions,3,6.6
T001071,2025-09-17,11:16:37,CUST_0484,ITEM_002,Bread,1,2.5
T001071,2025-09-17,11:16:37,CUST_0484,ITEM_003,Chicken,2,17.0
T001071,2025-09-17,11:16:37,CUST_0484,ITEM_004,Rice,1,4.0
T001071,2025-09-17,11:16:37,CUST_0484,ITEM_005,Beef,2,24.0
T001071,2025-09-17,11:16:37,CUST_0484,ITEM_006,Potatoes,1,2.0
T001071,2025-09-17,11:16:37,CUST_0484,ITEM_007,Eggs,3,9.0
T001072,2025-10-02,02:43:37,CUST_0102,ITEM_001,Potatoes,2,4.0
T001072,2025-10-02,02:43:37,CUST_0102,ITEM_002,Apples,2,8.4
T001072,2025-10-02,02:43:37,CUST_0102,ITEM_003,Beef,2,24.0
T001073,2025-10-17,23:27:37,CUST_0389,ITEM_001,Butter,3,13.5
T001073,2025-10-17,23:27:37,CUST_0389,ITEM_002,Pasta,2,7.0
T001073,2025-10-17,23:27:37,CUST_0389,ITEM_003,Tomatoes,3,11.4
T001074,2025-09-16,07:41:37,CUST_0384,ITEM_001,Beef,3,36.0
T001074,2025-09-16,07:41:37,CUST_0384,ITEM_002,Potatoes,3,6.0
T001075,2025-10-13,23:29:37,CUST_0178,ITEM_001,Butter,2,9.0
T001075,2025-10-13,23:29:37,CUST_0178,ITEM_002,Bread,3,7.5
T001076,2025-10-27,09:53:37,CUST_0459,ITEM_001,Milk,1,3.2
T001076,2025-10-27,09:53:37,CUST_0459,ITEM_002,Eggs,3,9.0
T001076,2025-10-27,09:53:37,CUST_0459,ITEM_003,Chicken,3,25.5
T001076,2025-10-27,09:53:37,CUST_0459,ITEM_004,Cheese,1,5.8
T001077,2025-10-02,11:25:37,CUST_0242,ITEM_001,Cheese,3,17.4
T001077,2025-10-02,11:25:37,CUST_0242,ITEM_002,Milk,3,9.6
T001077,2025-10-02,11:25:37,CUST_0242,ITEM_003,Beef,2,24.0
T001077,2025-10-02,11:25:37,CUST_0242,ITEM_004,Bananas,3,8.4
T001077,2025-10-02,11:25:37,CUST_0242,ITEM_005,Tomatoes,2,7.6
T001078,2025-11-03,04:26:37,CUST_0464,ITEM_001,Onions,1,2.2
T001078,2025-11-03,04:26:37,CUST_0464,ITEM_002,Beef,2,24.0
T001078,2025-11-03,04:26:37,CUST_0464,ITEM_003,Potatoes,1,2.0
T001079,2025-10-21,02:18:37,CUST_0354,ITEM_001,Rice,1,4.0
T001079,2025-10-21,02:18:37,CUST_0354,ITEM_002,Bananas,2,5.6
T001079,2025-10-21,02:18:37,CUST_0354,ITEM_003,Apples,2,8.4
T001079,2025-10-21,02:18:37,CUST_0354,ITEM_004,Butter,3,13.5
T001079,2025-10-21,02:18:37,CUST_0354,ITEM_005,Beef,3,36.0
T001080,2025-10-30,08:48:37,CUST_0086,ITEM_001,Potatoes,3,6.0
T001081,2025-09-22,09:19:37,CUST_0276,ITEM_001,Potatoes,1,2.0
T001081,2025-09-22,09:19:37,CUST_0276,ITEM_002,Rice,3,12.0
T001081,2025-09-22,09:19:37,CUST_0276,ITEM_003,Chicken,3,25.5
T001081,2025-09-22,09:19:37,CUST_0276,ITEM_004,Tomatoes,2,7.6
T001081,2025-09-22,09:19:37,CUST_0276,ITEM_005,Bread,3,7.5
T001081,2025-09-22,09:19:37,CUST_0276,ITEM_006,Milk,2,6.4
T001082,2025-10-20,01:38:37,CUST_0064,ITEM_001,Pasta,3,10.5
T001082,2025-10-20,01:38:37,CUST_0064,ITEM_002,Beef,2,24.0
T001082,2025-10-20,01:38:37,CUST_0064,ITEM_003,Bananas,2,5.6
T001082,2025-10-20,01:38:37,CUST_0064,ITEM_004,Chicken,3,25.5
T001083,2025-09-17,00:58:37,CUST_0317,ITEM_001,Oranges,1,3.5
T001083,2025-09-17,00:58:37,CUST_0317,ITEM_002,Pasta,2,7.0
T001084,2025-11-01,00:26:37,CUST_0493,ITEM_001,Bananas,2,5.6
T001084,2025-11-01,00:26:37,CUST_0493,ITEM_002,Milk,2,6.4
T001085,2025-10-08,22:31:37,CUST_0295,ITEM_001,Pasta,1,3.5
T001085,2025-10-08,22:31:37,CUST_0295,ITEM_002,Tomatoes,3,11.4
T001085,2025-10-08,22:31:37,CUST_0295,ITEM_003,Onions,3,6.6
T001085,2025-10-08,22:31:37,CUST_0295,ITEM_004,Milk,1,3.2
T001085,2025-10-08,22:31:37,CUST_0295,ITEM_005,Bananas,3,8.4
T001085,2025-10-08,22:31:37,CUST_0295,ITEM_006,Butter,1,4.5
T001085,2025-10-08,22:31:37,CUST_0295,ITEM_007,Apples,3,12.6
T001086,2025-11-12,09:23:37,CUST_0145,ITEM_001,Apples,1,4.2
T001086,2025-11-12,09:23:37,CUST_0145,ITEM_002,Potatoes,3,6.0
T001087,2025-10-18,10:33:37,CUST_0042,ITEM_001,Rice,1,4.0
T001087,2025-10-18,10:33:37,CUST_0042,ITEM_002,Eggs,3,9.0
T001088,2025-10-23,04:49:37,CUST_0294,ITEM_001,Bananas,1,2.8
T001089,2025-09-22,08:01:37,CUST_0030,ITEM_001,Chicken,2,17.0
T001089,2025-09-22,08:01:37,CUST_0030,ITEM_002,Tomatoes,1,3.8
T001089,2025-09-22,08:01:37,CUST_0030,ITEM_003,Onions,3,6.6
T001089,2025-09-22,08:01:37,CUST_0030,ITEM_004,Milk,2,6.4
T001090,2025-09-17,01:35:37,CUST_0441,ITEM_001,Beef,2,24.0
T001090,2025-09-17,01:35:37,CUST_0441,ITEM_002,Potatoes,1,2.0
T001090,2025-09-17,01:35:37,CUST_0441,ITEM_003,Milk,1,3.2
T001090,2025-09-17,01:35:37,CUST_0441,ITEM_004,Onions,3,6.6
T001090,2025-09-17,01:35:37,CUST_0441,ITEM_005,Bananas,1,2.8
T001091,2025-11-06,04:48:37,CUST_0354,ITEM_001,Chicken,1,8.5
T001092,2025-09-22,06:31:37,CUST_0353,ITEM_001,Cheese,2,11.6
T001092,2025-09-22,06:31:37,CUST_0353,ITEM_002,Butter,3,13.5
T001093,2025-10-05,03:25:37,CUST_0442,ITEM_001,Rice,3,12.0
T001093,2025-10-05,03:25:37,CUST_0442,ITEM_002,Chicken,3,25.5
T001093,2025-10-05,03:25:37,CUST_0442,ITEM_003,Tomatoes,3,11.4
T001093,2025-10-05,03:25:37,CUST_0442,ITEM_004,Pasta,2,7.0
T001093,2025-10-05,03:25:37,CUST_0442,ITEM_005,Onions,3,6.6
T001093,2025-10-05,03:25:37,CUST_0442,ITEM_006,Potatoes,1,2.0
T001094,2025-09-30,06:01:37,CUST_0004,ITEM_001,Oranges,1,3.5
T001094,2025-09-30,06:01:37,CUST_0004,ITEM_002,Butter,2,9.0
T001095,2025-09-18,03:28:37,CUST_0305,ITEM_001,Tomatoes,2,7.6
T001095,2025-09-18,03:28:37,CUST_0305,ITEM_002,Pasta,2,7.0
T001096,2025-10-21,23:57:37,CUST_0116,ITEM_001,Butter,3,13.5
T001097,2025-11-12,00:10:37,CUST_0350,ITEM_001,Beef,2,24.0
T001097,2025-11-12,00:10:37,CUST_0350,ITEM_002,Apples,2,8.4
T001097,2025-11-12,00:10:37,CUST_0350,ITEM_003,Pasta,3,10.5
T001098,2025-09-28,01:38:37,CUST_0084,ITEM_001,Tomatoes,1,3.8
T001098,2025-09-28,01:38:37,CUST_0084,ITEM_002,Onions,3,6.6
T001098,2025-09-28,01:38:37,CUST_0084,ITEM_003,Pasta,3,10.5
T001098,2025-09-28,01:38:37,CUST_0084,ITEM_004,Chicken,3,25.5
T001099,2025-10-19,08:32:37,CUST_0249,ITEM_001,Bananas,1,2.8
T001099,2025-10-19,08:32:37,CUST_0249,ITEM_002,Apples,3,12.6
T001099,2025-10-19,08:32:37,CUST_0249,ITEM_003,Beef,2,24.0
T001099,2025-10-19,08:32:37,CUST_0249,ITEM_004,Milk,2,6.4
T001099,2025-10-19,08:32:37,CUST_0249,ITEM_005,Eggs,2,6.0
T001099,2025-10-19,08:32:37,CUST_0249,ITEM_006,Tomatoes,1,3.8
T001099,2025-10-19,08:32:37,CUST_0249,ITEM_007,Pasta,2,7.0
T001100,2025-10-13,06:41:37,CUST_0151,ITEM_001,Eggs,2,6.0
T001100,2025-10-13,06:41:37,CUST_0151,ITEM_002,Milk,1,3.2
T001101,2025-09-30,07:21:37,CUST_0169,ITEM_001,Milk,1,3.2
T001101,2025-09-30,07:21:37,CUST_0169,ITEM_002,Bread,2,5.0
T001102,2025-11-03,09:29:37,CUST_0307,ITEM_001,Milk,2,6.4
T001103,2025-10-16,04:25:37,CUST_0071,ITEM_001,Bananas,3,8.4
T001103,2025-10-16,04:25:37,CUST_0071,ITEM_002,Apples,3,12.6
T001103,2025-10-16,04:25:37,CUST_0071,ITEM_003,Cheese,3,17.4
T001103,2025-10-16,04:25:37,CUST_0071,ITEM_004,Butter,1,4.5
T001103,2025-10-16,04:25:37,CUST_0071,ITEM_005,Milk,2,6.4
T001103,2025-10-16,04:25:37,CUST_0071,ITEM_006,Bread,2,5.0
T001103,2025-10-16,04:25:37,CUST_0071,ITEM_007,Eggs,3,9.0
T001103,2025-10-16,04:25:37,CUST_0071,ITEM_008,Tomatoes,1,3.8
T001104,2025-10-08,06:09:37,CUST_0230,ITEM_001,Potatoes,1,2.0
T001104,2025-10-08,06:09:37,CUST_0230,ITEM_002,Beef,3,36.0
T001104,2025-10-08,06:09:37,CUST_0230,ITEM_003,Onions,3,6.6
T001104,2025-10-08,06:09:37,CUST_0230,ITEM_004,Tomatoes,2,7.6
T001104,2025-10-08,06:09:37,CUST_0230,ITEM_005,Eggs,1,3.0
T001105,2025-11-03,09:48:37,CUST_0438,ITEM_001,Potatoes,3,6.0
T001105,2025-11-03,09:48:37,CUST_0438,ITEM_002,Onions,1,2.2
T001105,2025-11-03,09:48:37,CUST_0438,ITEM_003,Beef,2,24.0
T001106,2025-11-14,09:11:37,CUST_0357,ITEM_001,Butter,1,4.5
T001106,2025-11-14,09:11:37,CUST_0357,ITEM_002,Pasta,2,7.0
T001107,2025-11-01,07:18:37,CUST_0003,ITEM_001,Tomatoes,3,11.4
T001107,2025-11-01,07:18:37,CUST_0003,ITEM_002,Pasta,1,3.5
T001108,2025-10-22,03:52:37,CUST_0420,ITEM_001,Beef,1,12.0
T001109,2025-10-13,02:42:37,CUST_0376,ITEM_001,Bananas,3,8.4
T001109,2025-10-13,02:42:37,CUST_0376,ITEM_002,Apples,2,8.4
T001109,2025-10-13,02:42:37,CUST_0376,ITEM_003,Milk,1,3.2
T001109,2025-10-13,02:42:37,CUST_0376,ITEM_004,Cheese,3,17.4
T001110,2025-11-07,11:13:37,CUST_0091,ITEM_001,Milk,3,9.6
T001110,2025-11-07,11:13:37,CUST_0091,ITEM_002,Bananas,1,2.8
T001110,2025-11-07,11:13:37,CUST_0091,ITEM_003,Bread,1,2.5
T001110,2025-11-07,11:13:37,CUST_0091,ITEM_004,Eggs,1,3.0
T001110,2025-11-07,11:13:37,CUST_0091,ITEM_005,Potatoes,3,6.0
T001111,2025-09-16,23:43:37,CUST_0318,ITEM_001,Cheese,2,11.6
T001111,2025-09-16,23:43:37,CUST_0318,ITEM_002,Bread,2,5.0
T001111,2025-09-16,23:43:37,CUST_0318,ITEM_003,Milk,3,9.6
T001112,2025-09-17,11:21:37,CUST_0172,ITEM_001,Beef,2,24.0
T001113,2025-10-19,06:22:37,CUST_0427,ITEM_001,Potatoes,1,2.0
T001113,2025-10-19,06:22:37,CUST_0427,ITEM_002,Beef,1,12.0
T001113,2025-10-19,06:22:37,CUST_0427,ITEM_003,Bread,3,7.5
T001113,2025-10-19,06:22:37,CUST_0427,ITEM_004,Eggs,3,9.0
T001114,2025-10-28,00:47:37,CUST_0348,ITEM_001,Bananas,1,2.8
T001114,2025-10-28,00:47:37,CUST_0348,ITEM_002,Apples,1,4.2
T001115,2025-10-27,02:22:37,CUST_0074,ITEM_001,Pasta,3,10.5
T001115,2025-10-27,02:22:37,CUST_0074,ITEM_002,Tomatoes,1,3.8
T001115,2025-10-27,02:22:37,CUST_0074,ITEM_003,Butter,2,9.0
T001115,2025-10-27,02:22:37,CUST_0074,ITEM_004,Cheese,2,11.6
T001116,2025-10-07,02:29:37,CUST_0013,ITEM_001,Oranges,2,7.0
T001116,2025-10-07,02:29:37,CUST_0013,ITEM_002,Onions,3,6.6
T001116,2025-10-07,02:29:37,CUST_0013,ITEM_003,Tomatoes,1,3.8
T001116,2025-10-07,02:29:37,CUST_0013,ITEM_004,Chicken,3,25.5
T001116,2025-10-07,02:29:37,CUST_0013,ITEM_005,Rice,3,12.0
T001117,2025-10-04,10:13:37,CUST_0178,ITEM_001,Potatoes,1,2.0
T001117,2025-10-04,10:13:37,CUST_0178,ITEM_002,Apples,3,12.6
T001117,2025-10-04,10:13:37,CUST_0178,ITEM_003,Bananas,1,2.8
T001117,2025-10-04,10:13:37,CUST_0178,ITEM_004,Beef,2,24.0
T001117,2025-10-04,10:13:37,CUST_0178,ITEM_005,Oranges,2,7.0
T001117,2025-10-04,10:13:37,CUST_0178,ITEM_006,Rice,3,12.0
T001118,2025-11-02,07:08:37,CUST_0254,ITEM_001,Chicken,3,25.5
T001118,2025-11-02,07:08:37,CUST_0254,ITEM_002,Tomatoes,3,11.4
T001118,2025-11-02,07:08:37,CUST_0254,ITEM_003,Rice,3,12.0
T001119,2025-09-24,06:45:37,CUST_0165,ITEM_001,Onions,1,2.2
T001119,2025-09-24,06:45:37,CUST_0165,ITEM_002,Rice,3,12.0
T001119,2025-09-24,06:45:37,CUST_0165,ITEM_003,Cheese,1,5.8
T001119,2025-09-24,06:45:37,CUST_0165,ITEM_004,Butter,3,13.5
T001119,2025-09-24,06:45:37,CUST_0165,ITEM_005,Chicken,3,25.5
T001120,2025-11-02,01:20:37,CUST_0127,ITEM_001,Tomatoes,1,3.8
T001120,2025-11-02,01:20:37,CUST_0127,ITEM_002,Apples,1,4.2
T001121,2025-09-18,02:39:37,CUST_0357,ITEM_001,Pasta,3,10.5
T001122,2025-10-30,07:32:37,CUST_0367,ITEM_001,Apples,3,12.6
T001123,2025-11-08,07:20:37,CUST_0144,ITEM_001,Bananas,2,5.6
T001123,2025-11-08,07:20:37,CUST_0144,ITEM_002,Milk,2,6.4
T001124,2025-09-20,08:54:37,CUST_0195,ITEM_001,Onions,1,2.2
T001124,2025-09-20,08:54:37,CUST_0195,ITEM_002,Oranges,3,10.5
T001125,2025-10-30,02:54:37,CUST_0299,ITEM_001,Chicken,3,25.5
T001125,2025-10-30,02:54:37,CUST_0299,ITEM_002,Rice,3,12.0
T001125,2025-10-30,02:54:37,CUST_0299,ITEM_003,Tomatoes,2,7.6
T001125,2025-10-30,02:54:37,CUST_0299,ITEM_004,Beef,2,24.0
T001125,2025-10-30,02:54:37,CUST_0299,ITEM_005,Onions,1,2.2
T001125,2025-10-30,02:54:37,CUST_0299,ITEM_006,Potatoes,3,6.0
T001126,2025-10-24,01:57:37,CUST_0390,ITEM_001,Cheese,3,17.4
T001126,2025-10-24,01:57:37,CUST_0390,ITEM_002,Chicken,2,17.0
T001126,2025-10-24,01:57:37,CUST_0390,ITEM_003,Butter,1,4.5
T001127,2025-09-30,00:47:37,CUST_0443,ITEM_001,Cheese,1,5.8
T001128,2025-11-14,04:33:37,CUST_0223,ITEM_001,Onions,3,6.6
T001128,2025-11-14,04:33:37,CUST_0223,ITEM_002,Tomatoes,2,7.6
T001128,2025-11-14,04:33:37,CUST_0223,ITEM_003,Oranges,3,10.5
T001129,2025-10-31,11:00:37,CUST_0084,ITEM_001,Apples,3,12.6
T001129,2025-10-31,11:00:37,CUST_0084,ITEM_002,Bananas,3,8.4
T001129,2025-10-31,11:00:37,CUST_0084,ITEM_003,Cheese,2,11.6
T001129,2025-10-31,11:00:37,CUST_0084,ITEM_004,Pasta,3,10.5
T001130,2025-10-18,07:52:37,CUST_0105,ITEM_001,Bread,2,5.0
T001130,2025-10-18,07:52:37,CUST_0105,ITEM_002,Milk,3,9.6
T001131,2025-10-25,08:24:37,CUST_0280,ITEM_001,Rice,3,12.0
T001131,2025-10-25,08:24:37,CUST_0280,ITEM_002,Chicken,3,25.5
T001131,2025-10-25,08:24:37,CUST_0280,ITEM_003,Onions,1,2.2
T001131,2025-10-25,08:24:37,CUST_0280,ITEM_004,Bananas,1,2.8
T001132,2025-10-01,06:27:37,CUST_0323,ITEM_001,Milk,1,3.2
T001133,2025-09-16,10:19:37,CUST_0219,ITEM_001,Potatoes,2,4.0
T001133,2025-09-16,10:19:37,CUST_0219,ITEM_002,Chicken,3,25.5
T001133,2025-09-16,10:19:37,CUST_0219,ITEM_003,Eggs,3,9.0
T001134,2025-10-24,05:48:37,CUST_0244,ITEM_001,Rice,1,4.0
T001134,2025-10-24,05:48:37,CUST_0244,ITEM_002,Chicken,3,25.5
T001134,2025-10-24,05:48:37,CUST_0244,ITEM_003,Tomatoes,1,3.8
T001135,2025-10-10,23:49:37,CUST_0209,ITEM_001,Oranges,3,10.5
T001135,2025-10-10,23:49:37,CUST_0209,ITEM_002,Cheese,1,5.8
T001135,2025-10-10,23:49:37,CUST_0209,ITEM_003,Tomatoes,2,7.6
T001136,2025-10-30,07:57:37,CUST_0281,ITEM_001,Tomatoes,1,3.8
T001136,2025-10-30,07:57:37,CUST_0281,ITEM_002,Beef,2,24.0
T001136,2025-10-30,07:57:37,CUST_0281,ITEM_003,Potatoes,1,2.0
T001136,2025-10-30,07:57:37,CUST_0281,ITEM_004,Rice,2,8.0
T001136,2025-10-30,07:57:37,CUST_0281,ITEM_005,Chicken,3,25.5
T001137,2025-10-16,02:05:37,CUST_0358,ITEM_001,Tomatoes,3,11.4
T001137,2025-10-16,02:05:37,CUST_0358,ITEM_002,Pasta,3,10.5
T001137,2025-10-16,02:05:37,CUST_0358,ITEM_003,Chicken,2,17.0
T001137,2025-10-16,02:05:37,CUST_0358,ITEM_004,Onions,3,6.6
T001137,2025-10-16,02:05:37,CUST_0358,ITEM_005,Potatoes,2,4.0
T001137,2025-10-16,02:05:37,CUST_0358,ITEM_006,Beef,2,24.0
T001137,2025-10-16,02:05:37,CUST_0358,ITEM_007,Rice,1,4.0
T001137,2025-10-16,02:05:37,CUST_0358,ITEM_008,Cheese,1,5.8
T001138,2025-10-03,06:49:37,CUST_0356,ITEM_001,Beef,1,12.0
T001138,2025-10-03,06:49:37,CUST_0356,ITEM_002,Tomatoes,1,3.8
T001139,2025-11-10,10:23:37,CUST_0174,ITEM_001,Apples,1,4.2
T001139,2025-11-10,10:23:37,CUST_0174,ITEM_002,Onions,2,4.4
T001139,2025-11-10,10:23:37,CUST_0174,ITEM_003,Potatoes,2,4.0
T001140,2025-10-09,22:58:37,CUST_0218,ITEM_001,Apples,1,4.2
T001140,2025-10-09,22:58:37,CUST_0218,ITEM_002,Bananas,1,2.8
T001140,2025-10-09,22:58:37,CUST_0218,ITEM_003,Milk,1,3.2
T001140,2025-10-09,22:58:37,CUST_0218,ITEM_004,Rice,1,4.0
T001141,2025-10-23,05:46:37,CUST_0174,ITEM_001,Eggs,1,3.0
T001142,2025-10-07,09:39:37,CUST_0427,ITEM_001,Tomatoes,3,11.4
T001142,2025-10-07,09:39:37,CUST_0427,ITEM_002,Bananas,3,8.4
T001142,2025-10-07,09:39:37,CUST_0427,ITEM_003,Milk,3,9.6
T001143,2025-10-17,22:49:37,CUST_0072,ITEM_001,Cheese,1,5.8
T001143,2025-10-17,22:49:37,CUST_0072,ITEM_002,Potatoes,2,4.0
T001144,2025-09-16,01:46:37,CUST_0189,ITEM_001,Apples,2,8.4
T001144,2025-09-16,01:46:37,CUST_0189,ITEM_002,Bananas,2,5.6
T001144,2025-09-16,01:46:37,CUST_0189,ITEM_003,Tomatoes,1,3.8
T001145,2025-10-22,02:22:37,CUST_0284,ITEM_001,Onions,1,2.2
T001146,2025-10-08,23:51:37,CUST_0460,ITEM_001,Rice,3,12.0
T001146,2025-10-08,23:51:37,CUST_0460,ITEM_002,Bread,2,5.0
T001147,2025-09-27,06:59:37,CUST_0324,ITEM_001,Beef,1,12.0
T001148,2025-09-22,10:52:37,CUST_0118,ITEM_001,Cheese,3,17.4
T001148,2025-09-22,10:52:37,CUST_0118,ITEM_002,Onions,2,4.4
T001149,2025-09-17,11:26:37,CUST_0334,ITEM_001,Pasta,3,10.5
T001149,2025-09-17,11:26:37,CUST_0334,ITEM_002,Onions,3,6.6
T001149,2025-09-17,11:26:37,CUST_0334,ITEM_003,Tomatoes,2,7.6
T001149,2025-09-17,11:26:37,CUST_0334,ITEM_004,Bread,3,7.5
T001150,2025-11-05,23:57:37,CUST_0329,ITEM_001,Bananas,2,5.6
T001150,2025-11-05,23:57:37,CUST_0329,ITEM_002,Milk,3,9.6
T001150,2025-11-05,23:57:37,CUST_0329,ITEM_003,Potatoes,3,6.0
T001150,2025-11-05,23:57:37,CUST_0329,ITEM_004,Onions,2,4.4
T001151,2025-11-04,00:56:37,CUST_0333,ITEM_001,Cheese,3,17.4
T001151,2025-11-04,00:56:37,CUST_0333,ITEM_002,Butter,2,9.0
T001151,2025-11-04,00:56:37,CUST_0333,ITEM_003,Milk,3,9.6
T001151,2025-11-04,00:56:37,CUST_0333,ITEM_004,Bread,2,5.0
T001151,2025-11-04,00:56:37,CUST_0333,ITEM_005,Bananas,1,2.8
T001152,2025-09-30,07:21:37,CUST_0286,ITEM_001,Oranges,1,3.5
T001152,2025-09-30,07:21:37,CUST_0286,ITEM_002,Eggs,3,9.0
T001153,2025-10-30,00:05:37,CUST_0267,ITEM_001,Apples,1,4.2
T001153,2025-10-30,00:05:37,CUST_0267,ITEM_002,Bananas,2,5.6
T001154,2025-11-04,04:37:37,CUST_0362,ITEM_001,Chicken,3,25.5
T001154,2025-11-04,04:37:37,CUST_0362,ITEM_002,Cheese,2,11.6
T001154,2025-11-04,04:37:37,CUST_0362,ITEM_003,Butter,3,13.5
T001155,2025-09-19,10:25:37,CUST_0138,ITEM_001,Onions,2,4.4
T001155,2025-09-19,10:25:37,CUST_0138,ITEM_002,Potatoes,1,2.0
T001155,2025-09-19,10:25:37,CUST_0138,ITEM_003,Apples,1,4.2
T001155,2025-09-19,10:25:37,CUST_0138,ITEM_004,Bananas,1,2.8
T001155,2025-09-19,10:25:37,CUST_0138,ITEM_005,Tomatoes,3,11.4
T001156,2025-10-05,04:53:37,CUST_0198,ITEM_001,Bananas,2,5.6
T001157,2025-10-03,05:07:37,CUST_0237,ITEM_001,Rice,2,8.0
T001157,2025-10-03,05:07:37,CUST_0237,ITEM_002,Onions,1,2.2
T001157,2025-10-03,05:07:37,CUST_0237,ITEM_003,Chicken,3,25.5
T001158,2025-09-18,05:23:37,CUST_0056,ITEM_001,Oranges,1,3.5
T001158,2025-09-18,05:23:37,CUST_0056,ITEM_002,Eggs,2,6.0
T001158,2025-09-18,05:23:37,CUST_0056,ITEM_003,Bread,2,5.0
T001158,2025-09-18,05:23:37,CUST_0056,ITEM_004,Rice,1,4.0
T001158,2025-09-18,05:23:37,CUST_0056,ITEM_005,Potatoes,3,6.0
T001159,2025-10-13,06:08:37,CUST_0343,ITEM_001,Beef,2,24.0
T001159,2025-10-13,06:08:37,CUST_0343,ITEM_002,Potatoes,1,2.0
T001159,2025-10-13,06:08:37,CUST_0343,ITEM_003,Bananas,3,8.4
T001159,2025-10-13,06:08:37,CUST_0343,ITEM_004,Onions,3,6.6
T001159,2025-10-13,06:08:37,CUST_0343,ITEM_005,Cheese,3,17.4
T001160,2025-10-12,02:54:37,CUST_0293,ITEM_001,Pasta,2,7.0
T001160,2025-10-12,02:54:37,CUST_0293,ITEM_002,Tomatoes,2,7.6
T001160,2025-10-12,02:54:37,CUST_0293,ITEM_003,Onions,3,6.6
T001160,2025-10-12,02:54:37,CUST_0293,ITEM_004,Potatoes,2,4.0
T001160,2025-10-12,02:54:37,CUST_0293,ITEM_005,Chicken,1,8.5
T001161,2025-10-07,00:35:37,CUST_0209,ITEM_001,Tomatoes,2,7.6
T001161,2025-10-07,00:35:37,CUST_0209,ITEM_002,Bread,3,7.5
T001161,2025-10-07,00:35:37,CUST_0209,ITEM_003,Butter,1,4.5
T001161,2025-10-07,00:35:37,CUST_0209,ITEM_004,Pasta,1,3.5
T001161,2025-10-07,00:35:37,CUST_0209,ITEM_005,Cheese,1,5.8
T001161,2025-10-07,00:35:37,CUST_0209,ITEM_006,Onions,3,6.6
T001162,2025-10-12,03:54:37,CUST_0363,ITEM_001,Tomatoes,1,3.8
T001162,2025-10-12,03:54:37,CUST_0363,ITEM_002,Pasta,1,3.5
T001162,2025-10-12,03:54:37,CUST_0363,ITEM_003,Apples,2,8.4
T001162,2025-10-12,03:54:37,CUST_0363,ITEM_004,Cheese,3,17.4
T001163,2025-10-23,01:54:37,CUST_0470,ITEM_001,Bread,2,5.0
T001163,2025-10-23,01:54:37,CUST_0470,ITEM_002,Pasta,3,10.5
T001163,2025-10-23,01:54:37,CUST_0470,ITEM_003,Eggs,3,9.0
T001163,2025-10-23,01:54:37,CUST_0470,ITEM_004,Milk,3,9.6
T001163,2025-10-23,01:54:37,CUST_0470,ITEM_005,Onions,1,2.2
T001163,2025-10-23,01:54:37,CUST_0470,ITEM_006,Butter,3,13.5
T001163,2025-10-23,01:54:37,CUST_0470,ITEM_007,Potatoes,1,2.0
T001164,2025-10-20,10:11:37,CUST_0170,ITEM_001,Rice,3,12.0
T001164,2025-10-20,10:11:37,CUST_0170,ITEM_002,Chicken,3,25.5
T001164,2025-10-20,10:11:37,CUST_0170,ITEM_003,Tomatoes,1,3.8
T001165,2025-09-20,00:22:37,CUST_0409,ITEM_001,Milk,2,6.4
T001165,2025-09-20,00:22:37,CUST_0409,ITEM_002,Bananas,3,8.4
T001166,2025-10-28,01:13:37,CUST_0230,ITEM_001,Beef,3,36.0
T001166,2025-10-28,01:13:37,CUST_0230,ITEM_002,Oranges,1,3.5
T001166,2025-10-28,01:13:37,CUST_0230,ITEM_003,Chicken,2,17.0
T001166,2025-10-28,01:13:37,CUST_0230,ITEM_004,Rice,2,8.0
T001166,2025-10-28,01:13:37,CUST_0230,ITEM_005,Bread,3,7.5
T001167,2025-11-14,07:39:37,CUST_0441,ITEM_001,Tomatoes,2,7.6
T001167,2025-11-14,07:39:37,CUST_0441,ITEM_002,Pasta,2,7.0
T001167,2025-11-14,07:39:37,CUST_0441,ITEM_003,Rice,2,8.0
T001167,2025-11-14,07:39:37,CUST_0441,ITEM_004,Bread,1,2.5
T001168,2025-10-18,05:09:37,CUST_0254,ITEM_001,Oranges,1,3.5
T001168,2025-10-18,05:09:37,CUST_0254,ITEM_002,Bread,1,2.5
T001168,2025-10-18,05:09:37,CUST_0254,ITEM_003,Butter,3,13.5
T001169,2025-11-06,06:33:37,CUST_0252,ITEM_001,Apples,3,12.6
T001169,2025-11-06,06:33:37,CUST_0252,ITEM_002,Bread,3,7.5
T001169,2025-11-06,06:33:37,CUST_0252,ITEM_003,Butter,1,4.5
T001169,2025-11-06,06:33:37,CUST_0252,ITEM_004,Milk,2,6.4
T001170,2025-11-13,03:11:37,CUST_0469,ITEM_001,Chicken,3,25.5
T001170,2025-11-13,03:11:37,CUST_0469,ITEM_002,Rice,2,8.0
T001170,2025-11-13,03:11:37,CUST_0469,ITEM_003,Tomatoes,2,7.6
T001171,2025-10-20,05:52:37,CUST_0308,ITEM_001,Pasta,3,10.5
T001171,2025-10-20,05:52:37,CUST_0308,ITEM_002,Tomatoes,2,7.6
T001171,2025-10-20,05:52:37,CUST_0308,ITEM_003,Onions,2,4.4
T001171,2025-10-20,05:52:37,CUST_0308,ITEM_004,Bananas,1,2.8
T001172,2025-09-22,10:04:37,CUST_0325,ITEM_001,Oranges,2,7.0
T001172,2025-09-22,10:04:37,CUST_0325,ITEM_002,Bread,2,5.0
T001172,2025-09-22,10:04:37,CUST_0325,ITEM_003,Butter,3,13.5
T001172,2025-09-22,10:04:37,CUST_0325,ITEM_004,Beef,1,12.0
T001172,2025-09-22,10:04:37,CUST_0325,ITEM_005,Tomatoes,3,11.4
T001172,2025-09-22,10:04:37,CUST_0325,ITEM_006,Milk,3,9.6
T001173,2025-10-27,09:00:37,CUST_0358,ITEM_001,Potatoes,1,2.0
T001173,2025-10-27,09:00:37,CUST_0358,ITEM_002,Onions,1,2.2
T001173,2025-10-27,09:00:37,CUST_0358,ITEM_003,Tomatoes,1,3.8
T001173,2025-10-27,09:00:37,CUST_0358,ITEM_004,Pasta,1,3.5
T001173,2025-10-27,09:00:37,CUST_0358,ITEM_005,Bread,3,7.5
T001174,2025-11-14,01:37:37,CUST_0417,ITEM_001,Milk,1,3.2
T001174,2025-11-14,01:37:37,CUST_0417,ITEM_002,Eggs,3,9.0
T001174,2025-11-14,01:37:37,CUST_0417,ITEM_003,Bananas,2,5.6
T001174,2025-11-14,01:37:37,CUST_0417,ITEM_004,Pasta,1,3.5
T001174,2025-11-14,01:37:37,CUST_0417,ITEM_005,Bread,1,2.5
T001175,2025-09-20,03:53:37,CUST_0420,ITEM_001,Potatoes,2,4.0
T001175,2025-09-20,03:53:37,CUST_0420,ITEM_002,Tomatoes,3,11.4
T001176,2025-11-02,06:15:37,CUST_0466,ITEM_001,Rice,3,12.0
T001176,2025-11-02,06:15:37,CUST_0466,ITEM_002,Chicken,1,8.5
T001176,2025-11-02,06:15:37,CUST_0466,ITEM_003,Tomatoes,2,7.6
T001176,2025-11-02,06:15:37,CUST_0466,ITEM_004,Pasta,2,7.0
T001176,2025-11-02,06:15:37,CUST_0466,ITEM_005,Eggs,3,9.0
T001177,2025-10-07,09:43:37,CUST_0359,ITEM_001,Milk,2,6.4
T001177,2025-10-07,09:43:37,CUST_0359,ITEM_002,Bread,3,7.5
T001178,2025-09-21,08:55:37,CUST_0270,ITEM_001,Chicken,2,17.0
T001179,2025-10-13,04:32:37,CUST_0113,ITEM_001,Potatoes,1,2.0
T001179,2025-10-13,04:32:37,CUST_0113,ITEM_002,Onions,1,2.2
T001180,2025-10-25,06:57:37,CUST_0372,ITEM_001,Pasta,1,3.5
T001180,2025-10-25,06:57:37,CUST_0372,ITEM_002,Tomatoes,3,11.4
T001180,2025-10-25,06:57:37,CUST_0372,ITEM_003,Cheese,2,11.6
T001180,2025-10-25,06:57:37,CUST_0372,ITEM_004,Onions,1,2.2
T001180,2025-10-25,06:57:37,CUST_0372,ITEM_005,Butter,3,13.5
T001180,2025-10-25,06:57:37,CUST_0372,ITEM_006,Beef,3,36.0
T001181,2025-11-11,03:21:37,CUST_0059,ITEM_001,Tomatoes,3,11.4
T001181,2025-11-11,03:21:37,CUST_0059,ITEM_002,Pasta,2,7.0
T001181,2025-11-11,03:21:37,CUST_0059,ITEM_003,Bread,3,7.5
T001182,2025-10-18,06:55:37,CUST_0080,ITEM_001,Tomatoes,1,3.8
T001182,2025-10-18,06:55:37,CUST_0080,ITEM_002,Onions,3,6.6
T001182,2025-10-18,06:55:37,CUST_0080,ITEM_003,Pasta,2,7.0
T001182,2025-10-18,06:55:37,CUST_0080,ITEM_004,Potatoes,1,2.0
T001182,2025-10-18,06:55:37,CUST_0080,ITEM_005,Chicken,2,17.0
T001182,2025-10-18,06:55:37,CUST_0080,ITEM_006,Rice,2,8.0
T001182,2025-10-18,06:55:37,CUST_0080,ITEM_007,Beef,3,36.0
T001182,2025-10-18,06:55:37,CUST_0080,ITEM_008,Bread,1,2.5
T001183,2025-11-12,09:32:37,CUST_0044,ITEM_001,Onions,1,2.2
T001183,2025-11-12,09:32:37,CUST_0044,ITEM_002,Potatoes,1,2.0
T001183,2025-11-12,09:32:37,CUST_0044,ITEM_003,Beef,3,36.0
T001183,2025-11-12,09:32:37,CUST_0044,ITEM_004,Bread,3,7.5
T001183,2025-11-12,09:32:37,CUST_0044,ITEM_005,Rice,1,4.0
T001183,2025-11-12,09:32:37,CUST_0044,ITEM_006,Chicken,1,8.5
T001183,2025-11-12,09:32:37,CUST_0044,ITEM_007,Pasta,2,7.0
T001183,2025-11-12,09:32:37,CUST_0044,ITEM_008,Tomatoes,3,11.4
T001184,2025-09-25,00:44:37,CUST_0032,ITEM_001,Beef,1,12.0
T001185,2025-09-21,04:01:37,CUST_0109,ITEM_001,Potatoes,2,4.0
T001185,2025-09-21,04:01:37,CUST_0109,ITEM_002,Beef,3,36.0
T001185,2025-09-21,04:01:37,CUST_0109,ITEM_003,Bananas,2,5.6
T001185,2025-09-21,04:01:37,CUST_0109,ITEM_004,Onions,3,6.6
T001185,2025-09-21,04:01:37,CUST_0109,ITEM_005,Eggs,1,3.0
T001185,2025-09-21,04:01:37,CUST_0109,ITEM_006,Milk,1,3.2
T001186,2025-10-21,05:07:37,CUST_0355,ITEM_001,Potatoes,2,4.0
T001186,2025-10-21,05:07:37,CUST_0355,ITEM_002,Beef,3,36.0
T001187,2025-11-01,07:11:37,CUST_0263,ITEM_001,Potatoes,1,2.0
T001188,2025-10-13,00:14:37,CUST_0245,ITEM_001,Beef,3,36.0
T001188,2025-10-13,00:14:37,CUST_0245,ITEM_002,Pasta,3,10.5
T001188,2025-10-13,00:14:37,CUST_0245,ITEM_003,Tomatoes,1,3.8
T001188,2025-10-13,00:14:37,CUST_0245,ITEM_004,Butter,3,13.5
T001188,2025-10-13,00:14:37,CUST_0245,ITEM_005,Chicken,1,8.5
T001188,2025-10-13,00:14:37,CUST_0245,ITEM_006,Potatoes,3,6.0
T001188,2025-10-13,00:14:37,CUST_0245,ITEM_007,Rice,1,4.0
T001188,2025-10-13,00:14:37,CUST_0245,ITEM_008,Bread,3,7.5
T001189,2025-10-21,01:59:37,CUST_0310,ITEM_001,Onions,1,2.2
T001189,2025-10-21,01:59:37,CUST_0310,ITEM_002,Potatoes,2,4.0
T001189,2025-10-21,01:59:37,CUST_0310,ITEM_003,Oranges,3,10.5
T001189,2025-10-21,01:59:37,CUST_0310,ITEM_004,Milk,2,6.4
T001190,2025-10-23,02:19:37,CUST_0130,ITEM_001,Apples,3,12.6
T001190,2025-10-23,02:19:37,CUST_0130,ITEM_002,Milk,2,6.4
T001190,2025-10-23,02:19:37,CUST_0130,ITEM_003,Eggs,1,3.0
T001191,2025-09-28,11:10:37,CUST_0213,ITEM_001,Onions,3,6.6
T001191,2025-09-28,11:10:37,CUST_0213,ITEM_002,Apples,1,4.2
T001191,2025-09-28,11:10:37,CUST_0213,ITEM_003,Tomatoes,1,3.8
T001191,2025-09-28,11:10:37,CUST_0213,ITEM_004,Eggs,3,9.0
T001191,2025-09-28,11:10:37,CUST_0213,ITEM_005,Oranges,2,7.0
T001191,2025-09-28,11:10:37,CUST_0213,ITEM_006,Milk,3,9.6
T001191,2025-09-28,11:10:37,CUST_0213,ITEM_007,Bread,2,5.0
T001191,2025-09-28,11:10:37,CUST_0213,ITEM_008,Cheese,1,5.8
T001192,2025-10-06,08:24:37,CUST_0477,ITEM_001,Beef,3,36.0
T001192,2025-10-06,08:24:37,CUST_0477,ITEM_002,Bread,3,7.5
T001192,2025-10-06,08:24:37,CUST_0477,ITEM_003,Milk,1,3.2
T001192,2025-10-06,08:24:37,CUST_0477,ITEM_004,Bananas,3,8.4
T001193,2025-10-08,06:43:37,CUST_0154,ITEM_001,Tomatoes,2,7.6
T001193,2025-10-08,06:43:37,CUST_0154,ITEM_002,Chicken,2,17.0
T001193,2025-10-08,06:43:37,CUST_0154,ITEM_003,Pasta,1,3.5
T001193,2025-10-08,06:43:37,CUST_0154,ITEM_004,Rice,1,4.0
T001193,2025-10-08,06:43:37,CUST_0154,ITEM_005,Onions,3,6.6
T001193,2025-10-08,06:43:37,CUST_0154,ITEM_006,Apples,2,8.4
T001193,2025-10-08,06:43:37,CUST_0154,ITEM_007,Potatoes,2,4.0
T001194,2025-10-20,01:54:37,CUST_0226,ITEM_001,Milk,3,9.6
T001194,2025-10-20,01:54:37,CUST_0226,ITEM_002,Rice,3,12.0
T001195,2025-09-28,07:13:37,CUST_0435,ITEM_001,Potatoes,2,4.0
T001195,2025-09-28,07:13:37,CUST_0435,ITEM_002,Onions,1,2.2
T001196,2025-10-06,09:06:37,CUST_0057,ITEM_001,Pasta,2,7.0
T001196,2025-10-06,09:06:37,CUST_0057,ITEM_002,Butter,1,4.5
T001196,2025-10-06,09:06:37,CUST_0057,ITEM_003,Cheese,3,17.4
T001197,2025-10-27,04:48:37,CUST_0373,ITEM_001,Chicken,3,25.5
T001197,2025-10-27,04:48:37,CUST_0373,ITEM_002,Rice,2,8.0
T001198,2025-10-03,03:00:37,CUST_0398,ITEM_001,Eggs,1,3.0
T001198,2025-10-03,03:00:37,CUST_0398,ITEM_002,Onions,3,6.6
T001198,2025-10-03,03:00:37,CUST_0398,ITEM_003,Potatoes,1,2.0
T001199,2025-11-14,01:06:37,CUST_0365,ITEM_001,Milk,2,6.4
T001200,2025-10-11,22:57:37,CUST_0159,ITEM_001,Milk,2,6.4
T001200,2025-10-11,22:57:37,CUST_0159,ITEM_002,Bananas,3,8.4
T001200,2025-10-11,22:57:37,CUST_0159,ITEM_003,Apples,3,12.6
T001201,2025-09-19,04:34:37,CUST_0043,ITEM_001,Oranges,2,7.0
T001201,2025-09-19,04:34:37,CUST_0043,ITEM_002,Eggs,1,3.0
T001201,2025-09-19,04:34:37,CUST_0043,ITEM_003,Bread,2,5.0
T001201,2025-09-19,04:34:37,CUST_0043,ITEM_004,Butter,3,13.5
T001201,2025-09-19,04:34:37,CUST_0043,ITEM_005,Potatoes,2,4.0
T001202,2025-10-25,01:50:37,CUST_0338,ITEM_001,Oranges,1,3.5
T001203,2025-11-02,06:49:37,CUST_0145,ITEM_001,Pasta,3,10.5
T001203,2025-11-02,06:49:37,CUST_0145,ITEM_002,Tomatoes,3,11.4
T001203,2025-11-02,06:49:37,CUST_0145,ITEM_003,Chicken,3,25.5
T001203,2025-11-02,06:49:37,CUST_0145,ITEM_004,Rice,3,12.0
T001203,2025-11-02,06:49:37,CUST_0145,ITEM_005,Onions,1,2.2
T001203,2025-11-02,06:49:37,CUST_0145,ITEM_006,Potatoes,2,4.0
T001204,2025-10-30,10:41:37,CUST_0326,ITEM_001,Eggs,1,3.0
T001204,2025-10-30,10:41:37,CUST_0326,ITEM_002,Cheese,3,17.4
T001204,2025-10-30,10:41:37,CUST_0326,ITEM_003,Butter,2,9.0
T001204,2025-10-30,10:41:37,CUST_0326,ITEM_004,Milk,1,3.2
T001205,2025-09-29,05:32:37,CUST_0348,ITEM_001,Oranges,2,7.0
T001205,2025-09-29,05:32:37,CUST_0348,ITEM_002,Apples,3,12.6
T001205,2025-09-29,05:32:37,CUST_0348,ITEM_003,Bananas,3,8.4
T001206,2025-10-30,02:53:37,CUST_0302,ITEM_001,Butter,2,9.0
T001206,2025-10-30,02:53:37,CUST_0302,ITEM_002,Bread,2,5.0
T001207,2025-10-14,10:41:37,CUST_0074,ITEM_001,Onions,1,2.2
T001207,2025-10-14,10:41:37,CUST_0074,ITEM_002,Eggs,3,9.0
T001207,2025-10-14,10:41:37,CUST_0074,ITEM_003,Tomatoes,2,7.6
T001208,2025-09-18,05:20:37,CUST_0128,ITEM_001,Apples,3,12.6
T001208,2025-09-18,05:20:37,CUST_0128,ITEM_002,Bananas,3,8.4
T001208,2025-09-18,05:20:37,CUST_0128,ITEM_003,Tomatoes,1,3.8
T001209,2025-10-20,04:45:37,CUST_0281,ITEM_001,Cheese,1,5.8
T001209,2025-10-20,04:45:37,CUST_0281,ITEM_002,Butter,1,4.5
T001209,2025-10-20,04:45:37,CUST_0281,ITEM_003,Milk,3,9.6
T001209,2025-10-20,04:45:37,CUST_0281,ITEM_004,Bread,2,5.0
T001209,2025-10-20,04:45:37,CUST_0281,ITEM_005,Bananas,2,5.6
T001209,2025-10-20,04:45:37,CUST_0281,ITEM_006,Tomatoes,1,3.8
T001210,2025-09-24,10:31:37,CUST_0230,ITEM_001,Rice,2,8.0
T001211,2025-10-17,01:04:37,CUST_0337,ITEM_001,Potatoes,3,6.0
T001211,2025-10-17,01:04:37,CUST_0337,ITEM_002,Butter,3,13.5
T001211,2025-10-17,01:04:37,CUST_0337,ITEM_003,Eggs,1,3.0
T001211,2025-10-17,01:04:37,CUST_0337,ITEM_004,Bread,3,7.5
T001211,2025-10-17,01:04:37,CUST_0337,ITEM_005,Milk,2,6.4
T001211,2025-10-17,01:04:37,CUST_0337,ITEM_006,Bananas,3,8.4
T001211,2025-10-17,01:04:37,CUST_0337,ITEM_007,Tomatoes,3,11.4
T001212,2025-10-25,07:07:37,CUST_0341,ITEM_001,Apples,3,12.6
T001212,2025-10-25,07:07:37,CUST_0341,ITEM_002,Bananas,2,5.6
T001212,2025-10-25,07:07:37,CUST_0341,ITEM_003,Milk,1,3.2
T001212,2025-10-25,07:07:37,CUST_0341,ITEM_004,Eggs,2,6.0
T001212,2025-10-25,07:07:37,CUST_0341,ITEM_005,Bread,2,5.0
T001213,2025-09-20,08:46:37,CUST_0186,ITEM_001,Butter,3,13.5
T001213,2025-09-20,08:46:37,CUST_0186,ITEM_002,Cheese,1,5.8
T001214,2025-09-25,23:41:37,CUST_0291,ITEM_001,Cheese,1,5.8
T001215,2025-11-14,11:14:37,CUST_0278,ITEM_001,Onions,2,4.4
T001215,2025-11-14,11:14:37,CUST_0278,ITEM_002,Potatoes,2,4.0
T001216,2025-11-06,05:44:37,CUST_0229,ITEM_001,Tomatoes,3,11.4
T001216,2025-11-06,05:44:37,CUST_0229,ITEM_002,Onions,3,6.6
T001216,2025-11-06,05:44:37,CUST_0229,ITEM_003,Pasta,2,7.0
T001217,2025-09-30,06:54:37,CUST_0402,ITEM_001,Oranges,2,7.0
T001217,2025-09-30,06:54:37,CUST_0402,ITEM_002,Butter,2,9.0
T001217,2025-09-30,06:54:37,CUST_0402,ITEM_003,Bread,3,7.5
T001217,2025-09-30,06:54:37,CUST_0402,ITEM_004,Eggs,2,6.0
T001217,2025-09-30,06:54:37,CUST_0402,ITEM_005,Milk,1,3.2
T001217,2025-09-30,06:54:37,CUST_0402,ITEM_006,Apples,1,4.2
T001217,2025-09-30,06:54:37,CUST_0402,ITEM_007,Bananas,2,5.6
T001218,2025-10-31,04:35:37,CUST_0485,ITEM_001,Cheese,1,5.8
T001218,2025-10-31,04:35:37,CUST_0485,ITEM_002,Milk,1,3.2
T001218,2025-10-31,04:35:37,CUST_0485,ITEM_003,Tomatoes,3,11.4
T001219,2025-09-19,08:28:37,CUST_0119,ITEM_001,Beef,1,12.0
T001219,2025-09-19,08:28:37,CUST_0119,ITEM_002,Potatoes,2,4.0
T001219,2025-09-19,08:28:37,CUST_0119,ITEM_003,Onions,1,2.2
T001220,2025-11-02,00:13:37,CUST_0038,ITEM_001,Oranges,1,3.5
T001220,2025-11-02,00:13:37,CUST_0038,ITEM_002,Cheese,2,11.6
T001220,2025-11-02,00:13:37,CUST_0038,ITEM_003,Milk,2,6.4
T001221,2025-11-12,23:21:37,CUST_0459,ITEM_001,Butter,1,4.5
T001221,2025-11-12,23:21:37,CUST_0459,ITEM_002,Bread,3,7.5
T001222,2025-10-07,11:17:37,CUST_0412,ITEM_001,Apples,1,4.2
T001222,2025-10-07,11:17:37,CUST_0412,ITEM_002,Bananas,1,2.8
T001222,2025-10-07,11:17:37,CUST_0412,ITEM_003,Milk,2,6.4
T001223,2025-11-10,06:30:37,CUST_0296,ITEM_001,Cheese,2,11.6
T001223,2025-11-10,06:30:37,CUST_0296,ITEM_002,Bananas,2,5.6
T001223,2025-11-10,06:30:37,CUST_0296,ITEM_003,Potatoes,1,2.0
T001224,2025-09-19,23:57:37,CUST_0391,ITEM_001,Pasta,2,7.0
T001224,2025-09-19,23:57:37,CUST_0391,ITEM_002,Tomatoes,1,3.8
T001224,2025-09-19,23:57:37,CUST_0391,ITEM_003,Bananas,1,2.8
T001224,2025-09-19,23:57:37,CUST_0391,ITEM_004,Chicken,1,8.5
T001224,2025-09-19,23:57:37,CUST_0391,ITEM_005,Milk,3,9.6
T001224,2025-09-19,23:57:37,CUST_0391,ITEM_006,Onions,1,2.2
T001224,2025-09-19,23:57:37,CUST_0391,ITEM_007,Potatoes,3,6.0
T001224,2025-09-19,23:57:37,CUST_0391,ITEM_008,Beef,3,36.0
T001225,2025-11-05,02:43:37,CUST_0316,ITEM_001,Apples,3,12.6
T001225,2025-11-05,02:43:37,CUST_0316,ITEM_002,Chicken,1,8.5
T001225,2025-11-05,02:43:37,CUST_0316,ITEM_003,Bananas,1,2.8
T001226,2025-10-29,05:53:37,CUST_0360,ITEM_001,Chicken,1,8.5
T001226,2025-10-29,05:53:37,CUST_0360,ITEM_002,Tomatoes,3,11.4
T001226,2025-10-29,05:53:37,CUST_0360,ITEM_003,Onions,2,4.4
T001227,2025-09-22,02:15:37,CUST_0324,ITEM_001,Butter,2,9.0
T001227,2025-09-22,02:15:37,CUST_0324,ITEM_002,Cheese,1,5.8
T001227,2025-09-22,02:15:37,CUST_0324,ITEM_003,Milk,2,6.4
T001227,2025-09-22,02:15:37,CUST_0324,ITEM_004,Potatoes,2,4.0
T001227,2025-09-22,02:15:37,CUST_0324,ITEM_005,Beef,1,12.0
T001227,2025-09-22,02:15:37,CUST_0324,ITEM_006,Oranges,3,10.5
T001228,2025-11-13,08:27:37,CUST_0222,ITEM_001,Onions,3,6.6
T001228,2025-11-13,08:27:37,CUST_0222,ITEM_002,Potatoes,2,4.0
T001228,2025-11-13,08:27:37,CUST_0222,ITEM_003,Eggs,3,9.0
T001229,2025-11-14,08:53:37,CUST_0495,ITEM_001,Bread,3,7.5
T001229,2025-11-14,08:53:37,CUST_0495,ITEM_002,Onions,3,6.6
T001229,2025-11-14,08:53:37,CUST_0495,ITEM_003,Eggs,1,3.0
T001230,2025-10-09,09:05:37,CUST_0141,ITEM_001,Bananas,2,5.6
T001231,2025-11-04,11:29:37,CUST_0024,ITEM_001,Beef,1,12.0
T001231,2025-11-04,11:29:37,CUST_0024,ITEM_002,Potatoes,2,4.0
T001232,2025-10-30,01:25:37,CUST_0338,ITEM_001,Chicken,1,8.5
T001232,2025-10-30,01:25:37,CUST_0338,ITEM_002,Tomatoes,2,7.6
T001232,2025-10-30,01:25:37,CUST_0338,ITEM_003,Milk,1,3.2
T001232,2025-10-30,01:25:37,CUST_0338,ITEM_004,Rice,3,12.0
T001233,2025-11-11,22:35:37,CUST_0106,ITEM_001,Bananas,2,5.6
T001234,2025-11-13,08:38:37,CUST_0449,ITEM_001,Eggs,1,3.0
T001234,2025-11-13,08:38:37,CUST_0449,ITEM_002,Milk,1,3.2
T001234,2025-11-13,08:38:37,CUST_0449,ITEM_003,Pasta,3,10.5
T001234,2025-11-13,08:38:37,CUST_0449,ITEM_004,Bread,3,7.5
T001234,2025-11-13,08:38:37,CUST_0449,ITEM_005,Tomatoes,3,11.4
T001234,2025-11-13,08:38:37,CUST_0449,ITEM_006,Butter,1,4.5
T001234,2025-11-13,08:38:37,CUST_0449,ITEM_007,Cheese,3,17.4
T001235,2025-10-09,02:52:37,CUST_0186,ITEM_001,Potatoes,1,2.0
T001235,2025-10-09,02:52:37,CUST_0186,ITEM_002,Chicken,2,17.0
T001235,2025-10-09,02:52:37,CUST_0186,ITEM_003,Pasta,3,10.5
T001236,2025-09-18,01:20:37,CUST_0254,ITEM_001,Cheese,2,11.6
T001236,2025-09-18,01:20:37,CUST_0254,ITEM_002,Tomatoes,2,7.6
T001237,2025-11-01,05:51:37,CUST_0281,ITEM_001,Butter,3,13.5
T001237,2025-11-01,05:51:37,CUST_0281,ITEM_002,Rice,3,12.0
T001238,2025-10-06,10:35:37,CUST_0146,ITEM_001,Onions,1,2.2
T001238,2025-10-06,10:35:37,CUST_0146,ITEM_002,Potatoes,2,4.0
T001238,2025-10-06,10:35:37,CUST_0146,ITEM_003,Beef,2,24.0
T001239,2025-10-28,03:34:37,CUST_0242,ITEM_001,Oranges,3,10.5
T001239,2025-10-28,03:34:37,CUST_0242,ITEM_002,Milk,1,3.2
T001239,2025-10-28,03:34:37,CUST_0242,ITEM_003,Pasta,3,10.5
T001240,2025-09-22,10:19:37,CUST_0247,ITEM_001,Bread,1,2.5
T001240,2025-09-22,10:19:37,CUST_0247,ITEM_002,Eggs,2,6.0
T001241,2025-10-16,04:41:37,CUST_0040,ITEM_001,Butter,3,13.5
T001241,2025-10-16,04:41:37,CUST_0040,ITEM_002,Tomatoes,2,7.6
T001241,2025-10-16,04:41:37,CUST_0040,ITEM_003,Cheese,3,17.4
T001242,2025-10-16,00:41:37,CUST_0326,ITEM_001,Onions,2,4.4
T001242,2025-10-16,00:41:37,CUST_0326,ITEM_002,Beef,3,36.0
T001242,2025-10-16,00:41:37,CUST_0326,ITEM_003,Apples,3,12.6
T001242,2025-10-16,00:41:37,CUST_0326,ITEM_004,Potatoes,1,2.0
T001243,2025-10-17,03:12:37,CUST_0164,ITEM_001,Onions,3,6.6
T001243,2025-10-17,03:12:37,CUST_0164,ITEM_002,Tomatoes,1,3.8
T001243,2025-10-17,03:12:37,CUST_0164,ITEM_003,Rice,3,12.0
T001243,2025-10-17,03:12:37,CUST_0164,ITEM_004,Pasta,1,3.5
T001243,2025-10-17,03:12:37,CUST_0164,ITEM_005,Potatoes,3,6.0
T001244,2025-09-20,08:40:37,CUST_0391,ITEM_001,Potatoes,3,6.0
T001244,2025-09-20,08:40:37,CUST_0391,ITEM_002,Beef,3,36.0
T001244,2025-09-20,08:40:37,CUST_0391,ITEM_003,Bread,3,7.5
T001244,2025-09-20,08:40:37,CUST_0391,ITEM_004,Butter,2,9.0
T001244,2025-09-20,08:40:37,CUST_0391,ITEM_005,Cheese,1,5.8
T001245,2025-09-29,10:26:37,CUST_0320,ITEM_001,Rice,1,4.0
T001245,2025-09-29,10:26:37,CUST_0320,ITEM_002,Chicken,2,17.0
T001245,2025-09-29,10:26:37,CUST_0320,ITEM_003,Onions,2,4.4
T001245,2025-09-29,10:26:37,CUST_0320,ITEM_004,Tomatoes,1,3.8
T001245,2025-09-29,10:26:37,CUST_0320,ITEM_005,Beef,2,24.0
T001245,2025-09-29,10:26:37,CUST_0320,ITEM_006,Pasta,2,7.0
T001246,2025-10-18,08:14:37,CUST_0147,ITEM_001,Chicken,2,17.0
T001246,2025-10-18,08:14:37,CUST_0147,ITEM_002,Tomatoes,2,7.6
T001246,2025-10-18,08:14:37,CUST_0147,ITEM_003,Cheese,2,11.6
T001246,2025-10-18,08:14:37,CUST_0147,ITEM_004,Onions,1,2.2
T001247,2025-10-13,08:43:37,CUST_0244,ITEM_001,Chicken,2,17.0
T001247,2025-10-13,08:43:37,CUST_0244,ITEM_002,Rice,3,12.0
T001247,2025-10-13,08:43:37,CUST_0244,ITEM_003,Tomatoes,2,7.6
T001247,2025-10-13,08:43:37,CUST_0244,ITEM_004,Onions,2,4.4
T001247,2025-10-13,08:43:37,CUST_0244,ITEM_005,Butter,2,9.0
T001248,2025-09-24,02:06:37,CUST_0296,ITEM_001,Butter,1,4.5
T001248,2025-09-24,02:06:37,CUST_0296,ITEM_002,Tomatoes,1,3.8
T001248,2025-09-24,02:06:37,CUST_0296,ITEM_003,Cheese,3,17.4
T001248,2025-09-24,02:06:37,CUST_0296,ITEM_004,Pasta,1,3.5
T001249,2025-10-01,23:11:37,CUST_0298,ITEM_001,Cheese,3,17.4
T001249,2025-10-01,23:11:37,CUST_0298,ITEM_002,Milk,2,6.4
T001250,2025-10-25,03:25:37,CUST_0412,ITEM_001,Butter,2,9.0
T001251,2025-09-25,05:24:37,CUST_0203,ITEM_001,Milk,2,6.4
T001251,2025-09-25,05:24:37,CUST_0203,ITEM_002,Bread,3,7.5
T001251,2025-09-25,05:24:37,CUST_0203,ITEM_003,Butter,2,9.0
T001251,2025-09-25,05:24:37,CUST_0203,ITEM_004,Cheese,2,11.6
T001252,2025-11-10,22:39:37,CUST_0107,ITEM_001,Potatoes,1,2.0
T001252,2025-11-10,22:39:37,CUST_0107,ITEM_002,Onions,1,2.2
T001252,2025-11-10,22:39:37,CUST_0107,ITEM_003,Tomatoes,2,7.6
T001253,2025-09-27,04:19:37,CUST_0344,ITEM_001,Beef,1,12.0
T001253,2025-09-27,04:19:37,CUST_0344,ITEM_002,Potatoes,3,6.0
T001253,2025-09-27,04:19:37,CUST_0344,ITEM_003,Pasta,1,3.5
T001253,2025-09-27,04:19:37,CUST_0344,ITEM_004,Milk,1,3.2
T001253,2025-09-27,04:19:37,CUST_0344,ITEM_005,Onions,3,6.6
T001254,2025-09-29,04:32:37,CUST_0384,ITEM_001,Potatoes,3,6.0
T001254,2025-09-29,04:32:37,CUST_0384,ITEM_002,Beef,3,36.0
T001254,2025-09-29,04:32:37,CUST_0384,ITEM_003,Onions,2,4.4
T001255,2025-09-21,04:32:37,CUST_0113,ITEM_001,Bananas,3,8.4
T001255,2025-09-21,04:32:37,CUST_0113,ITEM_002,Chicken,2,17.0
T001255,2025-09-21,04:32:37,CUST_0113,ITEM_003,Apples,1,4.2
T001255,2025-09-21,04:32:37,CUST_0113,ITEM_004,Rice,3,12.0
T001255,2025-09-21,04:32:37,CUST_0113,ITEM_005,Onions,1,2.2
T001256,2025-10-15,23:48:37,CUST_0086,ITEM_001,Potatoes,2,4.0
T001256,2025-10-15,23:48:37,CUST_0086,ITEM_002,Tomatoes,2,7.6
T001256,2025-10-15,23:48:37,CUST_0086,ITEM_003,Onions,2,4.4
T001256,2025-10-15,23:48:37,CUST_0086,ITEM_004,Chicken,3,25.5
T001256,2025-10-15,23:48:37,CUST_0086,ITEM_005,Rice,3,12.0
T001257,2025-10-27,00:33:37,CUST_0039,ITEM_001,Beef,1,12.0
T001257,2025-10-27,00:33:37,CUST_0039,ITEM_002,Potatoes,3,6.0
T001257,2025-10-27,00:33:37,CUST_0039,ITEM_003,Onions,2,4.4
T001257,2025-10-27,00:33:37,CUST_0039,ITEM_004,Milk,2,6.4
T001258,2025-10-14,01:46:37,CUST_0161,ITEM_001,Apples,1,4.2
T001259,2025-10-19,00:13:37,CUST_0454,ITEM_001,Bread,1,2.5
T001260,2025-09-19,06:26:37,CUST_0113,ITEM_001,Cheese,2,11.6
T001260,2025-09-19,06:26:37,CUST_0113,ITEM_002,Milk,2,6.4
T001261,2025-10-13,04:44:37,CUST_0135,ITEM_001,Beef,1,12.0
T001261,2025-10-13,04:44:37,CUST_0135,ITEM_002,Potatoes,1,2.0
T001262,2025-11-14,00:53:37,CUST_0396,ITEM_001,Rice,1,4.0
T001262,2025-11-14,00:53:37,CUST_0396,ITEM_002,Bananas,3,8.4
T001262,2025-11-14,00:53:37,CUST_0396,ITEM_003,Apples,3,12.6
T001263,2025-11-07,10:59:37,CUST_0262,ITEM_001,Butter,3,13.5
T001263,2025-11-07,10:59:37,CUST_0262,ITEM_002,Pasta,3,10.5
T001264,2025-11-02,08:59:37,CUST_0015,ITEM_001,Bread,1,2.5
T001264,2025-11-02,08:59:37,CUST_0015,ITEM_002,Butter,2,9.0
T001264,2025-11-02,08:59:37,CUST_0015,ITEM_003,Milk,1,3.2
T001265,2025-09-29,05:47:37,CUST_0220,ITEM_001,Eggs,3,9.0
T001265,2025-09-29,05:47:37,CUST_0220,ITEM_002,Cheese,1,5.8
T001265,2025-09-29,05:47:37,CUST_0220,ITEM_003,Milk,2,6.4
T001266,2025-11-04,02:09:37,CUST_0342,ITEM_001,Rice,3,12.0
T001266,2025-11-04,02:09:37,CUST_0342,ITEM_002,Chicken,3,25.5
T001266,2025-11-04,02:09:37,CUST_0342,ITEM_003,Bread,3,7.5
T001267,2025-11-06,10:11:37,CUST_0181,ITEM_001,Apples,2,8.4
T001267,2025-11-06,10:11:37,CUST_0181,ITEM_002,Bananas,2,5.6
T001267,2025-11-06,10:11:37,CUST_0181,ITEM_003,Milk,1,3.2
T001267,2025-11-06,10:11:37,CUST_0181,ITEM_004,Bread,2,5.0
T001268,2025-10-04,22:36:37,CUST_0236,ITEM_001,Eggs,3,9.0
T001268,2025-10-04,22:36:37,CUST_0236,ITEM_002,Milk,1,3.2
T001268,2025-10-04,22:36:37,CUST_0236,ITEM_003,Beef,1,12.0
T001269,2025-09-18,01:43:37,CUST_0111,ITEM_001,Oranges,1,3.5
T001269,2025-09-18,01:43:37,CUST_0111,ITEM_002,Bread,2,5.0
T001270,2025-09-19,23:09:37,CUST_0395,ITEM_001,Tomatoes,3,11.4
T001270,2025-09-19,23:09:37,CUST_0395,ITEM_002,Chicken,1,8.5
T001270,2025-09-19,23:09:37,CUST_0395,ITEM_003,Onions,2,4.4
T001270,2025-09-19,23:09:37,CUST_0395,ITEM_004,Apples,3,12.6
T001270,2025-09-19,23:09:37,CUST_0395,ITEM_005,Rice,1,4.0
T001270,2025-09-19,23:09:37,CUST_0395,ITEM_006,Potatoes,3,6.0
T001270,2025-09-19,23:09:37,CUST_0395,ITEM_007,Pasta,1,3.5
T001271,2025-09-22,00:54:37,CUST_0185,ITEM_001,Apples,3,12.6
T001271,2025-09-22,00:54:37,CUST_0185,ITEM_002,Milk,1,3.2
T001271,2025-09-22,00:54:37,CUST_0185,ITEM_003,Chicken,2,17.0
T001272,2025-10-30,07:21:37,CUST_0012,ITEM_001,Beef,2,24.0
T001273,2025-10-14,00:28:37,CUST_0477,ITEM_001,Cheese,2,11.6
T001273,2025-10-14,00:28:37,CUST_0477,ITEM_002,Butter,1,4.5
T001273,2025-10-14,00:28:37,CUST_0477,ITEM_003,Milk,1,3.2
T001274,2025-10-26,10:59:37,CUST_0037,ITEM_001,Bread,3,7.5
T001274,2025-10-26,10:59:37,CUST_0037,ITEM_002,Eggs,2,6.0
T001274,2025-10-26,10:59:37,CUST_0037,ITEM_003,Butter,2,9.0
T001275,2025-11-09,23:37:37,CUST_0415,ITEM_001,Onions,1,2.2
T001275,2025-11-09,23:37:37,CUST_0415,ITEM_002,Milk,1,3.2
T001275,2025-11-09,23:37:37,CUST_0415,ITEM_003,Tomatoes,1,3.8
T001275,2025-11-09,23:37:37,CUST_0415,ITEM_004,Chicken,2,17.0
T001276,2025-09-28,01:54:37,CUST_0190,ITEM_001,Bananas,2,5.6
T001276,2025-09-28,01:54:37,CUST_0190,ITEM_002,Milk,1,3.2
T001276,2025-09-28,01:54:37,CUST_0190,ITEM_003,Cheese,3,17.4
T001276,2025-09-28,01:54:37,CUST_0190,ITEM_004,Rice,2,8.0
T001277,2025-10-03,23:52:37,CUST_0205,ITEM_001,Potatoes,3,6.0
T001277,2025-10-03,23:52:37,CUST_0205,ITEM_002,Onions,1,2.2
T001277,2025-10-03,23:52:37,CUST_0205,ITEM_003,Beef,1,12.0
T001277,2025-10-03,23:52:37,CUST_0205,ITEM_004,Butter,1,4.5
T001277,2025-10-03,23:52:37,CUST_0205,ITEM_005,Bread,1,2.5
T001277,2025-10-03,23:52:37,CUST_0205,ITEM_006,Tomatoes,2,7.6
T001277,2025-10-03,23:52:37,CUST_0205,ITEM_007,Chicken,1,8.5
T001278,2025-10-12,01:54:37,CUST_0447,ITEM_001,Beef,3,36.0
T001278,2025-10-12,01:54:37,CUST_0447,ITEM_002,Potatoes,3,6.0
T001279,2025-10-02,03:50:37,CUST_0495,ITEM_001,Pasta,3,10.5
T001279,2025-10-02,03:50:37,CUST_0495,ITEM_002,Tomatoes,2,7.6
T001279,2025-10-02,03:50:37,CUST_0495,ITEM_003,Chicken,1,8.5
T001279,2025-10-02,03:50:37,CUST_0495,ITEM_004,Rice,2,8.0
T001279,2025-10-02,03:50:37,CUST_0495,ITEM_005,Onions,3,6.6
T001279,2025-10-02,03:50:37,CUST_0495,ITEM_006,Potatoes,2,4.0
T001279,2025-10-02,03:50:37,CUST_0495,ITEM_007,Beef,1,12.0
T001279,2025-10-02,03:50:37,CUST_0495,ITEM_008,Oranges,1,3.5
T001280,2025-11-14,11:10:37,CUST_0439,ITEM_001,Pasta,1,3.5
T001280,2025-11-14,11:10:37,CUST_0439,ITEM_002,Bread,1,2.5
T001280,2025-11-14,11:10:37,CUST_0439,ITEM_003,Butter,2,9.0
T001281,2025-10-27,23:40:37,CUST_0262,ITEM_001,Oranges,3,10.5
T001281,2025-10-27,23:40:37,CUST_0262,ITEM_002,Onions,1,2.2
T001281,2025-10-27,23:40:37,CUST_0262,ITEM_003,Potatoes,2,4.0
T001281,2025-10-27,23:40:37,CUST_0262,ITEM_004,Tomatoes,3,11.4
T001281,2025-10-27,23:40:37,CUST_0262,ITEM_005,Eggs,3,9.0
T001281,2025-10-27,23:40:37,CUST_0262,ITEM_006,Chicken,2,17.0
T001281,2025-10-27,23:40:37,CUST_0262,ITEM_007,Milk,1,3.2
T001281,2025-10-27,23:40:37,CUST_0262,ITEM_008,Bananas,1,2.8
T001282,2025-11-14,08:51:37,CUST_0244,ITEM_001,Onions,2,4.4
T001282,2025-11-14,08:51:37,CUST_0244,ITEM_002,Butter,1,4.5
T001283,2025-09-27,05:26:37,CUST_0112,ITEM_001,Milk,1,3.2
T001283,2025-09-27,05:26:37,CUST_0112,ITEM_002,Tomatoes,2,7.6
T001283,2025-09-27,05:26:37,CUST_0112,ITEM_003,Onions,1,2.2
T001283,2025-09-27,05:26:37,CUST_0112,ITEM_004,Butter,3,13.5
T001283,2025-09-27,05:26:37,CUST_0112,ITEM_005,Potatoes,2,4.0
T001283,2025-09-27,05:26:37,CUST_0112,ITEM_006,Bananas,1,2.8
T001284,2025-10-23,02:14:37,CUST_0377,ITEM_001,Apples,2,8.4
T001284,2025-10-23,02:14:37,CUST_0377,ITEM_002,Cheese,1,5.8
T001285,2025-09-19,11:14:37,CUST_0179,ITEM_001,Oranges,3,10.5
T001286,2025-09-23,10:38:37,CUST_0332,ITEM_001,Pasta,3,10.5
T001286,2025-09-23,10:38:37,CUST_0332,ITEM_002,Beef,1,12.0
T001286,2025-09-23,10:38:37,CUST_0332,ITEM_003,Tomatoes,1,3.8
T001287,2025-10-23,06:31:37,CUST_0163,ITEM_001,Onions,3,6.6
T001287,2025-10-23,06:31:37,CUST_0163,ITEM_002,Apples,2,8.4
T001287,2025-10-23,06:31:37,CUST_0163,ITEM_003,Potatoes,1,2.0
T001287,2025-10-23,06:31:37,CUST_0163,ITEM_004,Beef,3,36.0
T001287,2025-10-23,06:31:37,CUST_0163,ITEM_005,Pasta,2,7.0
T001287,2025-10-23,06:31:37,CUST_0163,ITEM_006,Bread,2,5.0
T001287,2025-10-23,06:31:37,CUST_0163,ITEM_007,Bananas,3,8.4
T001287,2025-10-23,06:31:37,CUST_0163,ITEM_008,Tomatoes,2,7.6
T001288,2025-11-12,00:24:37,CUST_0196,ITEM_001,Tomatoes,2,7.6
T001288,2025-11-12,00:24:37,CUST_0196,ITEM_002,Butter,3,13.5
T001288,2025-11-12,00:24:37,CUST_0196,ITEM_003,Apples,2,8.4
T001288,2025-11-12,00:24:37,CUST_0196,ITEM_004,Onions,1,2.2
T001288,2025-11-12,00:24:37,CUST_0196,ITEM_005,Bread,3,7.5
T001288,2025-11-12,00:24:37,CUST_0196,ITEM_006,Potatoes,3,6.0
T001288,2025-11-12,00:24:37,CUST_0196,ITEM_007,Chicken,3,25.5
T001289,2025-10-22,07:11:37,CUST_0494,ITEM_001,Apples,2,8.4
T001289,2025-10-22,07:11:37,CUST_0494,ITEM_002,Bananas,2,5.6
T001289,2025-10-22,07:11:37,CUST_0494,ITEM_003,Bread,3,7.5
T001290,2025-11-13,04:46:37,CUST_0301,ITEM_001,Tomatoes,3,11.4
T001290,2025-11-13,04:46:37,CUST_0301,ITEM_002,Pasta,2,7.0
T001290,2025-11-13,04:46:37,CUST_0301,ITEM_003,Onions,3,6.6
T001290,2025-11-13,04:46:37,CUST_0301,ITEM_004,Chicken,2,17.0
T001290,2025-11-13,04:46:37,CUST_0301,ITEM_005,Eggs,2,6.0
T001291,2025-10-01,23:38:37,CUST_0498,ITEM_001,Potatoes,2,4.0
T001291,2025-10-01,23:38:37,CUST_0498,ITEM_002,Beef,1,12.0
T001291,2025-10-01,23:38:37,CUST_0498,ITEM_003,Onions,1,2.2
T001291,2025-10-01,23:38:37,CUST_0498,ITEM_004,Tomatoes,2,7.6
T001292,2025-09-30,00:55:37,CUST_0150,ITEM_001,Eggs,2,6.0
T001292,2025-09-30,00:55:37,CUST_0150,ITEM_002,Potatoes,3,6.0
T001292,2025-09-30,00:55:37,CUST_0150,ITEM_003,Milk,1,3.2
T001292,2025-09-30,00:55:37,CUST_0150,ITEM_004,Bananas,1,2.8
T001293,2025-09-23,08:05:37,CUST_0033,ITEM_001,Apples,1,4.2
T001294,2025-10-19,03:22:37,CUST_0401,ITEM_001,Onions,3,6.6
T001294,2025-10-19,03:22:37,CUST_0401,ITEM_002,Bananas,3,8.4
T001294,2025-10-19,03:22:37,CUST_0401,ITEM_003,Apples,1,4.2
T001295,2025-10-29,07:40:37,CUST_0437,ITEM_001,Onions,3,6.6
T001295,2025-10-29,07:40:37,CUST_0437,ITEM_002,Potatoes,1,2.0
T001296,2025-10-28,11:22:37,CUST_0360,ITEM_001,Tomatoes,1,3.8
T001296,2025-10-28,11:22:37,CUST_0360,ITEM_002,Onions,3,6.6
T001296,2025-10-28,11:22:37,CUST_0360,ITEM_003,Chicken,3,25.5
T001297,2025-09-22,11:14:37,CUST_0430,ITEM_001,Bananas,3,8.4
T001297,2025-09-22,11:14:37,CUST_0430,ITEM_002,Chicken,1,8.5
T001297,2025-09-22,11:14:37,CUST_0430,ITEM_003,Apples,3,12.6
T001297,2025-09-22,11:14:37,CUST_0430,ITEM_004,Tomatoes,3,11.4
T001297,2025-09-22,11:14:37,CUST_0430,ITEM_005,Cheese,2,11.6
T001298,2025-11-10,06:54:37,CUST_0166,ITEM_001,Potatoes,1,2.0
T001298,2025-11-10,06:54:37,CUST_0166,ITEM_002,Milk,3,9.6
T001298,2025-11-10,06:54:37,CUST_0166,ITEM_003,Eggs,1,3.0
T001299,2025-10-04,06:24:37,CUST_0492,ITEM_001,Bread,2,5.0
T001299,2025-10-04,06:24:37,CUST_0492,ITEM_002,Butter,1,4.5
T001299,2025-10-04,06:24:37,CUST_0492,ITEM_003,Eggs,1,3.0
T001299,2025-10-04,06:24:37,CUST_0492,ITEM_004,Milk,1,3.2
T001299,2025-10-04,06:24:37,CUST_0492,ITEM_005,Potatoes,2,4.0
T001299,2025-10-04,06:24:37,CUST_0492,ITEM_006,Onions,3,6.6
T001300,2025-09-25,23:08:37,CUST_0484,ITEM_001,Chicken,1,8.5
T001300,2025-09-25,23:08:37,CUST_0484,ITEM_002,Tomatoes,1,3.8
T001300,2025-09-25,23:08:37,CUST_0484,ITEM_003,Apples,3,12.6
T001300,2025-09-25,23:08:37,CUST_0484,ITEM_004,Oranges,3,10.5
T001301,2025-09-19,23:38:37,CUST_0076,ITEM_001,Rice,2,8.0
T001301,2025-09-19,23:38:37,CUST_0076,ITEM_002,Chicken,1,8.5
T001301,2025-09-19,23:38:37,CUST_0076,ITEM_003,Tomatoes,1,3.8
T001301,2025-09-19,23:38:37,CUST_0076,ITEM_004,Butter,2,9.0
T001301,2025-09-19,23:38:37,CUST_0076,ITEM_005,Onions,2,4.4
T001302,2025-10-22,04:43:37,CUST_0137,ITEM_001,Butter,1,4.5
T001302,2025-10-22,04:43:37,CUST_0137,ITEM_002,Pasta,2,7.0
T001302,2025-10-22,04:43:37,CUST_0137,ITEM_003,Cheese,1,5.8
T001302,2025-10-22,04:43:37,CUST_0137,ITEM_004,Bread,3,7.5
T001302,2025-10-22,04:43:37,CUST_0137,ITEM_005,Onions,3,6.6
T001302,2025-10-22,04:43:37,CUST_0137,ITEM_006,Milk,2,6.4
T001302,2025-10-22,04:43:37,CUST_0137,ITEM_007,Bananas,2,5.6
T001303,2025-10-22,04:52:37,CUST_0436,ITEM_001,Oranges,2,7.0
T001303,2025-10-22,04:52:37,CUST_0436,ITEM_002,Chicken,2,17.0
T001303,2025-10-22,04:52:37,CUST_0436,ITEM_003,Potatoes,3,6.0
T001304,2025-09-21,22:33:37,CUST_0244,ITEM_001,Oranges,2,7.0
T001305,2025-11-06,03:27:37,CUST_0220,ITEM_001,Pasta,3,10.5
T001305,2025-11-06,03:27:37,CUST_0220,ITEM_002,Tomatoes,3,11.4
T001305,2025-11-06,03:27:37,CUST_0220,ITEM_003,Onions,1,2.2
T001305,2025-11-06,03:27:37,CUST_0220,ITEM_004,Chicken,2,17.0
T001305,2025-11-06,03:27:37,CUST_0220,ITEM_005,Potatoes,3,6.0
T001305,2025-11-06,03:27:37,CUST_0220,ITEM_006,Butter,3,13.5
T001306,2025-11-02,01:36:37,CUST_0017,ITEM_001,Tomatoes,2,7.6
T001306,2025-11-02,01:36:37,CUST_0017,ITEM_002,Beef,3,36.0
T001306,2025-11-02,01:36:37,CUST_0017,ITEM_003,Milk,1,3.2
T001306,2025-11-02,01:36:37,CUST_0017,ITEM_004,Bread,2,5.0
T001307,2025-10-14,00:13:37,CUST_0343,ITEM_001,Onions,2,4.4
T001307,2025-10-14,00:13:37,CUST_0343,ITEM_002,Tomatoes,2,7.6
T001308,2025-09-29,07:14:37,CUST_0380,ITEM_001,Bread,2,5.0
T001308,2025-09-29,07:14:37,CUST_0380,ITEM_002,Butter,3,13.5
T001308,2025-09-29,07:14:37,CUST_0380,ITEM_003,Eggs,2,6.0
T001308,2025-09-29,07:14:37,CUST_0380,ITEM_004,Milk,3,9.6
T001308,2025-09-29,07:14:37,CUST_0380,ITEM_005,Beef,2,24.0
T001308,2025-09-29,07:14:37,CUST_0380,ITEM_006,Bananas,2,5.6
T001308,2025-09-29,07:14:37,CUST_0380,ITEM_007,Apples,3,12.6
T001309,2025-10-30,05:52:37,CUST_0068,ITEM_001,Butter,3,13.5
T001309,2025-10-30,05:52:37,CUST_0068,ITEM_002,Bread,1,2.5
T001309,2025-10-30,05:52:37,CUST_0068,ITEM_003,Oranges,3,10.5
T001309,2025-10-30,05:52:37,CUST_0068,ITEM_004,Tomatoes,3,11.4
T001309,2025-10-30,05:52:37,CUST_0068,ITEM_005,Pasta,3,10.5
T001310,2025-11-02,10:55:37,CUST_0497,ITEM_001,Eggs,1,3.0
T001310,2025-11-02,10:55:37,CUST_0497,ITEM_002,Milk,1,3.2
T001310,2025-11-02,10:55:37,CUST_0497,ITEM_003,Bread,2,5.0
T001311,2025-09-18,04:33:37,CUST_0232,ITEM_001,Cheese,1,5.8
T001312,2025-09-29,02:20:37,CUST_0381,ITEM_001,Tomatoes,1,3.8
T001312,2025-09-29,02:20:37,CUST_0381,ITEM_002,Pasta,3,10.5
T001312,2025-09-29,02:20:37,CUST_0381,ITEM_003,Chicken,1,8.5
T001312,2025-09-29,02:20:37,CUST_0381,ITEM_004,Butter,1,4.5
T001313,2025-10-07,09:44:37,CUST_0384,ITEM_001,Pasta,2,7.0
T001314,2025-10-24,04:51:37,CUST_0380,ITEM_001,Pasta,1,3.5
T001315,2025-11-10,04:55:37,CUST_0293,ITEM_001,Tomatoes,2,7.6
T001315,2025-11-10,04:55:37,CUST_0293,ITEM_002,Chicken,2,17.0
T001315,2025-11-10,04:55:37,CUST_0293,ITEM_003,Eggs,3,9.0
T001315,2025-11-10,04:55:37,CUST_0293,ITEM_004,Bread,1,2.5
T001316,2025-09-30,05:05:37,CUST_0187,ITEM_001,Oranges,2,7.0
T001316,2025-09-30,05:05:37,CUST_0187,ITEM_002,Apples,2,8.4
T001316,2025-09-30,05:05:37,CUST_0187,ITEM_003,Beef,1,12.0
T001316,2025-09-30,05:05:37,CUST_0187,ITEM_004,Potatoes,1,2.0
T001317,2025-10-19,05:41:37,CUST_0356,ITEM_001,Onions,3,6.6
T001317,2025-10-19,05:41:37,CUST_0356,ITEM_002,Rice,1,4.0
T001318,2025-10-15,01:53:37,CUST_0464,ITEM_001,Pasta,2,7.0
T001318,2025-10-15,01:53:37,CUST_0464,ITEM_002,Tomatoes,2,7.6
T001318,2025-10-15,01:53:37,CUST_0464,ITEM_003,Bread,3,7.5
T001318,2025-10-15,01:53:37,CUST_0464,ITEM_004,Eggs,2,6.0
T001319,2025-11-08,08:07:37,CUST_0422,ITEM_001,Butter,2,9.0
T001319,2025-11-08,08:07:37,CUST_0422,ITEM_002,Cheese,2,11.6
T001320,2025-10-04,23:08:37,CUST_0317,ITEM_001,Potatoes,1,2.0
T001320,2025-10-04,23:08:37,CUST_0317,ITEM_002,Bread,3,7.5
T001321,2025-09-26,02:58:37,CUST_0391,ITEM_001,Chicken,2,17.0
T001321,2025-09-26,02:58:37,CUST_0391,ITEM_002,Pasta,2,7.0
T001322,2025-10-21,09:40:37,CUST_0258,ITEM_001,Bread,3,7.5
T001322,2025-10-21,09:40:37,CUST_0258,ITEM_002,Eggs,2,6.0
T001323,2025-10-15,23:05:37,CUST_0129,ITEM_001,Apples,3,12.6
T001323,2025-10-15,23:05:37,CUST_0129,ITEM_002,Butter,2,9.0
T001323,2025-10-15,23:05:37,CUST_0129,ITEM_003,Bananas,1,2.8
T001323,2025-10-15,23:05:37,CUST_0129,ITEM_004,Bread,2,5.0
T001324,2025-10-01,03:36:37,CUST_0140,ITEM_001,Beef,2,24.0
T001324,2025-10-01,03:36:37,CUST_0140,ITEM_002,Rice,1,4.0
T001324,2025-10-01,03:36:37,CUST_0140,ITEM_003,Chicken,2,17.0
T001325,2025-11-05,22:43:37,CUST_0003,ITEM_001,Rice,1,4.0
T001325,2025-11-05,22:43:37,CUST_0003,ITEM_002,Chicken,3,25.5
T001325,2025-11-05,22:43:37,CUST_0003,ITEM_003,Potatoes,1,2.0
T001325,2025-11-05,22:43:37,CUST_0003,ITEM_004,Eggs,2,6.0
T001325,2025-11-05,22:43:37,CUST_0003,ITEM_005,Onions,2,4.4
T001326,2025-11-01,11:03:37,CUST_0246,ITEM_001,Eggs,3,9.0
T001326,2025-11-01,11:03:37,CUST_0246,ITEM_002,Bread,3,7.5
T001326,2025-11-01,11:03:37,CUST_0246,ITEM_003,Butter,2,9.0
T001326,2025-11-01,11:03:37,CUST_0246,ITEM_004,Milk,1,3.2
T001326,2025-11-01,11:03:37,CUST_0246,ITEM_005,Cheese,2,11.6
T001326,2025-11-01,11:03:37,CUST_0246,ITEM_006,Bananas,1,2.8
T001327,2025-09-26,05:15:37,CUST_0167,ITEM_001,Bread,1,2.5
T001327,2025-09-26,05:15:37,CUST_0167,ITEM_002,Milk,1,3.2
T001328,2025-11-10,03:25:37,CUST_0376,ITEM_001,Butter,1,4.5
T001328,2025-11-10,03:25:37,CUST_0376,ITEM_002,Cheese,3,17.4
T001328,2025-11-10,03:25:37,CUST_0376,ITEM_003,Potatoes,2,4.0
T001329,2025-11-11,09:49:37,CUST_0055,ITEM_001,Beef,2,24.0
T001329,2025-11-11,09:49:37,CUST_0055,ITEM_002,Potatoes,1,2.0
T001329,2025-11-11,09:49:37,CUST_0055,ITEM_003,Milk,3,9.6
T001329,2025-11-11,09:49:37,CUST_0055,ITEM_004,Bananas,1,2.8
T001330,2025-09-30,22:55:37,CUST_0166,ITEM_001,Tomatoes,3,11.4
T001331,2025-10-30,02:48:37,CUST_0460,ITEM_001,Butter,2,9.0
T001331,2025-10-30,02:48:37,CUST_0460,ITEM_002,Bread,1,2.5
T001332,2025-11-09,03:18:37,CUST_0482,ITEM_001,Bananas,2,5.6
T001333,2025-09-22,23:39:37,CUST_0405,ITEM_001,Chicken,3,25.5
T001333,2025-09-22,23:39:37,CUST_0405,ITEM_002,Potatoes,1,2.0
T001334,2025-10-15,04:59:37,CUST_0335,ITEM_001,Bananas,2,5.6
T001334,2025-10-15,04:59:37,CUST_0335,ITEM_002,Milk,3,9.6
T001335,2025-10-26,08:06:37,CUST_0107,ITEM_001,Chicken,1,8.5
T001335,2025-10-26,08:06:37,CUST_0107,ITEM_002,Tomatoes,3,11.4
T001336,2025-09-23,03:10:37,CUST_0211,ITEM_001,Beef,3,36.0
T001336,2025-09-23,03:10:37,CUST_0211,ITEM_002,Bread,2,5.0
T001336,2025-09-23,03:10:37,CUST_0211,ITEM_003,Eggs,2,6.0
T001337,2025-09-23,09:59:37,CUST_0292,ITEM_001,Rice,3,12.0
T001337,2025-09-23,09:59:37,CUST_0292,ITEM_002,Chicken,3,25.5
T001337,2025-09-23,09:59:37,CUST_0292,ITEM_003,Milk,3,9.6
T001337,2025-09-23,09:59:37,CUST_0292,ITEM_004,Eggs,3,9.0
T001337,2025-09-23,09:59:37,CUST_0292,ITEM_005,Bread,3,7.5
T001338,2025-11-06,07:10:37,CUST_0013,ITEM_001,Pasta,2,7.0
T001338,2025-11-06,07:10:37,CUST_0013,ITEM_002,Tomatoes,1,3.8
T001338,2025-11-06,07:10:37,CUST_0013,ITEM_003,Chicken,1,8.5
T001338,2025-11-06,07:10:37,CUST_0013,ITEM_004,Rice,2,8.0
T001339,2025-10-28,00:30:37,CUST_0135,ITEM_001,Pasta,2,7.0
T001339,2025-10-28,00:30:37,CUST_0135,ITEM_002,Tomatoes,1,3.8
T001339,2025-10-28,00:30:37,CUST_0135,ITEM_003,Potatoes,2,4.0
T001339,2025-10-28,00:30:37,CUST_0135,ITEM_004,Onions,2,4.4
T001339,2025-10-28,00:30:37,CUST_0135,ITEM_005,Beef,3,36.0
T001340,2025-11-11,07:25:37,CUST_0107,ITEM_001,Potatoes,1,2.0
T001340,2025-11-11,07:25:37,CUST_0107,ITEM_002,Onions,3,6.6
T001341,2025-10-21,08:58:37,CUST_0482,ITEM_001,Pasta,2,7.0
T001342,2025-09-15,22:50:37,CUST_0078,ITEM_001,Beef,2,24.0
T001342,2025-09-15,22:50:37,CUST_0078,ITEM_002,Eggs,1,3.0
T001342,2025-09-15,22:50:37,CUST_0078,ITEM_003,Bananas,1,2.8
T001342,2025-09-15,22:50:37,CUST_0078,ITEM_004,Milk,2,6.4
T001342,2025-09-15,22:50:37,CUST_0078,ITEM_005,Oranges,2,7.0
T001342,2025-09-15,22:50:37,CUST_0078,ITEM_006,Apples,1,4.2
T001342,2025-09-15,22:50:37,CUST_0078,ITEM_007,Potatoes,1,2.0
T001343,2025-11-06,08:09:37,CUST_0272,ITEM_001,Milk,2,6.4
T001343,2025-11-06,08:09:37,CUST_0272,ITEM_002,Cheese,1,5.8
T001343,2025-11-06,08:09:37,CUST_0272,ITEM_003,Butter,3,13.5
T001343,2025-11-06,08:09:37,CUST_0272,ITEM_004,Tomatoes,3,11.4
T001343,2025-11-06,08:09:37,CUST_0272,ITEM_005,Beef,3,36.0
T001343,2025-11-06,08:09:37,CUST_0272,ITEM_006,Bread,3,7.5
T001343,2025-11-06,08:09:37,CUST_0272,ITEM_007,Bananas,3,8.4
T001344,2025-10-09,02:15:37,CUST_0364,ITEM_001,Oranges,1,3.5
T001344,2025-10-09,02:15:37,CUST_0364,ITEM_002,Butter,2,9.0
T001345,2025-10-01,02:20:37,CUST_0472,ITEM_001,Cheese,2,11.6
T001345,2025-10-01,02:20:37,CUST_0472,ITEM_002,Tomatoes,1,3.8
T001345,2025-10-01,02:20:37,CUST_0472,ITEM_003,Butter,3,13.5
T001346,2025-10-23,23:30:37,CUST_0231,ITEM_001,Beef,3,36.0
T001346,2025-10-23,23:30:37,CUST_0231,ITEM_002,Cheese,3,17.4
T001346,2025-10-23,23:30:37,CUST_0231,ITEM_003,Butter,2,9.0
T001346,2025-10-23,23:30:37,CUST_0231,ITEM_004,Milk,3,9.6
T001346,2025-10-23,23:30:37,CUST_0231,ITEM_005,Bread,2,5.0
T001347,2025-10-08,06:39:37,CUST_0352,ITEM_001,Potatoes,1,2.0
T001348,2025-10-16,06:48:37,CUST_0046,ITEM_001,Pasta,2,7.0
T001348,2025-10-16,06:48:37,CUST_0046,ITEM_002,Cheese,3,17.4
T001348,2025-10-16,06:48:37,CUST_0046,ITEM_003,Milk,3,9.6
T001348,2025-10-16,06:48:37,CUST_0046,ITEM_004,Bread,2,5.0
T001348,2025-10-16,06:48:37,CUST_0046,ITEM_005,Tomatoes,2,7.6
T001348,2025-10-16,06:48:37,CUST_0046,ITEM_006,Eggs,3,9.0
T001349,2025-11-08,09:14:37,CUST_0334,ITEM_001,Chicken,1,8.5
T001350,2025-10-31,22:33:37,CUST_0289,ITEM_001,Cheese,1,5.8
T001350,2025-10-31,22:33:37,CUST_0289,ITEM_002,Milk,1,3.2
T001350,2025-10-31,22:33:37,CUST_0289,ITEM_003,Pasta,2,7.0
T001351,2025-11-12,10:40:37,CUST_0042,ITEM_001,Pasta,2,7.0
T001351,2025-11-12,10:40:37,CUST_0042,ITEM_002,Tomatoes,3,11.4
T001351,2025-11-12,10:40:37,CUST_0042,ITEM_003,Chicken,3,25.5
T001351,2025-11-12,10:40:37,CUST_0042,ITEM_004,Rice,2,8.0
T001352,2025-09-16,05:24:37,CUST_0332,ITEM_001,Onions,1,2.2
T001352,2025-09-16,05:24:37,CUST_0332,ITEM_002,Tomatoes,2,7.6
T001352,2025-09-16,05:24:37,CUST_0332,ITEM_003,Apples,3,12.6
T001352,2025-09-16,05:24:37,CUST_0332,ITEM_004,Pasta,2,7.0
T001353,2025-09-22,05:20:37,CUST_0309,ITEM_001,Pasta,3,10.5
T001353,2025-09-22,05:20:37,CUST_0309,ITEM_002,Tomatoes,1,3.8
T001354,2025-11-03,10:47:37,CUST_0460,ITEM_001,Rice,1,4.0
T001354,2025-11-03,10:47:37,CUST_0460,ITEM_002,Chicken,2,17.0
T001354,2025-11-03,10:47:37,CUST_0460,ITEM_003,Oranges,1,3.5
T001354,2025-11-03,10:47:37,CUST_0460,ITEM_004,Bananas,3,8.4
T001354,2025-11-03,10:47:37,CUST_0460,ITEM_005,Milk,2,6.4
T001354,2025-11-03,10:47:37,CUST_0460,ITEM_006,Bread,2,5.0
T001354,2025-11-03,10:47:37,CUST_0460,ITEM_007,Beef,3,36.0
T001355,2025-09-19,05:45:37,CUST_0274,ITEM_001,Potatoes,1,2.0
T001355,2025-09-19,05:45:37,CUST_0274,ITEM_002,Apples,2,8.4
T001355,2025-09-19,05:45:37,CUST_0274,ITEM_003,Bananas,3,8.4
T001356,2025-11-12,09:25:37,CUST_0183,ITEM_001,Bananas,3,8.4
T001356,2025-11-12,09:25:37,CUST_0183,ITEM_002,Apples,2,8.4
T001356,2025-11-12,09:25:37,CUST_0183,ITEM_003,Milk,2,6.4
T001356,2025-11-12,09:25:37,CUST_0183,ITEM_004,Eggs,2,6.0
T001356,2025-11-12,09:25:37,CUST_0183,ITEM_005,Cheese,3,17.4
T001356,2025-11-12,09:25:37,CUST_0183,ITEM_006,Butter,2,9.0
T001356,2025-11-12,09:25:37,CUST_0183,ITEM_007,Bread,1,2.5
T001357,2025-11-12,01:41:37,CUST_0188,ITEM_001,Rice,1,4.0
T001357,2025-11-12,01:41:37,CUST_0188,ITEM_002,Butter,3,13.5
T001358,2025-10-01,06:03:37,CUST_0048,ITEM_001,Onions,2,4.4
T001358,2025-10-01,06:03:37,CUST_0048,ITEM_002,Tomatoes,1,3.8
T001359,2025-11-06,07:01:37,CUST_0322,ITEM_001,Pasta,1,3.5
T001359,2025-11-06,07:01:37,CUST_0322,ITEM_002,Tomatoes,2,7.6
T001360,2025-11-01,09:14:37,CUST_0455,ITEM_001,Rice,1,4.0
T001360,2025-11-01,09:14:37,CUST_0455,ITEM_002,Butter,2,9.0
T001360,2025-11-01,09:14:37,CUST_0455,ITEM_003,Tomatoes,3,11.4
T001360,2025-11-01,09:14:37,CUST_0455,ITEM_004,Bread,2,5.0
T001360,2025-11-01,09:14:37,CUST_0455,ITEM_005,Beef,1,12.0
T001361,2025-10-26,09:42:37,CUST_0096,ITEM_001,Eggs,3,9.0
T001361,2025-10-26,09:42:37,CUST_0096,ITEM_002,Milk,3,9.6
T001362,2025-09-19,03:51:37,CUST_0333,ITEM_001,Cheese,2,11.6
T001362,2025-09-19,03:51:37,CUST_0333,ITEM_002,Milk,2,6.4
T001362,2025-09-19,03:51:37,CUST_0333,ITEM_003,Eggs,3,9.0
T001363,2025-11-08,04:19:37,CUST_0421,ITEM_001,Milk,3,9.6
T001363,2025-11-08,04:19:37,CUST_0421,ITEM_002,Cheese,3,17.4
T001364,2025-10-07,00:33:37,CUST_0209,ITEM_001,Bread,3,7.5
T001364,2025-10-07,00:33:37,CUST_0209,ITEM_002,Potatoes,2,4.0
T001364,2025-10-07,00:33:37,CUST_0209,ITEM_003,Eggs,1,3.0
T001364,2025-10-07,00:33:37,CUST_0209,ITEM_004,Beef,2,24.0
T001364,2025-10-07,00:33:37,CUST_0209,ITEM_005,Onions,3,6.6
T001365,2025-11-06,07:05:37,CUST_0224,ITEM_001,Milk,1,3.2
T001365,2025-11-06,07:05:37,CUST_0224,ITEM_002,Butter,3,13.5
T001366,2025-09-19,02:51:37,CUST_0404,ITEM_001,Milk,1,3.2
T001366,2025-09-19,02:51:37,CUST_0404,ITEM_002,Eggs,1,3.0
T001367,2025-11-05,23:34:37,CUST_0186,ITEM_001,Beef,2,24.0
T001367,2025-11-05,23:34:37,CUST_0186,ITEM_002,Potatoes,3,6.0
T001368,2025-10-11,03:28:37,CUST_0248,ITEM_001,Pasta,1,3.5
T001368,2025-10-11,03:28:37,CUST_0248,ITEM_002,Tomatoes,3,11.4
T001368,2025-10-11,03:28:37,CUST_0248,ITEM_003,Bread,3,7.5
T001368,2025-10-11,03:28:37,CUST_0248,ITEM_004,Milk,1,3.2
T001368,2025-10-11,03:28:37,CUST_0248,ITEM_005,Onions,1,2.2
T001368,2025-10-11,03:28:37,CUST_0248,ITEM_006,Potatoes,1,2.0
T001369,2025-11-03,04:58:37,CUST_0061,ITEM_001,Bread,3,7.5
T001369,2025-11-03,04:58:37,CUST_0061,ITEM_002,Apples,3,12.6
T001369,2025-11-03,04:58:37,CUST_0061,ITEM_003,Potatoes,2,4.0
T001370,2025-09-27,07:09:37,CUST_0283,ITEM_001,Cheese,1,5.8
T001370,2025-09-27,07:09:37,CUST_0283,ITEM_002,Butter,2,9.0
T001370,2025-09-27,07:09:37,CUST_0283,ITEM_003,Milk,1,3.2
T001371,2025-09-29,06:35:37,CUST_0338,ITEM_001,Tomatoes,1,3.8
T001371,2025-09-29,06:35:37,CUST_0338,ITEM_002,Pasta,1,3.5
T001371,2025-09-29,06:35:37,CUST_0338,ITEM_003,Eggs,2,6.0
T001371,2025-09-29,06:35:37,CUST_0338,ITEM_004,Milk,1,3.2
T001371,2025-09-29,06:35:37,CUST_0338,ITEM_005,Onions,2,4.4
T001371,2025-09-29,06:35:37,CUST_0338,ITEM_006,Bananas,3,8.4
T001372,2025-09-22,08:18:37,CUST_0293,ITEM_001,Eggs,1,3.0
T001372,2025-09-22,08:18:37,CUST_0293,ITEM_002,Tomatoes,1,3.8
T001372,2025-09-22,08:18:37,CUST_0293,ITEM_003,Milk,3,9.6
T001372,2025-09-22,08:18:37,CUST_0293,ITEM_004,Cheese,3,17.4
T001373,2025-10-26,03:10:37,CUST_0087,ITEM_001,Bread,1,2.5
T001373,2025-10-26,03:10:37,CUST_0087,ITEM_002,Beef,1,12.0
T001374,2025-10-20,04:14:37,CUST_0283,ITEM_001,Chicken,2,17.0
T001374,2025-10-20,04:14:37,CUST_0283,ITEM_002,Onions,3,6.6
T001375,2025-09-16,00:09:37,CUST_0197,ITEM_001,Eggs,3,9.0
T001375,2025-09-16,00:09:37,CUST_0197,ITEM_002,Potatoes,2,4.0
T001375,2025-09-16,00:09:37,CUST_0197,ITEM_003,Onions,3,6.6
T001376,2025-10-14,23:34:37,CUST_0231,ITEM_001,Cheese,1,5.8
T001376,2025-10-14,23:34:37,CUST_0231,ITEM_002,Milk,2,6.4
T001376,2025-10-14,23:34:37,CUST_0231,ITEM_003,Butter,1,4.5
T001376,2025-10-14,23:34:37,CUST_0231,ITEM_004,Bread,2,5.0
T001376,2025-10-14,23:34:37,CUST_0231,ITEM_005,Eggs,1,3.0
T001377,2025-11-13,00:10:37,CUST_0308,ITEM_001,Milk,3,9.6
T001377,2025-11-13,00:10:37,CUST_0308,ITEM_002,Butter,2,9.0
T001377,2025-11-13,00:10:37,CUST_0308,ITEM_003,Cheese,3,17.4
T001377,2025-11-13,00:10:37,CUST_0308,ITEM_004,Eggs,2,6.0
T001377,2025-11-13,00:10:37,CUST_0308,ITEM_005,Bread,2,5.0
T001378,2025-10-10,05:34:37,CUST_0314,ITEM_001,Beef,1,12.0
T001378,2025-10-10,05:34:37,CUST_0314,ITEM_002,Potatoes,2,4.0
T001379,2025-10-03,01:29:37,CUST_0454,ITEM_001,Pasta,3,10.5
T001379,2025-10-03,01:29:37,CUST_0454,ITEM_002,Tomatoes,3,11.4
T001379,2025-10-03,01:29:37,CUST_0454,ITEM_003,Onions,2,4.4
T001379,2025-10-03,01:29:37,CUST_0454,ITEM_004,Beef,1,12.0
T001380,2025-10-21,03:33:37,CUST_0250,ITEM_001,Rice,3,12.0
T001381,2025-10-23,22:51:37,CUST_0112,ITEM_001,Bread,2,5.0
T001382,2025-10-09,06:50:37,CUST_0469,ITEM_001,Eggs,2,6.0
T001382,2025-10-09,06:50:37,CUST_0469,ITEM_002,Milk,3,9.6
T001382,2025-10-09,06:50:37,CUST_0469,ITEM_003,Bread,3,7.5
T001382,2025-10-09,06:50:37,CUST_0469,ITEM_004,Chicken,1,8.5
T001383,2025-10-25,03:40:37,CUST_0263,ITEM_001,Pasta,3,10.5
T001383,2025-10-25,03:40:37,CUST_0263,ITEM_002,Chicken,2,17.0
T001384,2025-11-01,06:37:37,CUST_0421,ITEM_001,Milk,2,6.4
T001384,2025-11-01,06:37:37,CUST_0421,ITEM_002,Cheese,2,11.6
T001385,2025-11-06,07:33:37,CUST_0200,ITEM_001,Apples,1,4.2
T001385,2025-11-06,07:33:37,CUST_0200,ITEM_002,Bananas,2,5.6
T001385,2025-11-06,07:33:37,CUST_0200,ITEM_003,Milk,1,3.2
T001385,2025-11-06,07:33:37,CUST_0200,ITEM_004,Rice,2,8.0
T001386,2025-11-11,01:12:37,CUST_0115,ITEM_001,Butter,3,13.5
T001386,2025-11-11,01:12:37,CUST_0115,ITEM_002,Bread,2,5.0
T001386,2025-11-11,01:12:37,CUST_0115,ITEM_003,Eggs,2,6.0
T001387,2025-10-05,10:32:37,CUST_0442,ITEM_001,Milk,2,6.4
T001387,2025-10-05,10:32:37,CUST_0442,ITEM_002,Bread,2,5.0
T001387,2025-10-05,10:32:37,CUST_0442,ITEM_003,Eggs,2,6.0
T001387,2025-10-05,10:32:37,CUST_0442,ITEM_004,Bananas,3,8.4
T001388,2025-09-22,05:48:37,CUST_0318,ITEM_001,Beef,3,36.0
T001388,2025-09-22,05:48:37,CUST_0318,ITEM_002,Tomatoes,1,3.8
T001389,2025-09-18,00:13:37,CUST_0302,ITEM_001,Apples,2,8.4
T001389,2025-09-18,00:13:37,CUST_0302,ITEM_002,Rice,3,12.0
T001389,2025-09-18,00:13:37,CUST_0302,ITEM_003,Onions,3,6.6
T001389,2025-09-18,00:13:37,CUST_0302,ITEM_004,Cheese,1,5.8
T001390,2025-09-17,01:52:37,CUST_0125,ITEM_001,Potatoes,1,2.0
T001390,2025-09-17,01:52:37,CUST_0125,ITEM_002,Chicken,1,8.5
T001390,2025-09-17,01:52:37,CUST_0125,ITEM_003,Rice,2,8.0
T001390,2025-09-17,01:52:37,CUST_0125,ITEM_004,Beef,1,12.0
T001390,2025-09-17,01:52:37,CUST_0125,ITEM_005,Tomatoes,2,7.6
T001390,2025-09-17,01:52:37,CUST_0125,ITEM_006,Onions,3,6.6
T001391,2025-10-29,08:06:37,CUST_0132,ITEM_001,Butter,2,9.0
T001391,2025-10-29,08:06:37,CUST_0132,ITEM_002,Bread,1,2.5
T001392,2025-10-22,04:14:37,CUST_0286,ITEM_001,Beef,3,36.0
T001392,2025-10-22,04:14:37,CUST_0286,ITEM_002,Potatoes,1,2.0
T001392,2025-10-22,04:14:37,CUST_0286,ITEM_003,Butter,2,9.0
T001392,2025-10-22,04:14:37,CUST_0286,ITEM_004,Milk,3,9.6
T001392,2025-10-22,04:14:37,CUST_0286,ITEM_005,Chicken,3,25.5
T001393,2025-10-16,23:05:37,CUST_0119,ITEM_001,Bananas,2,5.6
T001393,2025-10-16,23:05:37,CUST_0119,ITEM_002,Onions,2,4.4
T001393,2025-10-16,23:05:37,CUST_0119,ITEM_003,Apples,1,4.2
T001394,2025-11-11,02:50:37,CUST_0062,ITEM_001,Oranges,3,10.5
T001394,2025-11-11,02:50:37,CUST_0062,ITEM_002,Apples,1,4.2
T001394,2025-11-11,02:50:37,CUST_0062,ITEM_003,Bananas,3,8.4
T001395,2025-09-21,09:47:37,CUST_0212,ITEM_001,Pasta,3,10.5
T001395,2025-09-21,09:47:37,CUST_0212,ITEM_002,Tomatoes,3,11.4
T001396,2025-09-16,08:03:37,CUST_0308,ITEM_001,Chicken,1,8.5
T001396,2025-09-16,08:03:37,CUST_0308,ITEM_002,Butter,1,4.5
T001396,2025-09-16,08:03:37,CUST_0308,ITEM_003,Tomatoes,1,3.8
T001396,2025-09-16,08:03:37,CUST_0308,ITEM_004,Oranges,1,3.5
T001396,2025-09-16,08:03:37,CUST_0308,ITEM_005,Apples,1,4.2
T001396,2025-09-16,08:03:37,CUST_0308,ITEM_006,Potatoes,3,6.0
T001396,2025-09-16,08:03:37,CUST_0308,ITEM_007,Onions,3,6.6
T001397,2025-11-09,09:57:37,CUST_0261,ITEM_001,Butter,2,9.0
T001397,2025-11-09,09:57:37,CUST_0261,ITEM_002,Bread,3,7.5
T001397,2025-11-09,09:57:37,CUST_0261,ITEM_003,Eggs,2,6.0
T001397,2025-11-09,09:57:37,CUST_0261,ITEM_004,Milk,1,3.2
T001398,2025-11-08,06:49:37,CUST_0162,ITEM_001,Oranges,2,7.0
T001398,2025-11-08,06:49:37,CUST_0162,ITEM_002,Cheese,2,11.6
T001399,2025-11-10,05:38:37,CUST_0152,ITEM_001,Bananas,1,2.8
T001399,2025-11-10,05:38:37,CUST_0152,ITEM_002,Milk,1,3.2
T001399,2025-11-10,05:38:37,CUST_0152,ITEM_003,Cheese,3,17.4
T001400,2025-11-14,02:49:37,CUST_0071,ITEM_001,Milk,2,6.4
T001400,2025-11-14,02:49:37,CUST_0071,ITEM_002,Bread,1,2.5
T001400,2025-11-14,02:49:37,CUST_0071,ITEM_003,Eggs,1,3.0
T001400,2025-11-14,02:49:37,CUST_0071,ITEM_004,Butter,2,9.0
T001400,2025-11-14,02:49:37,CUST_0071,ITEM_005,Bananas,3,8.4
T001401,2025-11-05,23:59:37,CUST_0481,ITEM_001,Tomatoes,2,7.6
T001401,2025-11-05,23:59:37,CUST_0481,ITEM_002,Onions,1,2.2
T001401,2025-11-05,23:59:37,CUST_0481,ITEM_003,Pasta,1,3.5
T001401,2025-11-05,23:59:37,CUST_0481,ITEM_004,Butter,3,13.5
T001402,2025-10-01,22:38:37,CUST_0428,ITEM_001,Oranges,3,10.5
T001402,2025-10-01,22:38:37,CUST_0428,ITEM_002,Cheese,2,11.6
T001402,2025-10-01,22:38:37,CUST_0428,ITEM_003,Butter,2,9.0
T001403,2025-10-09,01:06:37,CUST_0069,ITEM_001,Oranges,2,7.0
T001403,2025-10-09,01:06:37,CUST_0069,ITEM_002,Milk,3,9.6
T001404,2025-09-17,22:52:37,CUST_0396,ITEM_001,Potatoes,1,2.0
T001404,2025-09-17,22:52:37,CUST_0396,ITEM_002,Onions,3,6.6
T001405,2025-10-10,05:34:37,CUST_0171,ITEM_001,Beef,3,36.0
T001405,2025-10-10,05:34:37,CUST_0171,ITEM_002,Cheese,2,11.6
T001405,2025-10-10,05:34:37,CUST_0171,ITEM_003,Butter,3,13.5
T001405,2025-10-10,05:34:37,CUST_0171,ITEM_004,Potatoes,3,6.0
T001406,2025-11-10,07:31:37,CUST_0283,ITEM_001,Chicken,3,25.5
T001407,2025-10-12,23:50:37,CUST_0028,ITEM_001,Chicken,2,17.0
T001407,2025-10-12,23:50:37,CUST_0028,ITEM_002,Rice,2,8.0
T001407,2025-10-12,23:50:37,CUST_0028,ITEM_003,Tomatoes,1,3.8
T001407,2025-10-12,23:50:37,CUST_0028,ITEM_004,Onions,2,4.4
T001407,2025-10-12,23:50:37,CUST_0028,ITEM_005,Potatoes,1,2.0
T001407,2025-10-12,23:50:37,CUST_0028,ITEM_006,Apples,3,12.6
T001408,2025-11-12,09:45:37,CUST_0146,ITEM_001,Potatoes,2,4.0
T001408,2025-11-12,09:45:37,CUST_0146,ITEM_002,Onions,3,6.6
T001408,2025-11-12,09:45:37,CUST_0146,ITEM_003,Beef,1,12.0
T001408,2025-11-12,09:45:37,CUST_0146,ITEM_004,Tomatoes,3,11.4
T001408,2025-11-12,09:45:37,CUST_0146,ITEM_005,Chicken,3,25.5
T001408,2025-11-12,09:45:37,CUST_0146,ITEM_006,Rice,1,4.0
T001409,2025-10-02,00:27:37,CUST_0376,ITEM_001,Beef,1,12.0
T001409,2025-10-02,00:27:37,CUST_0376,ITEM_002,Potatoes,3,6.0
T001409,2025-10-02,00:27:37,CUST_0376,ITEM_003,Onions,2,4.4
T001409,2025-10-02,00:27:37,CUST_0376,ITEM_004,Butter,3,13.5
T001409,2025-10-02,00:27:37,CUST_0376,ITEM_005,Pasta,3,10.5
T001409,2025-10-02,00:27:37,CUST_0376,ITEM_006,Tomatoes,1,3.8
T001410,2025-09-26,01:09:37,CUST_0300,ITEM_001,Beef,1,12.0
T001410,2025-09-26,01:09:37,CUST_0300,ITEM_002,Bread,1,2.5
T001411,2025-10-20,05:23:37,CUST_0191,ITEM_001,Bread,3,7.5
T001411,2025-10-20,05:23:37,CUST_0191,ITEM_002,Milk,1,3.2
T001411,2025-10-20,05:23:37,CUST_0191,ITEM_003,Eggs,2,6.0
T001412,2025-10-09,01:01:37,CUST_0253,ITEM_001,Potatoes,2,4.0
T001412,2025-10-09,01:01:37,CUST_0253,ITEM_002,Bread,3,7.5
T001412,2025-10-09,01:01:37,CUST_0253,ITEM_003,Butter,2,9.0
T001412,2025-10-09,01:01:37,CUST_0253,ITEM_004,Apples,2,8.4
T001412,2025-10-09,01:01:37,CUST_0253,ITEM_005,Beef,1,12.0
T001412,2025-10-09,01:01:37,CUST_0253,ITEM_006,Onions,1,2.2
T001412,2025-10-09,01:01:37,CUST_0253,ITEM_007,Chicken,2,17.0
T001413,2025-11-05,03:45:37,CUST_0232,ITEM_001,Beef,2,24.0
T001413,2025-11-05,03:45:37,CUST_0232,ITEM_002,Potatoes,3,6.0
T001413,2025-11-05,03:45:37,CUST_0232,ITEM_003,Milk,3,9.6
T001413,2025-11-05,03:45:37,CUST_0232,ITEM_004,Oranges,3,10.5
T001414,2025-10-28,10:21:37,CUST_0168,ITEM_001,Tomatoes,3,11.4
T001414,2025-10-28,10:21:37,CUST_0168,ITEM_002,Eggs,3,9.0
T001414,2025-10-28,10:21:37,CUST_0168,ITEM_003,Bread,3,7.5
T001414,2025-10-28,10:21:37,CUST_0168,ITEM_004,Pasta,3,10.5
T001415,2025-10-13,00:18:37,CUST_0451,ITEM_001,Rice,2,8.0
T001415,2025-10-13,00:18:37,CUST_0451,ITEM_002,Onions,2,4.4
T001415,2025-10-13,00:18:37,CUST_0451,ITEM_003,Chicken,3,25.5
T001416,2025-11-10,04:10:37,CUST_0225,ITEM_001,Tomatoes,3,11.4
T001417,2025-10-28,01:28:37,CUST_0134,ITEM_001,Tomatoes,3,11.4
T001417,2025-10-28,01:28:37,CUST_0134,ITEM_002,Chicken,3,25.5
T001418,2025-11-06,07:29:37,CUST_0487,ITEM_001,Rice,1,4.0
T001418,2025-11-06,07:29:37,CUST_0487,ITEM_002,Butter,2,9.0
T001418,2025-11-06,07:29:37,CUST_0487,ITEM_003,Chicken,3,25.5
T001419,2025-10-05,07:17:37,CUST_0278,ITEM_001,Bananas,2,5.6
T001420,2025-10-01,05:36:37,CUST_0120,ITEM_001,Potatoes,1,2.0
T001420,2025-10-01,05:36:37,CUST_0120,ITEM_002,Beef,3,36.0
T001420,2025-10-01,05:36:37,CUST_0120,ITEM_003,Onions,2,4.4
T001420,2025-10-01,05:36:37,CUST_0120,ITEM_004,Tomatoes,3,11.4
T001421,2025-11-10,01:30:37,CUST_0027,ITEM_001,Chicken,2,17.0
T001421,2025-11-10,01:30:37,CUST_0027,ITEM_002,Rice,2,8.0
T001421,2025-11-10,01:30:37,CUST_0027,ITEM_003,Tomatoes,2,7.6
T001421,2025-11-10,01:30:37,CUST_0027,ITEM_004,Onions,3,6.6
T001422,2025-11-11,09:55:37,CUST_0039,ITEM_001,Bananas,2,5.6
T001422,2025-11-11,09:55:37,CUST_0039,ITEM_002,Butter,2,9.0
T001423,2025-10-22,23:53:37,CUST_0394,ITEM_001,Milk,3,9.6
T001423,2025-10-22,23:53:37,CUST_0394,ITEM_002,Chicken,3,25.5
T001424,2025-09-29,09:09:37,CUST_0221,ITEM_001,Rice,1,4.0
T001424,2025-09-29,09:09:37,CUST_0221,ITEM_002,Chicken,1,8.5
T001424,2025-09-29,09:09:37,CUST_0221,ITEM_003,Tomatoes,3,11.4
T001424,2025-09-29,09:09:37,CUST_0221,ITEM_004,Apples,3,12.6
T001425,2025-10-09,08:04:37,CUST_0313,ITEM_001,Eggs,2,6.0
T001425,2025-10-09,08:04:37,CUST_0313,ITEM_002,Bread,1,2.5
T001425,2025-10-09,08:04:37,CUST_0313,ITEM_003,Milk,2,6.4
T001426,2025-11-05,10:41:37,CUST_0207,ITEM_001,Apples,2,8.4
T001427,2025-10-14,05:02:37,CUST_0259,ITEM_001,Eggs,1,3.0
T001428,2025-09-27,22:47:37,CUST_0346,ITEM_001,Tomatoes,1,3.8
T001428,2025-09-27,22:47:37,CUST_0346,ITEM_002,Pasta,2,7.0
T001428,2025-09-27,22:47:37,CUST_0346,ITEM_003,Bread,1,2.5
T001428,2025-09-27,22:47:37,CUST_0346,ITEM_004,Chicken,3,25.5
T001429,2025-11-13,01:21:37,CUST_0292,ITEM_001,Bread,3,7.5
T001429,2025-11-13,01:21:37,CUST_0292,ITEM_002,Milk,1,3.2
T001429,2025-11-13,01:21:37,CUST_0292,ITEM_003,Cheese,1,5.8
T001430,2025-10-19,04:27:37,CUST_0174,ITEM_001,Pasta,2,7.0
T001430,2025-10-19,04:27:37,CUST_0174,ITEM_002,Tomatoes,2,7.6
T001430,2025-10-19,04:27:37,CUST_0174,ITEM_003,Onions,1,2.2
T001430,2025-10-19,04:27:37,CUST_0174,ITEM_004,Potatoes,2,4.0
T001430,2025-10-19,04:27:37,CUST_0174,ITEM_005,Oranges,2,7.0
T001431,2025-10-19,23:22:37,CUST_0020,ITEM_001,Potatoes,2,4.0
T001431,2025-10-19,23:22:37,CUST_0020,ITEM_002,Milk,2,6.4
T001431,2025-10-19,23:22:37,CUST_0020,ITEM_003,Tomatoes,1,3.8
T001431,2025-10-19,23:22:37,CUST_0020,ITEM_004,Apples,1,4.2
T001431,2025-10-19,23:22:37,CUST_0020,ITEM_005,Onions,3,6.6
T001431,2025-10-19,23:22:37,CUST_0020,ITEM_006,Beef,2,24.0
T001432,2025-10-01,11:15:37,CUST_0436,ITEM_001,Apples,3,12.6
T001432,2025-10-01,11:15:37,CUST_0436,ITEM_002,Bananas,3,8.4
T001432,2025-10-01,11:15:37,CUST_0436,ITEM_003,Bread,2,5.0
T001433,2025-10-05,07:46:37,CUST_0359,ITEM_001,Chicken,1,8.5
T001433,2025-10-05,07:46:37,CUST_0359,ITEM_002,Rice,2,8.0
T001434,2025-10-22,22:38:37,CUST_0017,ITEM_001,Milk,3,9.6
T001434,2025-10-22,22:38:37,CUST_0017,ITEM_002,Eggs,2,6.0
T001434,2025-10-22,22:38:37,CUST_0017,ITEM_003,Bananas,2,5.6
T001435,2025-10-13,10:59:37,CUST_0487,ITEM_001,Onions,1,2.2
T001435,2025-10-13,10:59:37,CUST_0487,ITEM_002,Potatoes,2,4.0
T001435,2025-10-13,10:59:37,CUST_0487,ITEM_003,Tomatoes,1,3.8
T001435,2025-10-13,10:59:37,CUST_0487,ITEM_004,Chicken,2,17.0
T001435,2025-10-13,10:59:37,CUST_0487,ITEM_005,Rice,2,8.0
T001436,2025-10-14,00:30:37,CUST_0200,ITEM_001,Rice,1,4.0
T001436,2025-10-14,00:30:37,CUST_0200,ITEM_002,Butter,3,13.5
T001437,2025-10-08,06:17:37,CUST_0213,ITEM_001,Milk,3,9.6
T001437,2025-10-08,06:17:37,CUST_0213,ITEM_002,Cheese,2,11.6
T001437,2025-10-08,06:17:37,CUST_0213,ITEM_003,Bananas,3,8.4
T001437,2025-10-08,06:17:37,CUST_0213,ITEM_004,Tomatoes,2,7.6
T001437,2025-10-08,06:17:37,CUST_0213,ITEM_005,Rice,2,8.0
T001437,2025-10-08,06:17:37,CUST_0213,ITEM_006,Potatoes,1,2.0
T001437,2025-10-08,06:17:37,CUST_0213,ITEM_007,Onions,2,4.4
T001437,2025-10-08,06:17:37,CUST_0213,ITEM_008,Bread,3,7.5
T001438,2025-09-28,01:36:37,CUST_0127,ITEM_001,Onions,3,6.6
T001439,2025-10-04,22:33:37,CUST_0397,ITEM_001,Milk,3,9.6
T001439,2025-10-04,22:33:37,CUST_0397,ITEM_002,Cheese,3,17.4
T001440,2025-09-23,07:02:37,CUST_0215,ITEM_001,Onions,1,2.2
T001440,2025-09-23,07:02:37,CUST_0215,ITEM_002,Milk,1,3.2
T001440,2025-09-23,07:02:37,CUST_0215,ITEM_003,Butter,1,4.5
T001440,2025-09-23,07:02:37,CUST_0215,ITEM_004,Cheese,2,11.6
T001440,2025-09-23,07:02:37,CUST_0215,ITEM_005,Tomatoes,2,7.6
T001441,2025-11-14,06:45:37,CUST_0433,ITEM_001,Pasta,1,3.5
T001441,2025-11-14,06:45:37,CUST_0433,ITEM_002,Tomatoes,1,3.8
T001441,2025-11-14,06:45:37,CUST_0433,ITEM_003,Onions,2,4.4
T001441,2025-11-14,06:45:37,CUST_0433,ITEM_004,Potatoes,2,4.0
T001441,2025-11-14,06:45:37,CUST_0433,ITEM_005,Oranges,1,3.5
T001442,2025-10-17,07:22:37,CUST_0497,ITEM_001,Apples,2,8.4
T001442,2025-10-17,07:22:37,CUST_0497,ITEM_002,Bananas,3,8.4
T001443,2025-11-12,08:23:37,CUST_0101,ITEM_001,Bananas,2,5.6
T001443,2025-11-12,08:23:37,CUST_0101,ITEM_002,Milk,3,9.6
T001443,2025-11-12,08:23:37,CUST_0101,ITEM_003,Cheese,3,17.4
T001443,2025-11-12,08:23:37,CUST_0101,ITEM_004,Apples,1,4.2
T001443,2025-11-12,08:23:37,CUST_0101,ITEM_005,Bread,3,7.5
T001443,2025-11-12,08:23:37,CUST_0101,ITEM_006,Rice,3,12.0
T001444,2025-09-20,00:44:37,CUST_0016,ITEM_001,Cheese,1,5.8
T001445,2025-10-31,00:42:37,CUST_0050,ITEM_001,Chicken,2,17.0
T001446,2025-10-22,10:00:37,CUST_0325,ITEM_001,Rice,3,12.0
T001446,2025-10-22,10:00:37,CUST_0325,ITEM_002,Chicken,3,25.5
T001446,2025-10-22,10:00:37,CUST_0325,ITEM_003,Pasta,2,7.0
T001446,2025-10-22,10:00:37,CUST_0325,ITEM_004,Tomatoes,3,11.4
T001447,2025-10-13,00:46:37,CUST_0020,ITEM_001,Tomatoes,2,7.6
T001447,2025-10-13,00:46:37,CUST_0020,ITEM_002,Pasta,2,7.0
T001447,2025-10-13,00:46:37,CUST_0020,ITEM_003,Bananas,1,2.8
T001447,2025-10-13,00:46:37,CUST_0020,ITEM_004,Milk,2,6.4
T001448,2025-10-31,10:41:37,CUST_0378,ITEM_001,Eggs,1,3.0
T001448,2025-10-31,10:41:37,CUST_0378,ITEM_002,Milk,2,6.4
T001449,2025-10-18,07:42:37,CUST_0072,ITEM_001,Potatoes,3,6.0
T001449,2025-10-18,07:42:37,CUST_0072,ITEM_002,Onions,1,2.2
T001449,2025-10-18,07:42:37,CUST_0072,ITEM_003,Beef,2,24.0
T001449,2025-10-18,07:42:37,CUST_0072,ITEM_004,Tomatoes,1,3.8
T001450,2025-10-08,06:21:37,CUST_0347,ITEM_001,Onions,2,4.4
T001450,2025-10-08,06:21:37,CUST_0347,ITEM_002,Tomatoes,1,3.8
T001450,2025-10-08,06:21:37,CUST_0347,ITEM_003,Oranges,2,7.0
T001450,2025-10-08,06:21:37,CUST_0347,ITEM_004,Potatoes,2,4.0
T001450,2025-10-08,06:21:37,CUST_0347,ITEM_005,Pasta,1,3.5
T001450,2025-10-08,06:21:37,CUST_0347,ITEM_006,Chicken,3,25.5
T001451,2025-11-09,07:49:37,CUST_0457,ITEM_001,Potatoes,1,2.0
T001451,2025-11-09,07:49:37,CUST_0457,ITEM_002,Beef,2,24.0
T001452,2025-10-30,03:35:37,CUST_0352,ITEM_001,Butter,2,9.0
T001452,2025-10-30,03:35:37,CUST_0352,ITEM_002,Bread,3,7.5
T001452,2025-10-30,03:35:37,CUST_0352,ITEM_003,Cheese,2,11.6
T001453,2025-10-22,06:09:37,CUST_0041,ITEM_001,Cheese,2,11.6
T001454,2025-10-04,06:27:37,CUST_0255,ITEM_001,Bananas,3,8.4
T001454,2025-10-04,06:27:37,CUST_0255,ITEM_002,Milk,1,3.2
T001454,2025-10-04,06:27:37,CUST_0255,ITEM_003,Apples,2,8.4
T001455,2025-09-27,07:50:37,CUST_0413,ITEM_001,Beef,3,36.0
T001455,2025-09-27,07:50:37,CUST_0413,ITEM_002,Potatoes,1,2.0
T001455,2025-09-27,07:50:37,CUST_0413,ITEM_003,Onions,3,6.6
T001455,2025-09-27,07:50:37,CUST_0413,ITEM_004,Tomatoes,1,3.8
T001455,2025-09-27,07:50:37,CUST_0413,ITEM_005,Chicken,2,17.0
T001456,2025-10-21,08:21:37,CUST_0282,ITEM_001,Eggs,2,6.0
T001456,2025-10-21,08:21:37,CUST_0282,ITEM_002,Onions,1,2.2
T001456,2025-10-21,08:21:37,CUST_0282,ITEM_003,Potatoes,1,2.0
T001456,2025-10-21,08:21:37,CUST_0282,ITEM_004,Tomatoes,2,7.6
T001456,2025-10-21,08:21:37,CUST_0282,ITEM_005,Beef,1,12.0
T001456,2025-10-21,08:21:37,CUST_0282,ITEM_006,Chicken,2,17.0
T001457,2025-10-04,04:45:37,CUST_0472,ITEM_001,Chicken,3,25.5
T001457,2025-10-04,04:45:37,CUST_0472,ITEM_002,Tomatoes,2,7.6
T001457,2025-10-04,04:45:37,CUST_0472,ITEM_003,Potatoes,2,4.0
T001458,2025-11-12,04:39:37,CUST_0052,ITEM_001,Bananas,2,5.6
T001458,2025-11-12,04:39:37,CUST_0052,ITEM_002,Oranges,3,10.5
T001458,2025-11-12,04:39:37,CUST_0052,ITEM_003,Onions,2,4.4
T001458,2025-11-12,04:39:37,CUST_0052,ITEM_004,Apples,1,4.2
T001458,2025-11-12,04:39:37,CUST_0052,ITEM_005,Chicken,2,17.0
T001459,2025-10-01,07:49:37,CUST_0040,ITEM_001,Oranges,2,7.0
T001460,2025-10-31,10:19:37,CUST_0406,ITEM_001,Cheese,1,5.8
T001460,2025-10-31,10:19:37,CUST_0406,ITEM_002,Milk,2,6.4
T001460,2025-10-31,10:19:37,CUST_0406,ITEM_003,Bananas,1,2.8
T001460,2025-10-31,10:19:37,CUST_0406,ITEM_004,Eggs,3,9.0
T001461,2025-10-14,04:15:37,CUST_0359,ITEM_001,Milk,2,6.4
T001462,2025-11-13,10:39:37,CUST_0461,ITEM_001,Tomatoes,3,11.4
T001462,2025-11-13,10:39:37,CUST_0461,ITEM_002,Onions,3,6.6
T001462,2025-11-13,10:39:37,CUST_0461,ITEM_003,Potatoes,3,6.0
T001462,2025-11-13,10:39:37,CUST_0461,ITEM_004,Pasta,1,3.5
T001462,2025-11-13,10:39:37,CUST_0461,ITEM_005,Milk,2,6.4
T001463,2025-10-01,11:05:37,CUST_0035,ITEM_001,Chicken,3,25.5
T001463,2025-10-01,11:05:37,CUST_0035,ITEM_002,Rice,1,4.0
T001463,2025-10-01,11:05:37,CUST_0035,ITEM_003,Eggs,2,6.0
T001463,2025-10-01,11:05:37,CUST_0035,ITEM_004,Tomatoes,3,11.4
T001463,2025-10-01,11:05:37,CUST_0035,ITEM_005,Potatoes,2,4.0
T001463,2025-10-01,11:05:37,CUST_0035,ITEM_006,Onions,1,2.2
T001463,2025-10-01,11:05:37,CUST_0035,ITEM_007,Milk,2,6.4
T001464,2025-10-25,23:19:37,CUST_0321,ITEM_001,Pasta,1,3.5
T001464,2025-10-25,23:19:37,CUST_0321,ITEM_002,Tomatoes,3,11.4
T001464,2025-10-25,23:19:37,CUST_0321,ITEM_003,Onions,2,4.4
T001465,2025-09-29,08:05:37,CUST_0121,ITEM_001,Chicken,1,8.5
T001465,2025-09-29,08:05:37,CUST_0121,ITEM_002,Rice,1,4.0
T001466,2025-10-05,09:10:37,CUST_0045,ITEM_001,Potatoes,2,4.0
T001466,2025-10-05,09:10:37,CUST_0045,ITEM_002,Bananas,1,2.8
T001466,2025-10-05,09:10:37,CUST_0045,ITEM_003,Oranges,2,7.0
T001467,2025-11-11,01:28:37,CUST_0258,ITEM_001,Beef,3,36.0
T001467,2025-11-11,01:28:37,CUST_0258,ITEM_002,Potatoes,1,2.0
T001467,2025-11-11,01:28:37,CUST_0258,ITEM_003,Onions,1,2.2
T001468,2025-09-24,01:55:37,CUST_0208,ITEM_001,Oranges,1,3.5
T001468,2025-09-24,01:55:37,CUST_0208,ITEM_002,Apples,1,4.2
T001469,2025-11-02,07:41:37,CUST_0347,ITEM_001,Chicken,3,25.5
T001469,2025-11-02,07:41:37,CUST_0347,ITEM_002,Beef,1,12.0
T001470,2025-10-10,01:12:37,CUST_0335,ITEM_001,Oranges,1,3.5
T001470,2025-10-10,01:12:37,CUST_0335,ITEM_002,Pasta,2,7.0
T001471,2025-10-03,09:12:37,CUST_0047,ITEM_001,Bread,3,7.5
T001471,2025-10-03,09:12:37,CUST_0047,ITEM_002,Eggs,2,6.0
T001472,2025-11-06,22:54:37,CUST_0440,ITEM_001,Butter,3,13.5
T001472,2025-11-06,22:54:37,CUST_0440,ITEM_002,Cheese,1,5.8
T001472,2025-11-06,22:54:37,CUST_0440,ITEM_003,Pasta,3,10.5
T001472,2025-11-06,22:54:37,CUST_0440,ITEM_004,Milk,1,3.2
T001472,2025-11-06,22:54:37,CUST_0440,ITEM_005,Onions,1,2.2
T001472,2025-11-06,22:54:37,CUST_0440,ITEM_006,Bread,2,5.0
T001472,2025-11-06,22:54:37,CUST_0440,ITEM_007,Eggs,1,3.0
T001473,2025-11-07,07:35:37,CUST_0324,ITEM_001,Eggs,1,3.0
T001473,2025-11-07,07:35:37,CUST_0324,ITEM_002,Bread,3,7.5
T001473,2025-11-07,07:35:37,CUST_0324,ITEM_003,Tomatoes,2,7.6
T001474,2025-11-08,06:02:37,CUST_0067,ITEM_001,Butter,1,4.5
T001474,2025-11-08,06:02:37,CUST_0067,ITEM_002,Oranges,2,7.0
T001474,2025-11-08,06:02:37,CUST_0067,ITEM_003,Cheese,1,5.8
T001475,2025-09-23,10:07:37,CUST_0196,ITEM_001,Milk,1,3.2
T001476,2025-10-04,05:59:37,CUST_0499,ITEM_001,Onions,1,2.2
T001476,2025-10-04,05:59:37,CUST_0499,ITEM_002,Tomatoes,1,3.8
T001476,2025-10-04,05:59:37,CUST_0499,ITEM_003,Pasta,2,7.0
T001477,2025-09-26,11:07:37,CUST_0090,ITEM_001,Apples,3,12.6
T001477,2025-09-26,11:07:37,CUST_0090,ITEM_002,Bananas,2,5.6
T001477,2025-09-26,11:07:37,CUST_0090,ITEM_003,Oranges,3,10.5
T001478,2025-10-20,09:36:37,CUST_0307,ITEM_001,Tomatoes,1,3.8
T001479,2025-11-04,05:35:37,CUST_0082,ITEM_001,Tomatoes,1,3.8
T001479,2025-11-04,05:35:37,CUST_0082,ITEM_002,Onions,1,2.2
T001479,2025-11-04,05:35:37,CUST_0082,ITEM_003,Pasta,1,3.5
T001479,2025-11-04,05:35:37,CUST_0082,ITEM_004,Chicken,1,8.5
T001479,2025-11-04,05:35:37,CUST_0082,ITEM_005,Potatoes,3,6.0
T001479,2025-11-04,05:35:37,CUST_0082,ITEM_006,Beef,2,24.0
T001480,2025-10-26,08:29:37,CUST_0257,ITEM_001,Bananas,1,2.8
T001480,2025-10-26,08:29:37,CUST_0257,ITEM_002,Eggs,3,9.0
T001481,2025-11-03,07:25:37,CUST_0049,ITEM_001,Eggs,1,3.0
T001481,2025-11-03,07:25:37,CUST_0049,ITEM_002,Pasta,3,10.5
T001481,2025-11-03,07:25:37,CUST_0049,ITEM_003,Milk,2,6.4
T001481,2025-11-03,07:25:37,CUST_0049,ITEM_004,Bread,3,7.5
T001481,2025-11-03,07:25:37,CUST_0049,ITEM_005,Apples,1,4.2
T001482,2025-11-06,00:13:37,CUST_0410,ITEM_001,Eggs,3,9.0
T001483,2025-09-20,06:31:37,CUST_0431,ITEM_001,Bread,2,5.0
T001483,2025-09-20,06:31:37,CUST_0431,ITEM_002,Eggs,1,3.0
T001483,2025-09-20,06:31:37,CUST_0431,ITEM_003,Milk,2,6.4
T001483,2025-09-20,06:31:37,CUST_0431,ITEM_004,Potatoes,2,4.0
T001484,2025-10-27,00:39:37,CUST_0264,ITEM_001,Apples,1,4.2
T001484,2025-10-27,00:39:37,CUST_0264,ITEM_002,Bananas,2,5.6
T001484,2025-10-27,00:39:37,CUST_0264,ITEM_003,Chicken,1,8.5
T001484,2025-10-27,00:39:37,CUST_0264,ITEM_004,Milk,3,9.6
T001484,2025-10-27,00:39:37,CUST_0264,ITEM_005,Onions,2,4.4
T001484,2025-10-27,00:39:37,CUST_0264,ITEM_006,Cheese,1,5.8
T001485,2025-10-26,07:27:37,CUST_0403,ITEM_001,Butter,2,9.0
T001485,2025-10-26,07:27:37,CUST_0403,ITEM_002,Rice,3,12.0
T001485,2025-10-26,07:27:37,CUST_0403,ITEM_003,Chicken,2,17.0
T001485,2025-10-26,07:27:37,CUST_0403,ITEM_004,Onions,1,2.2
T001485,2025-10-26,07:27:37,CUST_0403,ITEM_005,Bananas,2,5.6
T001485,2025-10-26,07:27:37,CUST_0403,ITEM_006,Milk,2,6.4
T001485,2025-10-26,07:27:37,CUST_0403,ITEM_007,Potatoes,2,4.0
T001486,2025-11-11,04:50:37,CUST_0480,ITEM_001,Tomatoes,2,7.6
T001486,2025-11-11,04:50:37,CUST_0480,ITEM_002,Pasta,3,10.5
T001487,2025-10-17,03:45:37,CUST_0064,ITEM_001,Cheese,2,11.6
T001487,2025-10-17,03:45:37,CUST_0064,ITEM_002,Milk,3,9.6
T001487,2025-10-17,03:45:37,CUST_0064,ITEM_003,Pasta,3,10.5
T001487,2025-10-17,03:45:37,CUST_0064,ITEM_004,Butter,2,9.0
T001487,2025-10-17,03:45:37,CUST_0064,ITEM_005,Bananas,2,5.6
T001487,2025-10-17,03:45:37,CUST_0064,ITEM_006,Bread,2,5.0
T001488,2025-10-23,07:02:37,CUST_0100,ITEM_001,Bread,1,2.5
T001489,2025-10-08,02:03:37,CUST_0270,ITEM_001,Onions,1,2.2
T001489,2025-10-08,02:03:37,CUST_0270,ITEM_002,Potatoes,2,4.0
T001489,2025-10-08,02:03:37,CUST_0270,ITEM_003,Beef,3,36.0
T001489,2025-10-08,02:03:37,CUST_0270,ITEM_004,Tomatoes,1,3.8
T001490,2025-10-26,08:03:37,CUST_0420,ITEM_001,Butter,2,9.0
T001490,2025-10-26,08:03:37,CUST_0420,ITEM_002,Bread,3,7.5
T001490,2025-10-26,08:03:37,CUST_0420,ITEM_003,Milk,3,9.6
T001491,2025-11-05,00:28:37,CUST_0172,ITEM_001,Cheese,3,17.4
T001491,2025-11-05,00:28:37,CUST_0172,ITEM_002,Eggs,2,6.0
T001492,2025-11-09,02:44:37,CUST_0028,ITEM_001,Bananas,3,8.4
T001492,2025-11-09,02:44:37,CUST_0028,ITEM_002,Apples,1,4.2
T001493,2025-10-31,05:59:37,CUST_0213,ITEM_001,Beef,2,24.0
T001494,2025-10-27,08:17:37,CUST_0460,ITEM_001,Rice,2,8.0
T001494,2025-10-27,08:17:37,CUST_0460,ITEM_002,Bananas,2,5.6
T001494,2025-10-27,08:17:37,CUST_0460,ITEM_003,Chicken,3,25.5
T001494,2025-10-27,08:17:37,CUST_0460,ITEM_004,Pasta,3,10.5
T001495,2025-10-17,01:33:37,CUST_0184,ITEM_001,Rice,1,4.0
T001495,2025-10-17,01:33:37,CUST_0184,ITEM_002,Chicken,1,8.5
T001495,2025-10-17,01:33:37,CUST_0184,ITEM_003,Tomatoes,3,11.4
T001495,2025-10-17,01:33:37,CUST_0184,ITEM_004,Pasta,3,10.5
T001495,2025-10-17,01:33:37,CUST_0184,ITEM_005,Onions,2,4.4
T001495,2025-10-17,01:33:37,CUST_0184,ITEM_006,Potatoes,1,2.0
T001496,2025-10-27,23:44:37,CUST_0196,ITEM_001,Butter,1,4.5
T001496,2025-10-27,23:44:37,CUST_0196,ITEM_002,Cheese,3,17.4
T001496,2025-10-27,23:44:37,CUST_0196,ITEM_003,Bread,3,7.5
T001497,2025-10-22,22:58:37,CUST_0142,ITEM_001,Bananas,1,2.8
T001497,2025-10-22,22:58:37,CUST_0142,ITEM_002,Beef,2,24.0
T001497,2025-10-22,22:58:37,CUST_0142,ITEM_003,Potatoes,3,6.0
T001497,2025-10-22,22:58:37,CUST_0142,ITEM_004,Pasta,2,7.0
T001497,2025-10-22,22:58:37,CUST_0142,ITEM_005,Onions,3,6.6
T001497,2025-10-22,22:58:37,CUST_0142,ITEM_006,Apples,3,12.6
T001498,2025-10-05,00:40:37,CUST_0033,ITEM_001,Bread,2,5.0
T001498,2025-10-05,00:40:37,CUST_0033,ITEM_002,Butter,3,13.5
T001499,2025-10-28,09:01:37,CUST_0079,ITEM_001,Pasta,3,10.5
T001499,2025-10-28,09:01:37,CUST_0079,ITEM_002,Tomatoes,2,7.6
T001500,2025-09-19,06:45:37,CUST_0331,ITEM_001,Tomatoes,3,11.4
T001500,2025-09-19,06:45:37,CUST_0331,ITEM_002,Chicken,1,8.5
T001501,2025-10-06,00:27:37,CUST_0050,ITEM_001,Potatoes,3,6.0
T001501,2025-10-06,00:27:37,CUST_0050,ITEM_002,Eggs,2,6.0
T001501,2025-10-06,00:27:37,CUST_0050,ITEM_003,Bread,1,2.5
T001502,2025-09-27,01:57:37,CUST_0012,ITEM_001,Rice,2,8.0
T001502,2025-09-27,01:57:37,CUST_0012,ITEM_002,Chicken,3,25.5
T001503,2025-11-09,22:51:37,CUST_0278,ITEM_001,Bananas,2,5.6
T001504,2025-10-07,07:06:37,CUST_0236,ITEM_001,Apples,2,8.4
T001504,2025-10-07,07:06:37,CUST_0236,ITEM_002,Oranges,1,3.5
T001505,2025-09-19,09:40:37,CUST_0482,ITEM_001,Milk,2,6.4
T001505,2025-09-19,09:40:37,CUST_0482,ITEM_002,Tomatoes,3,11.4
T001506,2025-10-05,01:01:37,CUST_0466,ITEM_001,Chicken,3,25.5
T001506,2025-10-05,01:01:37,CUST_0466,ITEM_002,Butter,1,4.5
T001506,2025-10-05,01:01:37,CUST_0466,ITEM_003,Bread,2,5.0
T001506,2025-10-05,01:01:37,CUST_0466,ITEM_004,Milk,2,6.4
T001507,2025-10-11,05:09:37,CUST_0098,ITEM_001,Oranges,1,3.5
T001507,2025-10-11,05:09:37,CUST_0098,ITEM_002,Eggs,2,6.0
T001507,2025-10-11,05:09:37,CUST_0098,ITEM_003,Bread,1,2.5
T001507,2025-10-11,05:09:37,CUST_0098,ITEM_004,Butter,3,13.5
T001507,2025-10-11,05:09:37,CUST_0098,ITEM_005,Milk,3,9.6
T001508,2025-10-18,01:16:37,CUST_0360,ITEM_001,Potatoes,3,6.0
T001508,2025-10-18,01:16:37,CUST_0360,ITEM_002,Onions,1,2.2
T001509,2025-10-07,02:58:37,CUST_0315,ITEM_001,Beef,3,36.0
T001510,2025-10-07,10:58:37,CUST_0053,ITEM_001,Tomatoes,2,7.6
T001511,2025-10-28,00:23:37,CUST_0075,ITEM_001,Onions,1,2.2
T001511,2025-10-28,00:23:37,CUST_0075,ITEM_002,Tomatoes,1,3.8
T001511,2025-10-28,00:23:37,CUST_0075,ITEM_003,Cheese,3,17.4
T001511,2025-10-28,00:23:37,CUST_0075,ITEM_004,Potatoes,1,2.0
T001511,2025-10-28,00:23:37,CUST_0075,ITEM_005,Butter,2,9.0
T001512,2025-11-05,10:16:37,CUST_0486,ITEM_001,Beef,3,36.0
T001512,2025-11-05,10:16:37,CUST_0486,ITEM_002,Potatoes,3,6.0
T001512,2025-11-05,10:16:37,CUST_0486,ITEM_003,Eggs,3,9.0
T001513,2025-10-06,07:06:37,CUST_0402,ITEM_001,Oranges,1,3.5
T001513,2025-10-06,07:06:37,CUST_0402,ITEM_002,Butter,1,4.5
T001513,2025-10-06,07:06:37,CUST_0402,ITEM_003,Cheese,1,5.8
T001513,2025-10-06,07:06:37,CUST_0402,ITEM_004,Bread,2,5.0
T001513,2025-10-06,07:06:37,CUST_0402,ITEM_005,Bananas,3,8.4
T001513,2025-10-06,07:06:37,CUST_0402,ITEM_006,Milk,1,3.2
T001513,2025-10-06,07:06:37,CUST_0402,ITEM_007,Eggs,1,3.0
T001514,2025-10-27,05:52:37,CUST_0101,ITEM_001,Beef,3,36.0
T001514,2025-10-27,05:52:37,CUST_0101,ITEM_002,Potatoes,1,2.0
T001514,2025-10-27,05:52:37,CUST_0101,ITEM_003,Onions,3,6.6
T001514,2025-10-27,05:52:37,CUST_0101,ITEM_004,Tomatoes,2,7.6
T001514,2025-10-27,05:52:37,CUST_0101,ITEM_005,Eggs,3,9.0
T001514,2025-10-27,05:52:37,CUST_0101,ITEM_006,Bread,1,2.5
T001514,2025-10-27,05:52:37,CUST_0101,ITEM_007,Milk,2,6.4
T001515,2025-09-26,08:40:37,CUST_0281,ITEM_001,Oranges,1,3.5
T001515,2025-09-26,08:40:37,CUST_0281,ITEM_002,Tomatoes,1,3.8
T001515,2025-09-26,08:40:37,CUST_0281,ITEM_003,Pasta,1,3.5
T001515,2025-09-26,08:40:37,CUST_0281,ITEM_004,Cheese,1,5.8
T001515,2025-09-26,08:40:37,CUST_0281,ITEM_005,Butter,2,9.0
T001516,2025-10-28,07:16:37,CUST_0204,ITEM_001,Butter,2,9.0
T001516,2025-10-28,07:16:37,CUST_0204,ITEM_002,Cheese,3,17.4
T001516,2025-10-28,07:16:37,CUST_0204,ITEM_003,Eggs,3,9.0
T001516,2025-10-28,07:16:37,CUST_0204,ITEM_004,Milk,3,9.6
T001517,2025-11-04,04:24:37,CUST_0393,ITEM_001,Apples,3,12.6
T001517,2025-11-04,04:24:37,CUST_0393,ITEM_002,Bananas,3,8.4
T001518,2025-10-31,02:02:37,CUST_0177,ITEM_001,Butter,3,13.5
T001518,2025-10-31,02:02:37,CUST_0177,ITEM_002,Bread,3,7.5
T001519,2025-10-26,03:22:37,CUST_0361,ITEM_001,Cheese,3,17.4
T001519,2025-10-26,03:22:37,CUST_0361,ITEM_002,Milk,2,6.4
T001519,2025-10-26,03:22:37,CUST_0361,ITEM_003,Bread,3,7.5
T001520,2025-11-04,09:51:37,CUST_0435,ITEM_001,Butter,2,9.0
T001520,2025-11-04,09:51:37,CUST_0435,ITEM_002,Bananas,2,5.6
T001520,2025-11-04,09:51:37,CUST_0435,ITEM_003,Milk,2,6.4
T001521,2025-11-13,01:37:37,CUST_0335,ITEM_001,Rice,2,8.0
T001521,2025-11-13,01:37:37,CUST_0335,ITEM_002,Butter,3,13.5
T001522,2025-10-15,03:06:37,CUST_0310,ITEM_001,Apples,2,8.4
T001522,2025-10-15,03:06:37,CUST_0310,ITEM_002,Bananas,3,8.4
T001522,2025-10-15,03:06:37,CUST_0310,ITEM_003,Milk,1,3.2
T001522,2025-10-15,03:06:37,CUST_0310,ITEM_004,Eggs,2,6.0
T001522,2025-10-15,03:06:37,CUST_0310,ITEM_005,Bread,3,7.5
T001522,2025-10-15,03:06:37,CUST_0310,ITEM_006,Cheese,1,5.8
T001523,2025-10-06,09:14:37,CUST_0415,ITEM_001,Potatoes,2,4.0
T001523,2025-10-06,09:14:37,CUST_0415,ITEM_002,Onions,3,6.6
T001523,2025-10-06,09:14:37,CUST_0415,ITEM_003,Beef,2,24.0
T001523,2025-10-06,09:14:37,CUST_0415,ITEM_004,Chicken,1,8.5
T001524,2025-11-14,07:05:37,CUST_0156,ITEM_001,Beef,1,12.0
T001524,2025-11-14,07:05:37,CUST_0156,ITEM_002,Potatoes,2,4.0
T001525,2025-10-25,10:03:37,CUST_0082,ITEM_001,Butter,1,4.5
T001525,2025-10-25,10:03:37,CUST_0082,ITEM_002,Beef,3,36.0
T001526,2025-09-27,22:37:37,CUST_0472,ITEM_001,Oranges,3,10.5
T001526,2025-09-27,22:37:37,CUST_0472,ITEM_002,Rice,3,12.0
T001527,2025-10-28,07:05:37,CUST_0113,ITEM_001,Apples,2,8.4
T001528,2025-10-23,07:37:37,CUST_0420,ITEM_001,Chicken,2,17.0
T001529,2025-11-08,07:21:37,CUST_0056,ITEM_001,Cheese,2,11.6
T001529,2025-11-08,07:21:37,CUST_0056,ITEM_002,Milk,3,9.6
T001529,2025-11-08,07:21:37,CUST_0056,ITEM_003,Eggs,1,3.0
T001529,2025-11-08,07:21:37,CUST_0056,ITEM_004,Chicken,3,25.5
T001529,2025-11-08,07:21:37,CUST_0056,ITEM_005,Apples,2,8.4
T001530,2025-11-04,07:28:37,CUST_0158,ITEM_001,Pasta,3,10.5
T001530,2025-11-04,07:28:37,CUST_0158,ITEM_002,Tomatoes,2,7.6
T001531,2025-10-08,03:05:37,CUST_0156,ITEM_001,Chicken,3,25.5
T001531,2025-10-08,03:05:37,CUST_0156,ITEM_002,Rice,1,4.0
T001531,2025-10-08,03:05:37,CUST_0156,ITEM_003,Cheese,2,11.6
T001531,2025-10-08,03:05:37,CUST_0156,ITEM_004,Milk,2,6.4
T001531,2025-10-08,03:05:37,CUST_0156,ITEM_005,Eggs,2,6.0
T001532,2025-09-18,04:54:37,CUST_0369,ITEM_001,Cheese,2,11.6
T001533,2025-11-12,23:01:37,CUST_0438,ITEM_001,Bananas,3,8.4
T001533,2025-11-12,23:01:37,CUST_0438,ITEM_002,Milk,3,9.6
T001534,2025-09-28,05:10:37,CUST_0370,ITEM_001,Onions,3,6.6
T001535,2025-09-28,09:08:37,CUST_0353,ITEM_001,Milk,1,3.2
T001535,2025-09-28,09:08:37,CUST_0353,ITEM_002,Bread,1,2.5
T001535,2025-09-28,09:08:37,CUST_0353,ITEM_003,Eggs,2,6.0
T001535,2025-09-28,09:08:37,CUST_0353,ITEM_004,Beef,1,12.0
T001535,2025-09-28,09:08:37,CUST_0353,ITEM_005,Potatoes,2,4.0
T001536,2025-10-29,10:13:37,CUST_0049,ITEM_001,Eggs,1,3.0
T001536,2025-10-29,10:13:37,CUST_0049,ITEM_002,Milk,1,3.2
T001537,2025-10-24,11:03:37,CUST_0076,ITEM_001,Tomatoes,1,3.8
T001537,2025-10-24,11:03:37,CUST_0076,ITEM_002,Butter,2,9.0
T001537,2025-10-24,11:03:37,CUST_0076,ITEM_003,Potatoes,2,4.0
T001537,2025-10-24,11:03:37,CUST_0076,ITEM_004,Pasta,1,3.5
T001537,2025-10-24,11:03:37,CUST_0076,ITEM_005,Onions,1,2.2
T001538,2025-10-05,06:02:37,CUST_0101,ITEM_001,Apples,3,12.6
T001538,2025-10-05,06:02:37,CUST_0101,ITEM_002,Pasta,1,3.5
T001538,2025-10-05,06:02:37,CUST_0101,ITEM_003,Tomatoes,1,3.8
T001539,2025-10-19,11:15:37,CUST_0010,ITEM_001,Bread,3,7.5
T001539,2025-10-19,11:15:37,CUST_0010,ITEM_002,Eggs,1,3.0
T001539,2025-10-19,11:15:37,CUST_0010,ITEM_003,Milk,1,3.2
T001539,2025-10-19,11:15:37,CUST_0010,ITEM_004,Butter,1,4.5
T001539,2025-10-19,11:15:37,CUST_0010,ITEM_005,Bananas,1,2.8
T001539,2025-10-19,11:15:37,CUST_0010,ITEM_006,Apples,1,4.2
T001539,2025-10-19,11:15:37,CUST_0010,ITEM_007,Onions,2,4.4
T001540,2025-10-14,03:04:37,CUST_0127,ITEM_001,Oranges,1,3.5
T001541,2025-09-21,09:13:37,CUST_0379,ITEM_001,Eggs,3,9.0
T001541,2025-09-21,09:13:37,CUST_0379,ITEM_002,Oranges,2,7.0
T001542,2025-10-08,23:57:37,CUST_0066,ITEM_001,Apples,1,4.2
T001543,2025-09-22,09:19:37,CUST_0331,ITEM_001,Butter,2,9.0
T001543,2025-09-22,09:19:37,CUST_0331,ITEM_002,Bread,1,2.5
T001543,2025-09-22,09:19:37,CUST_0331,ITEM_003,Cheese,2,11.6
T001544,2025-10-18,06:18:37,CUST_0151,ITEM_001,Eggs,3,9.0
T001544,2025-10-18,06:18:37,CUST_0151,ITEM_002,Onions,1,2.2
T001544,2025-10-18,06:18:37,CUST_0151,ITEM_003,Apples,2,8.4
T001545,2025-10-29,03:48:37,CUST_0313,ITEM_001,Butter,3,13.5
T001545,2025-10-29,03:48:37,CUST_0313,ITEM_002,Bread,1,2.5
T001546,2025-09-22,03:55:37,CUST_0298,ITEM_001,Rice,3,12.0
T001547,2025-10-07,00:41:37,CUST_0106,ITEM_001,Onions,1,2.2
T001547,2025-10-07,00:41:37,CUST_0106,ITEM_002,Cheese,3,17.4
T001548,2025-11-12,00:03:37,CUST_0018,ITEM_001,Oranges,3,10.5
T001548,2025-11-12,00:03:37,CUST_0018,ITEM_002,Rice,2,8.0
T001548,2025-11-12,00:03:37,CUST_0018,ITEM_003,Chicken,1,8.5
T001548,2025-11-12,00:03:37,CUST_0018,ITEM_004,Tomatoes,1,3.8
T001549,2025-09-30,08:20:37,CUST_0225,ITEM_001,Bananas,2,5.6
T001550,2025-09-24,02:36:37,CUST_0227,ITEM_001,Cheese,1,5.8
T001551,2025-10-07,07:16:37,CUST_0045,ITEM_001,Eggs,1,3.0
T001551,2025-10-07,07:16:37,CUST_0045,ITEM_002,Oranges,3,10.5
T001551,2025-10-07,07:16:37,CUST_0045,ITEM_003,Bread,1,2.5
T001551,2025-10-07,07:16:37,CUST_0045,ITEM_004,Beef,2,24.0
T001551,2025-10-07,07:16:37,CUST_0045,ITEM_005,Chicken,3,25.5
T001551,2025-10-07,07:16:37,CUST_0045,ITEM_006,Rice,2,8.0
T001552,2025-10-22,01:58:37,CUST_0074,ITEM_001,Beef,1,12.0
T001552,2025-10-22,01:58:37,CUST_0074,ITEM_002,Potatoes,1,2.0
T001552,2025-10-22,01:58:37,CUST_0074,ITEM_003,Onions,1,2.2
T001552,2025-10-22,01:58:37,CUST_0074,ITEM_004,Rice,1,4.0
T001552,2025-10-22,01:58:37,CUST_0074,ITEM_005,Chicken,1,8.5
T001552,2025-10-22,01:58:37,CUST_0074,ITEM_006,Bread,1,2.5
T001553,2025-11-01,00:25:37,CUST_0173,ITEM_001,Potatoes,2,4.0
T001553,2025-11-01,00:25:37,CUST_0173,ITEM_002,Onions,2,4.4
T001553,2025-11-01,00:25:37,CUST_0173,ITEM_003,Eggs,3,9.0
T001553,2025-11-01,00:25:37,CUST_0173,ITEM_004,Bread,3,7.5
T001553,2025-11-01,00:25:37,CUST_0173,ITEM_005,Tomatoes,3,11.4
T001554,2025-09-18,00:26:37,CUST_0471,ITEM_001,Rice,1,4.0
T001554,2025-09-18,00:26:37,CUST_0471,ITEM_002,Chicken,3,25.5
T001555,2025-10-05,01:31:37,CUST_0497,ITEM_001,Potatoes,1,2.0
T001555,2025-10-05,01:31:37,CUST_0497,ITEM_002,Butter,2,9.0
T001555,2025-10-05,01:31:37,CUST_0497,ITEM_003,Beef,1,12.0
T001555,2025-10-05,01:31:37,CUST_0497,ITEM_004,Eggs,3,9.0
T001555,2025-10-05,01:31:37,CUST_0497,ITEM_005,Milk,3,9.6
T001556,2025-09-25,09:13:37,CUST_0156,ITEM_001,Rice,3,12.0
T001557,2025-09-20,10:10:37,CUST_0350,ITEM_001,Cheese,1,5.8
T001557,2025-09-20,10:10:37,CUST_0350,ITEM_002,Butter,3,13.5
T001557,2025-09-20,10:10:37,CUST_0350,ITEM_003,Milk,3,9.6
T001557,2025-09-20,10:10:37,CUST_0350,ITEM_004,Eggs,2,6.0
T001558,2025-09-27,06:16:37,CUST_0042,ITEM_001,Apples,3,12.6
T001559,2025-09-16,08:56:37,CUST_0223,ITEM_001,Tomatoes,2,7.6
T001560,2025-09-29,09:09:37,CUST_0335,ITEM_001,Cheese,2,11.6
T001560,2025-09-29,09:09:37,CUST_0335,ITEM_002,Chicken,1,8.5
T001561,2025-11-13,10:55:37,CUST_0445,ITEM_001,Cheese,3,17.4
T001561,2025-11-13,10:55:37,CUST_0445,ITEM_002,Milk,1,3.2
T001561,2025-11-13,10:55:37,CUST_0445,ITEM_003,Potatoes,3,6.0
T001561,2025-11-13,10:55:37,CUST_0445,ITEM_004,Bread,2,5.0
T001561,2025-11-13,10:55:37,CUST_0445,ITEM_005,Eggs,2,6.0
T001562,2025-09-20,09:17:37,CUST_0025,ITEM_001,Bread,3,7.5
T001562,2025-09-20,09:17:37,CUST_0025,ITEM_002,Eggs,2,6.0
T001562,2025-09-20,09:17:37,CUST_0025,ITEM_003,Tomatoes,3,11.4
T001562,2025-09-20,09:17:37,CUST_0025,ITEM_004,Milk,3,9.6
T001562,2025-09-20,09:17:37,CUST_0025,ITEM_005,Butter,2,9.0
T001563,2025-11-04,08:37:37,CUST_0416,ITEM_001,Rice,2,8.0
T001563,2025-11-04,08:37:37,CUST_0416,ITEM_002,Tomatoes,2,7.6
T001563,2025-11-04,08:37:37,CUST_0416,ITEM_003,Chicken,1,8.5
T001564,2025-10-16,08:48:37,CUST_0390,ITEM_001,Eggs,2,6.0
T001564,2025-10-16,08:48:37,CUST_0390,ITEM_002,Milk,2,6.4
T001565,2025-10-29,07:28:37,CUST_0106,ITEM_001,Pasta,1,3.5
T001565,2025-10-29,07:28:37,CUST_0106,ITEM_002,Tomatoes,2,7.6
T001566,2025-09-25,10:09:37,CUST_0041,ITEM_001,Potatoes,2,4.0
T001566,2025-09-25,10:09:37,CUST_0041,ITEM_002,Butter,1,4.5
T001566,2025-09-25,10:09:37,CUST_0041,ITEM_003,Bread,1,2.5
T001566,2025-09-25,10:09:37,CUST_0041,ITEM_004,Cheese,3,17.4
T001567,2025-09-25,00:02:37,CUST_0157,ITEM_001,Onions,2,4.4
T001568,2025-10-03,06:37:37,CUST_0081,ITEM_001,Eggs,2,6.0
T001569,2025-10-02,09:14:37,CUST_0369,ITEM_001,Pasta,2,7.0
T001569,2025-10-02,09:14:37,CUST_0369,ITEM_002,Tomatoes,1,3.8
T001569,2025-10-02,09:14:37,CUST_0369,ITEM_003,Onions,2,4.4
T001569,2025-10-02,09:14:37,CUST_0369,ITEM_004,Rice,3,12.0
T001570,2025-10-10,04:03:37,CUST_0161,ITEM_001,Bananas,3,8.4
T001570,2025-10-10,04:03:37,CUST_0161,ITEM_002,Apples,1,4.2
T001571,2025-10-29,09:53:37,CUST_0382,ITEM_001,Potatoes,3,6.0
T001572,2025-10-01,11:01:37,CUST_0229,ITEM_001,Apples,2,8.4
T001572,2025-10-01,11:01:37,CUST_0229,ITEM_002,Bananas,2,5.6
T001572,2025-10-01,11:01:37,CUST_0229,ITEM_003,Bread,2,5.0
T001572,2025-10-01,11:01:37,CUST_0229,ITEM_004,Milk,3,9.6
T001572,2025-10-01,11:01:37,CUST_0229,ITEM_005,Cheese,3,17.4
T001573,2025-10-24,08:27:37,CUST_0280,ITEM_001,Potatoes,1,2.0
T001573,2025-10-24,08:27:37,CUST_0280,ITEM_002,Onions,1,2.2
T001574,2025-10-20,07:48:37,CUST_0302,ITEM_001,Apples,1,4.2
T001574,2025-10-20,07:48:37,CUST_0302,ITEM_002,Bananas,2,5.6
T001575,2025-10-29,06:43:37,CUST_0173,ITEM_001,Bananas,2,5.6
T001575,2025-10-29,06:43:37,CUST_0173,ITEM_002,Apples,1,4.2
T001575,2025-10-29,06:43:37,CUST_0173,ITEM_003,Milk,1,3.2
T001575,2025-10-29,06:43:37,CUST_0173,ITEM_004,Cheese,3,17.4
T001576,2025-10-10,08:43:37,CUST_0138,ITEM_001,Eggs,1,3.0
T001576,2025-10-10,08:43:37,CUST_0138,ITEM_002,Rice,2,8.0
T001576,2025-10-10,08:43:37,CUST_0138,ITEM_003,Bread,3,7.5
T001577,2025-10-06,00:29:37,CUST_0002,ITEM_001,Apples,3,12.6
T001577,2025-10-06,00:29:37,CUST_0002,ITEM_002,Bananas,1,2.8
T001577,2025-10-06,00:29:37,CUST_0002,ITEM_003,Milk,1,3.2
T001578,2025-11-04,04:10:37,CUST_0287,ITEM_001,Pasta,2,7.0
T001578,2025-11-04,04:10:37,CUST_0287,ITEM_002,Tomatoes,2,7.6
T001578,2025-11-04,04:10:37,CUST_0287,ITEM_003,Cheese,1,5.8
T001578,2025-11-04,04:10:37,CUST_0287,ITEM_004,Butter,2,9.0
T001578,2025-11-04,04:10:37,CUST_0287,ITEM_005,Onions,1,2.2
T001579,2025-09-18,07:18:37,CUST_0423,ITEM_001,Rice,2,8.0
T001580,2025-10-19,01:42:37,CUST_0176,ITEM_001,Chicken,2,17.0
T001580,2025-10-19,01:42:37,CUST_0176,ITEM_002,Rice,3,12.0
T001580,2025-10-19,01:42:37,CUST_0176,ITEM_003,Tomatoes,1,3.8
T001580,2025-10-19,01:42:37,CUST_0176,ITEM_004,Onions,3,6.6
T001581,2025-10-05,02:05:37,CUST_0311,ITEM_001,Chicken,1,8.5
T001582,2025-10-06,02:36:37,CUST_0217,ITEM_001,Cheese,3,17.4
T001582,2025-10-06,02:36:37,CUST_0217,ITEM_002,Potatoes,3,6.0
T001583,2025-10-01,01:51:37,CUST_0155,ITEM_001,Pasta,2,7.0
T001583,2025-10-01,01:51:37,CUST_0155,ITEM_002,Butter,1,4.5
T001584,2025-10-04,09:30:37,CUST_0384,ITEM_001,Eggs,2,6.0
T001584,2025-10-04,09:30:37,CUST_0384,ITEM_002,Bread,2,5.0
T001585,2025-10-07,22:55:37,CUST_0272,ITEM_001,Butter,1,4.5
T001585,2025-10-07,22:55:37,CUST_0272,ITEM_002,Bread,3,7.5
T001586,2025-11-08,23:32:37,CUST_0245,ITEM_001,Bread,1,2.5
T001587,2025-11-06,06:37:37,CUST_0001,ITEM_001,Oranges,3,10.5
T001588,2025-10-08,00:27:37,CUST_0428,ITEM_001,Onions,1,2.2
T001588,2025-10-08,00:27:37,CUST_0428,ITEM_002,Bananas,1,2.8
T001588,2025-10-08,00:27:37,CUST_0428,ITEM_003,Potatoes,1,2.0
T001588,2025-10-08,00:27:37,CUST_0428,ITEM_004,Milk,1,3.2
T001589,2025-09-30,01:21:37,CUST_0259,ITEM_001,Tomatoes,2,7.6
T001589,2025-09-30,01:21:37,CUST_0259,ITEM_002,Chicken,2,17.0
T001589,2025-09-30,01:21:37,CUST_0259,ITEM_003,Potatoes,3,6.0
T001589,2025-09-30,01:21:37,CUST_0259,ITEM_004,Rice,1,4.0
T001589,2025-09-30,01:21:37,CUST_0259,ITEM_005,Beef,3,36.0
T001589,2025-09-30,01:21:37,CUST_0259,ITEM_006,Bread,2,5.0
T001589,2025-09-30,01:21:37,CUST_0259,ITEM_007,Eggs,3,9.0
T001590,2025-11-14,01:41:37,CUST_0298,ITEM_001,Cheese,2,11.6
T001590,2025-11-14,01:41:37,CUST_0298,ITEM_002,Oranges,1,3.5
T001590,2025-11-14,01:41:37,CUST_0298,ITEM_003,Potatoes,3,6.0
T001590,2025-11-14,01:41:37,CUST_0298,ITEM_004,Milk,1,3.2
T001590,2025-11-14,01:41:37,CUST_0298,ITEM_005,Eggs,2,6.0
T001591,2025-10-21,04:45:37,CUST_0416,ITEM_001,Rice,3,12.0
T001592,2025-10-22,02:06:37,CUST_0021,ITEM_001,Apples,1,4.2
T001592,2025-10-22,02:06:37,CUST_0021,ITEM_002,Butter,3,13.5
T001592,2025-10-22,02:06:37,CUST_0021,ITEM_003,Cheese,3,17.4
T001593,2025-09-20,00:11:37,CUST_0195,ITEM_001,Bread,1,2.5
T001594,2025-10-10,02:09:37,CUST_0315,ITEM_001,Chicken,2,17.0
T001594,2025-10-10,02:09:37,CUST_0315,ITEM_002,Tomatoes,3,11.4
T001594,2025-10-10,02:09:37,CUST_0315,ITEM_003,Oranges,1,3.5
T001595,2025-10-01,22:49:37,CUST_0456,ITEM_001,Cheese,2,11.6
T001596,2025-10-02,23:16:37,CUST_0133,ITEM_001,Bananas,2,5.6
T001597,2025-11-10,00:47:37,CUST_0213,ITEM_001,Bananas,2,5.6
T001597,2025-11-10,00:47:37,CUST_0213,ITEM_002,Apples,1,4.2
T001597,2025-11-10,00:47:37,CUST_0213,ITEM_003,Pasta,2,7.0
T001597,2025-11-10,00:47:37,CUST_0213,ITEM_004,Milk,1,3.2
T001597,2025-11-10,00:47:37,CUST_0213,ITEM_005,Bread,3,7.5
T001597,2025-11-10,00:47:37,CUST_0213,ITEM_006,Tomatoes,3,11.4
T001598,2025-10-16,06:38:37,CUST_0126,ITEM_001,Beef,3,36.0
T001598,2025-10-16,06:38:37,CUST_0126,ITEM_002,Onions,1,2.2
T001598,2025-10-16,06:38:37,CUST_0126,ITEM_003,Potatoes,3,6.0
T001598,2025-10-16,06:38:37,CUST_0126,ITEM_004,Tomatoes,2,7.6
T001598,2025-10-16,06:38:37,CUST_0126,ITEM_005,Chicken,1,8.5
T001599,2025-10-17,10:32:37,CUST_0272,ITEM_001,Oranges,1,3.5
T001599,2025-10-17,10:32:37,CUST_0272,ITEM_002,Tomatoes,2,7.6
T001599,2025-10-17,10:32:37,CUST_0272,ITEM_003,Eggs,2,6.0
T001600,2025-09-28,22:51:37,CUST_0032,ITEM_001,Oranges,2,7.0
T001600,2025-09-28,22:51:37,CUST_0032,ITEM_002,Potatoes,2,4.0
T001601,2025-11-07,11:09:37,CUST_0357,ITEM_001,Potatoes,3,6.0
T001601,2025-11-07,11:09:37,CUST_0357,ITEM_002,Bananas,1,2.8
T001602,2025-10-01,01:59:37,CUST_0251,ITEM_001,Bread,2,5.0
T001602,2025-10-01,01:59:37,CUST_0251,ITEM_002,Milk,3,9.6
T001602,2025-10-01,01:59:37,CUST_0251,ITEM_003,Onions,2,4.4
T001602,2025-10-01,01:59:37,CUST_0251,ITEM_004,Butter,1,4.5
T001602,2025-10-01,01:59:37,CUST_0251,ITEM_005,Eggs,3,9.0
T001602,2025-10-01,01:59:37,CUST_0251,ITEM_006,Cheese,1,5.8
T001602,2025-10-01,01:59:37,CUST_0251,ITEM_007,Chicken,3,25.5
T001603,2025-10-17,06:50:37,CUST_0199,ITEM_001,Bread,3,7.5
T001603,2025-10-17,06:50:37,CUST_0199,ITEM_002,Pasta,2,7.0
T001603,2025-10-17,06:50:37,CUST_0199,ITEM_003,Eggs,1,3.0
T001604,2025-10-14,00:31:37,CUST_0224,ITEM_001,Beef,2,24.0
T001604,2025-10-14,00:31:37,CUST_0224,ITEM_002,Onions,2,4.4
T001604,2025-10-14,00:31:37,CUST_0224,ITEM_003,Tomatoes,1,3.8
T001604,2025-10-14,00:31:37,CUST_0224,ITEM_004,Rice,2,8.0
T001604,2025-10-14,00:31:37,CUST_0224,ITEM_005,Potatoes,1,2.0
T001604,2025-10-14,00:31:37,CUST_0224,ITEM_006,Milk,1,3.2
T001605,2025-10-07,23:16:37,CUST_0238,ITEM_001,Beef,2,24.0
T001605,2025-10-07,23:16:37,CUST_0238,ITEM_002,Potatoes,1,2.0
T001605,2025-10-07,23:16:37,CUST_0238,ITEM_003,Onions,1,2.2
T001605,2025-10-07,23:16:37,CUST_0238,ITEM_004,Tomatoes,2,7.6
T001605,2025-10-07,23:16:37,CUST_0238,ITEM_005,Pasta,2,7.0
T001605,2025-10-07,23:16:37,CUST_0238,ITEM_006,Chicken,3,25.5
T001605,2025-10-07,23:16:37,CUST_0238,ITEM_007,Rice,1,4.0
T001605,2025-10-07,23:16:37,CUST_0238,ITEM_008,Oranges,2,7.0
T001606,2025-10-07,02:18:37,CUST_0408,ITEM_001,Bananas,3,8.4
T001606,2025-10-07,02:18:37,CUST_0408,ITEM_002,Apples,3,12.6
T001607,2025-11-08,04:27:37,CUST_0062,ITEM_001,Beef,2,24.0
T001607,2025-11-08,04:27:37,CUST_0062,ITEM_002,Potatoes,3,6.0
T001607,2025-11-08,04:27:37,CUST_0062,ITEM_003,Onions,3,6.6
T001607,2025-11-08,04:27:37,CUST_0062,ITEM_004,Tomatoes,1,3.8
T001607,2025-11-08,04:27:37,CUST_0062,ITEM_005,Chicken,3,25.5
T001608,2025-10-10,06:48:37,CUST_0336,ITEM_001,Onions,2,4.4
T001608,2025-10-10,06:48:37,CUST_0336,ITEM_002,Cheese,2,11.6
T001609,2025-11-10,09:30:37,CUST_0491,ITEM_001,Oranges,3,10.5
T001609,2025-11-10,09:30:37,CUST_0491,ITEM_002,Apples,1,4.2
T001610,2025-10-07,07:14:37,CUST_0329,ITEM_001,Onions,3,6.6
T001610,2025-10-07,07:14:37,CUST_0329,ITEM_002,Potatoes,2,4.0
T001610,2025-10-07,07:14:37,CUST_0329,ITEM_003,Beef,1,12.0
T001610,2025-10-07,07:14:37,CUST_0329,ITEM_004,Tomatoes,1,3.8
T001610,2025-10-07,07:14:37,CUST_0329,ITEM_005,Chicken,1,8.5
T001610,2025-10-07,07:14:37,CUST_0329,ITEM_006,Rice,2,8.0
T001611,2025-11-07,04:04:37,CUST_0153,ITEM_001,Eggs,2,6.0
T001611,2025-11-07,04:04:37,CUST_0153,ITEM_002,Bread,1,2.5
T001611,2025-11-07,04:04:37,CUST_0153,ITEM_003,Chicken,3,25.5
T001611,2025-11-07,04:04:37,CUST_0153,ITEM_004,Rice,2,8.0
T001611,2025-11-07,04:04:37,CUST_0153,ITEM_005,Milk,3,9.6
T001612,2025-09-28,08:21:37,CUST_0466,ITEM_001,Onions,3,6.6
T001612,2025-09-28,08:21:37,CUST_0466,ITEM_002,Chicken,2,17.0
T001612,2025-09-28,08:21:37,CUST_0466,ITEM_003,Rice,1,4.0
T001612,2025-09-28,08:21:37,CUST_0466,ITEM_004,Beef,2,24.0
T001612,2025-09-28,08:21:37,CUST_0466,ITEM_005,Potatoes,3,6.0
T001612,2025-09-28,08:21:37,CUST_0466,ITEM_006,Tomatoes,3,11.4
T001612,2025-09-28,08:21:37,CUST_0466,ITEM_007,Pasta,3,10.5
T001613,2025-10-03,11:04:37,CUST_0428,ITEM_001,Apples,1,4.2
T001613,2025-10-03,11:04:37,CUST_0428,ITEM_002,Bananas,3,8.4
T001613,2025-10-03,11:04:37,CUST_0428,ITEM_003,Tomatoes,1,3.8
T001613,2025-10-03,11:04:37,CUST_0428,ITEM_004,Milk,1,3.2
T001613,2025-10-03,11:04:37,CUST_0428,ITEM_005,Eggs,1,3.0
T001613,2025-10-03,11:04:37,CUST_0428,ITEM_006,Bread,2,5.0
T001614,2025-10-20,05:09:37,CUST_0420,ITEM_001,Milk,2,6.4
T001614,2025-10-20,05:09:37,CUST_0420,ITEM_002,Oranges,1,3.5
T001615,2025-10-29,11:00:37,CUST_0395,ITEM_001,Eggs,2,6.0
T001615,2025-10-29,11:00:37,CUST_0395,ITEM_002,Milk,3,9.6
T001615,2025-10-29,11:00:37,CUST_0395,ITEM_003,Chicken,3,25.5
T001615,2025-10-29,11:00:37,CUST_0395,ITEM_004,Rice,2,8.0
T001615,2025-10-29,11:00:37,CUST_0395,ITEM_005,Onions,3,6.6
T001615,2025-10-29,11:00:37,CUST_0395,ITEM_006,Tomatoes,2,7.6
T001615,2025-10-29,11:00:37,CUST_0395,ITEM_007,Apples,2,8.4
T001616,2025-10-05,02:54:37,CUST_0362,ITEM_001,Potatoes,1,2.0
T001617,2025-10-29,03:22:37,CUST_0198,ITEM_001,Apples,3,12.6
T001617,2025-10-29,03:22:37,CUST_0198,ITEM_002,Onions,1,2.2
T001617,2025-10-29,03:22:37,CUST_0198,ITEM_003,Potatoes,1,2.0
T001617,2025-10-29,03:22:37,CUST_0198,ITEM_004,Bananas,1,2.8
T001617,2025-10-29,03:22:37,CUST_0198,ITEM_005,Tomatoes,1,3.8
T001618,2025-10-25,00:14:37,CUST_0010,ITEM_001,Rice,3,12.0
T001618,2025-10-25,00:14:37,CUST_0010,ITEM_002,Cheese,2,11.6
T001618,2025-10-25,00:14:37,CUST_0010,ITEM_003,Chicken,3,25.5
T001618,2025-10-25,00:14:37,CUST_0010,ITEM_004,Tomatoes,2,7.6
T001618,2025-10-25,00:14:37,CUST_0010,ITEM_005,Eggs,2,6.0
T001618,2025-10-25,00:14:37,CUST_0010,ITEM_006,Pasta,3,10.5
T001619,2025-10-22,06:24:37,CUST_0277,ITEM_001,Onions,2,4.4
T001619,2025-10-22,06:24:37,CUST_0277,ITEM_002,Potatoes,2,4.0
T001619,2025-10-22,06:24:37,CUST_0277,ITEM_003,Tomatoes,1,3.8
T001619,2025-10-22,06:24:37,CUST_0277,ITEM_004,Milk,1,3.2
T001619,2025-10-22,06:24:37,CUST_0277,ITEM_005,Bread,2,5.0
T001620,2025-09-19,10:05:37,CUST_0096,ITEM_001,Pasta,2,7.0
T001620,2025-09-19,10:05:37,CUST_0096,ITEM_002,Tomatoes,1,3.8
T001620,2025-09-19,10:05:37,CUST_0096,ITEM_003,Beef,1,12.0
T001621,2025-11-01,01:54:37,CUST_0307,ITEM_001,Potatoes,3,6.0
T001621,2025-11-01,01:54:37,CUST_0307,ITEM_002,Onions,1,2.2
T001621,2025-11-01,01:54:37,CUST_0307,ITEM_003,Tomatoes,1,3.8
T001621,2025-11-01,01:54:37,CUST_0307,ITEM_004,Beef,2,24.0
T001622,2025-09-19,04:05:37,CUST_0156,ITEM_001,Pasta,3,10.5
T001622,2025-09-19,04:05:37,CUST_0156,ITEM_002,Bread,1,2.5
T001622,2025-09-19,04:05:37,CUST_0156,ITEM_003,Potatoes,2,4.0
T001622,2025-09-19,04:05:37,CUST_0156,ITEM_004,Beef,2,24.0
T001622,2025-09-19,04:05:37,CUST_0156,ITEM_005,Eggs,2,6.0
T001623,2025-10-08,00:50:37,CUST_0319,ITEM_001,Bananas,1,2.8
T001623,2025-10-08,00:50:37,CUST_0319,ITEM_002,Eggs,3,9.0
T001623,2025-10-08,00:50:37,CUST_0319,ITEM_003,Pasta,3,10.5
T001624,2025-10-15,05:29:37,CUST_0260,ITEM_001,Rice,2,8.0
T001624,2025-10-15,05:29:37,CUST_0260,ITEM_002,Milk,3,9.6
T001624,2025-10-15,05:29:37,CUST_0260,ITEM_003,Apples,2,8.4
T001624,2025-10-15,05:29:37,CUST_0260,ITEM_004,Cheese,1,5.8
T001625,2025-09-24,03:14:37,CUST_0098,ITEM_001,Milk,1,3.2
T001625,2025-09-24,03:14:37,CUST_0098,ITEM_002,Bananas,1,2.8
T001625,2025-09-24,03:14:37,CUST_0098,ITEM_003,Cheese,1,5.8
T001626,2025-09-17,07:38:37,CUST_0178,ITEM_001,Eggs,1,3.0
T001626,2025-09-17,07:38:37,CUST_0178,ITEM_002,Cheese,2,11.6
T001626,2025-09-17,07:38:37,CUST_0178,ITEM_003,Milk,1,3.2
T001626,2025-09-17,07:38:37,CUST_0178,ITEM_004,Butter,1,4.5
T001627,2025-10-06,23:03:37,CUST_0203,ITEM_001,Beef,3,36.0
T001627,2025-10-06,23:03:37,CUST_0203,ITEM_002,Apples,1,4.2
T001627,2025-10-06,23:03:37,CUST_0203,ITEM_003,Potatoes,2,4.0
T001628,2025-09-30,03:41:37,CUST_0141,ITEM_001,Milk,2,6.4
T001628,2025-09-30,03:41:37,CUST_0141,ITEM_002,Eggs,3,9.0
T001628,2025-09-30,03:41:37,CUST_0141,ITEM_003,Oranges,3,10.5
T001628,2025-09-30,03:41:37,CUST_0141,ITEM_004,Cheese,3,17.4
T001628,2025-09-30,03:41:37,CUST_0141,ITEM_005,Onions,3,6.6
T001628,2025-09-30,03:41:37,CUST_0141,ITEM_006,Butter,2,9.0
T001629,2025-10-21,07:49:37,CUST_0043,ITEM_001,Oranges,1,3.5
T001630,2025-10-08,02:37:37,CUST_0291,ITEM_001,Pasta,1,3.5
T001630,2025-10-08,02:37:37,CUST_0291,ITEM_002,Tomatoes,1,3.8
T001631,2025-10-03,05:45:37,CUST_0242,ITEM_001,Milk,1,3.2
T001631,2025-10-03,05:45:37,CUST_0242,ITEM_002,Bananas,1,2.8
T001631,2025-10-03,05:45:37,CUST_0242,ITEM_003,Apples,3,12.6
T001632,2025-11-12,06:13:37,CUST_0441,ITEM_001,Bread,2,5.0
T001632,2025-11-12,06:13:37,CUST_0441,ITEM_002,Eggs,3,9.0
T001632,2025-11-12,06:13:37,CUST_0441,ITEM_003,Milk,3,9.6
T001632,2025-11-12,06:13:37,CUST_0441,ITEM_004,Beef,1,12.0
T001632,2025-11-12,06:13:37,CUST_0441,ITEM_005,Cheese,1,5.8
T001633,2025-09-18,09:41:37,CUST_0053,ITEM_001,Butter,2,9.0
T001633,2025-09-18,09:41:37,CUST_0053,ITEM_002,Cheese,2,11.6
T001633,2025-09-18,09:41:37,CUST_0053,ITEM_003,Milk,1,3.2
T001633,2025-09-18,09:41:37,CUST_0053,ITEM_004,Bananas,2,5.6
T001633,2025-09-18,09:41:37,CUST_0053,ITEM_005,Eggs,1,3.0
T001633,2025-09-18,09:41:37,CUST_0053,ITEM_006,Bread,2,5.0
T001633,2025-09-18,09:41:37,CUST_0053,ITEM_007,Apples,1,4.2
T001634,2025-09-20,11:29:37,CUST_0017,ITEM_001,Beef,1,12.0
T001634,2025-09-20,11:29:37,CUST_0017,ITEM_002,Potatoes,1,2.0
T001634,2025-09-20,11:29:37,CUST_0017,ITEM_003,Onions,3,6.6
T001634,2025-09-20,11:29:37,CUST_0017,ITEM_004,Bananas,3,8.4
T001635,2025-09-17,23:04:37,CUST_0330,ITEM_001,Butter,2,9.0
T001636,2025-10-03,08:12:37,CUST_0430,ITEM_001,Beef,2,24.0
T001636,2025-10-03,08:12:37,CUST_0430,ITEM_002,Eggs,2,6.0
T001636,2025-10-03,08:12:37,CUST_0430,ITEM_003,Bread,3,7.5
T001637,2025-10-10,01:12:37,CUST_0355,ITEM_001,Beef,2,24.0
T001637,2025-10-10,01:12:37,CUST_0355,ITEM_002,Pasta,2,7.0
T001637,2025-10-10,01:12:37,CUST_0355,ITEM_003,Potatoes,1,2.0
T001637,2025-10-10,01:12:37,CUST_0355,ITEM_004,Apples,1,4.2
T001638,2025-09-30,09:52:37,CUST_0160,ITEM_001,Onions,3,6.6
T001638,2025-09-30,09:52:37,CUST_0160,ITEM_002,Potatoes,2,4.0
T001638,2025-09-30,09:52:37,CUST_0160,ITEM_003,Tomatoes,2,7.6
T001638,2025-09-30,09:52:37,CUST_0160,ITEM_004,Pasta,1,3.5
T001638,2025-09-30,09:52:37,CUST_0160,ITEM_005,Cheese,3,17.4
T001638,2025-09-30,09:52:37,CUST_0160,ITEM_006,Beef,2,24.0
T001639,2025-09-23,07:14:37,CUST_0231,ITEM_001,Bread,3,7.5
T001639,2025-09-23,07:14:37,CUST_0231,ITEM_002,Milk,2,6.4
T001639,2025-09-23,07:14:37,CUST_0231,ITEM_003,Cheese,1,5.8
T001640,2025-09-17,05:15:37,CUST_0074,ITEM_001,Apples,3,12.6
T001641,2025-10-13,11:19:37,CUST_0249,ITEM_001,Butter,2,9.0
T001641,2025-10-13,11:19:37,CUST_0249,ITEM_002,Onions,2,4.4
T001642,2025-11-02,11:26:37,CUST_0339,ITEM_001,Pasta,1,3.5
T001642,2025-11-02,11:26:37,CUST_0339,ITEM_002,Tomatoes,2,7.6
T001642,2025-11-02,11:26:37,CUST_0339,ITEM_003,Chicken,1,8.5
T001643,2025-10-03,07:12:37,CUST_0328,ITEM_001,Beef,1,12.0
T001643,2025-10-03,07:12:37,CUST_0328,ITEM_002,Potatoes,3,6.0
T001643,2025-10-03,07:12:37,CUST_0328,ITEM_003,Oranges,2,7.0
T001643,2025-10-03,07:12:37,CUST_0328,ITEM_004,Onions,2,4.4
T001644,2025-10-16,02:14:37,CUST_0206,ITEM_001,Eggs,2,6.0
T001644,2025-10-16,02:14:37,CUST_0206,ITEM_002,Rice,3,12.0
T001645,2025-10-29,06:57:37,CUST_0161,ITEM_001,Apples,2,8.4
T001646,2025-10-10,02:22:37,CUST_0062,ITEM_001,Milk,1,3.2
T001646,2025-10-10,02:22:37,CUST_0062,ITEM_002,Rice,2,8.0
T001646,2025-10-10,02:22:37,CUST_0062,ITEM_003,Potatoes,3,6.0
T001646,2025-10-10,02:22:37,CUST_0062,ITEM_004,Bananas,3,8.4
T001646,2025-10-10,02:22:37,CUST_0062,ITEM_005,Chicken,3,25.5
T001646,2025-10-10,02:22:37,CUST_0062,ITEM_006,Eggs,2,6.0
T001647,2025-10-20,04:24:37,CUST_0410,ITEM_001,Butter,1,4.5
T001647,2025-10-20,04:24:37,CUST_0410,ITEM_002,Bread,1,2.5
T001647,2025-10-20,04:24:37,CUST_0410,ITEM_003,Milk,1,3.2
T001648,2025-10-02,01:14:37,CUST_0389,ITEM_001,Pasta,1,3.5
T001648,2025-10-02,01:14:37,CUST_0389,ITEM_002,Tomatoes,1,3.8
T001648,2025-10-02,01:14:37,CUST_0389,ITEM_003,Rice,3,12.0
T001648,2025-10-02,01:14:37,CUST_0389,ITEM_004,Onions,1,2.2
T001649,2025-10-20,02:45:37,CUST_0219,ITEM_001,Bananas,3,8.4
T001649,2025-10-20,02:45:37,CUST_0219,ITEM_002,Milk,1,3.2
T001649,2025-10-20,02:45:37,CUST_0219,ITEM_003,Rice,3,12.0
T001649,2025-10-20,02:45:37,CUST_0219,ITEM_004,Bread,3,7.5
T001649,2025-10-20,02:45:37,CUST_0219,ITEM_005,Eggs,2,6.0
T001650,2025-11-09,06:34:37,CUST_0195,ITEM_001,Potatoes,3,6.0
T001650,2025-11-09,06:34:37,CUST_0195,ITEM_002,Cheese,1,5.8
T001650,2025-11-09,06:34:37,CUST_0195,ITEM_003,Beef,3,36.0
T001650,2025-11-09,06:34:37,CUST_0195,ITEM_004,Chicken,3,25.5
T001651,2025-11-06,05:49:37,CUST_0096,ITEM_001,Pasta,3,10.5
T001651,2025-11-06,05:49:37,CUST_0096,ITEM_002,Oranges,2,7.0
T001651,2025-11-06,05:49:37,CUST_0096,ITEM_003,Tomatoes,2,7.6
T001652,2025-10-05,04:59:37,CUST_0223,ITEM_001,Beef,1,12.0
T001652,2025-10-05,04:59:37,CUST_0223,ITEM_002,Potatoes,1,2.0
T001653,2025-10-17,05:06:37,CUST_0091,ITEM_001,Butter,3,13.5
T001654,2025-09-20,08:52:37,CUST_0203,ITEM_001,Onions,1,2.2
T001654,2025-09-20,08:52:37,CUST_0203,ITEM_002,Rice,1,4.0
T001654,2025-09-20,08:52:37,CUST_0203,ITEM_003,Pasta,1,3.5
T001654,2025-09-20,08:52:37,CUST_0203,ITEM_004,Tomatoes,1,3.8
T001654,2025-09-20,08:52:37,CUST_0203,ITEM_005,Chicken,2,17.0
T001654,2025-09-20,08:52:37,CUST_0203,ITEM_006,Eggs,2,6.0
T001654,2025-09-20,08:52:37,CUST_0203,ITEM_007,Potatoes,3,6.0
T001654,2025-09-20,08:52:37,CUST_0203,ITEM_008,Bread,2,5.0
T001655,2025-10-12,09:48:37,CUST_0261,ITEM_001,Onions,3,6.6
T001655,2025-10-12,09:48:37,CUST_0261,ITEM_002,Tomatoes,1,3.8
T001655,2025-10-12,09:48:37,CUST_0261,ITEM_003,Potatoes,1,2.0
T001655,2025-10-12,09:48:37,CUST_0261,ITEM_004,Chicken,3,25.5
T001655,2025-10-12,09:48:37,CUST_0261,ITEM_005,Beef,2,24.0
T001655,2025-10-12,09:48:37,CUST_0261,ITEM_006,Rice,1,4.0
T001656,2025-10-25,06:11:37,CUST_0414,ITEM_001,Eggs,3,9.0
T001657,2025-10-09,09:39:37,CUST_0261,ITEM_001,Bananas,3,8.4
T001657,2025-10-09,09:39:37,CUST_0261,ITEM_002,Milk,3,9.6
T001657,2025-10-09,09:39:37,CUST_0261,ITEM_003,Onions,2,4.4
T001657,2025-10-09,09:39:37,CUST_0261,ITEM_004,Bread,3,7.5
T001657,2025-10-09,09:39:37,CUST_0261,ITEM_005,Apples,2,8.4
T001658,2025-10-25,22:41:37,CUST_0486,ITEM_001,Potatoes,2,4.0
T001659,2025-11-11,11:01:37,CUST_0260,ITEM_001,Chicken,3,25.5
T001659,2025-11-11,11:01:37,CUST_0260,ITEM_002,Rice,3,12.0
T001659,2025-11-11,11:01:37,CUST_0260,ITEM_003,Tomatoes,3,11.4
T001659,2025-11-11,11:01:37,CUST_0260,ITEM_004,Pasta,2,7.0
T001659,2025-11-11,11:01:37,CUST_0260,ITEM_005,Bread,1,2.5
T001659,2025-11-11,11:01:37,CUST_0260,ITEM_006,Onions,1,2.2
T001660,2025-11-13,00:39:37,CUST_0322,ITEM_001,Milk,1,3.2
T001660,2025-11-13,00:39:37,CUST_0322,ITEM_002,Eggs,2,6.0
T001660,2025-11-13,00:39:37,CUST_0322,ITEM_003,Bread,2,5.0
T001660,2025-11-13,00:39:37,CUST_0322,ITEM_004,Butter,3,13.5
T001661,2025-10-26,00:11:37,CUST_0068,ITEM_001,Bananas,2,5.6
T001661,2025-10-26,00:11:37,CUST_0068,ITEM_002,Apples,1,4.2
T001661,2025-10-26,00:11:37,CUST_0068,ITEM_003,Bread,3,7.5
T001662,2025-11-11,05:37:37,CUST_0406,ITEM_001,Beef,2,24.0
T001662,2025-11-11,05:37:37,CUST_0406,ITEM_002,Onions,2,4.4
T001662,2025-11-11,05:37:37,CUST_0406,ITEM_003,Tomatoes,1,3.8
T001662,2025-11-11,05:37:37,CUST_0406,ITEM_004,Potatoes,2,4.0
T001662,2025-11-11,05:37:37,CUST_0406,ITEM_005,Chicken,3,25.5
T001662,2025-11-11,05:37:37,CUST_0406,ITEM_006,Rice,2,8.0
T001663,2025-11-08,10:37:37,CUST_0465,ITEM_001,Butter,2,9.0
T001664,2025-10-31,08:38:37,CUST_0416,ITEM_001,Onions,3,6.6
T001664,2025-10-31,08:38:37,CUST_0416,ITEM_002,Potatoes,2,4.0
T001665,2025-09-25,05:00:37,CUST_0463,ITEM_001,Apples,1,4.2
T001666,2025-10-21,06:17:37,CUST_0382,ITEM_001,Eggs,3,9.0
T001666,2025-10-21,06:17:37,CUST_0382,ITEM_002,Milk,2,6.4
T001666,2025-10-21,06:17:37,CUST_0382,ITEM_003,Bread,3,7.5
T001666,2025-10-21,06:17:37,CUST_0382,ITEM_004,Cheese,1,5.8
T001666,2025-10-21,06:17:37,CUST_0382,ITEM_005,Rice,3,12.0
T001666,2025-10-21,06:17:37,CUST_0382,ITEM_006,Butter,2,9.0
T001666,2025-10-21,06:17:37,CUST_0382,ITEM_007,Bananas,2,5.6
T001666,2025-10-21,06:17:37,CUST_0382,ITEM_008,Chicken,3,25.5
T001667,2025-09-30,07:09:37,CUST_0069,ITEM_001,Butter,2,9.0
T001667,2025-09-30,07:09:37,CUST_0069,ITEM_002,Onions,2,4.4
T001667,2025-09-30,07:09:37,CUST_0069,ITEM_003,Milk,1,3.2
T001667,2025-09-30,07:09:37,CUST_0069,ITEM_004,Bananas,1,2.8
T001667,2025-09-30,07:09:37,CUST_0069,ITEM_005,Pasta,2,7.0
T001667,2025-09-30,07:09:37,CUST_0069,ITEM_006,Tomatoes,1,3.8
T001668,2025-11-02,06:17:37,CUST_0127,ITEM_001,Bread,3,7.5
T001668,2025-11-02,06:17:37,CUST_0127,ITEM_002,Butter,1,4.5
T001668,2025-11-02,06:17:37,CUST_0127,ITEM_003,Cheese,2,11.6
T001669,2025-09-20,03:56:37,CUST_0120,ITEM_001,Apples,2,8.4
T001670,2025-09-25,01:26:37,CUST_0323,ITEM_001,Potatoes,2,4.0
T001670,2025-09-25,01:26:37,CUST_0323,ITEM_002,Pasta,2,7.0
T001671,2025-10-29,04:42:37,CUST_0497,ITEM_001,Butter,3,13.5
T001671,2025-10-29,04:42:37,CUST_0497,ITEM_002,Chicken,3,25.5
T001671,2025-10-29,04:42:37,CUST_0497,ITEM_003,Cheese,3,17.4
T001671,2025-10-29,04:42:37,CUST_0497,ITEM_004,Onions,1,2.2
T001672,2025-09-29,10:43:37,CUST_0307,ITEM_001,Oranges,2,7.0
T001672,2025-09-29,10:43:37,CUST_0307,ITEM_002,Apples,2,8.4
T001672,2025-09-29,10:43:37,CUST_0307,ITEM_003,Bananas,3,8.4
T001672,2025-09-29,10:43:37,CUST_0307,ITEM_004,Milk,3,9.6
T001672,2025-09-29,10:43:37,CUST_0307,ITEM_005,Onions,3,6.6
T001672,2025-09-29,10:43:37,CUST_0307,ITEM_006,Tomatoes,2,7.6
T001673,2025-11-09,00:21:37,CUST_0306,ITEM_001,Chicken,3,25.5
T001674,2025-09-24,04:11:37,CUST_0368,ITEM_001,Oranges,1,3.5
T001674,2025-09-24,04:11:37,CUST_0368,ITEM_002,Milk,3,9.6
T001675,2025-10-11,05:17:37,CUST_0212,ITEM_001,Butter,2,9.0
T001675,2025-10-11,05:17:37,CUST_0212,ITEM_002,Potatoes,2,4.0
T001675,2025-10-11,05:17:37,CUST_0212,ITEM_003,Beef,1,12.0
T001676,2025-10-09,06:08:37,CUST_0154,ITEM_001,Milk,2,6.4
T001676,2025-10-09,06:08:37,CUST_0154,ITEM_002,Cheese,2,11.6
T001676,2025-10-09,06:08:37,CUST_0154,ITEM_003,Bread,2,5.0
T001676,2025-10-09,06:08:37,CUST_0154,ITEM_004,Pasta,2,7.0
T001676,2025-10-09,06:08:37,CUST_0154,ITEM_005,Eggs,3,9.0
T001676,2025-10-09,06:08:37,CUST_0154,ITEM_006,Butter,1,4.5
T001676,2025-10-09,06:08:37,CUST_0154,ITEM_007,Tomatoes,3,11.4
T001677,2025-11-03,11:28:37,CUST_0463,ITEM_001,Oranges,3,10.5
T001677,2025-11-03,11:28:37,CUST_0463,ITEM_002,Rice,1,4.0
T001677,2025-11-03,11:28:37,CUST_0463,ITEM_003,Chicken,1,8.5
T001677,2025-11-03,11:28:37,CUST_0463,ITEM_004,Tomatoes,1,3.8
T001677,2025-11-03,11:28:37,CUST_0463,ITEM_005,Onions,2,4.4
T001677,2025-11-03,11:28:37,CUST_0463,ITEM_006,Eggs,1,3.0
T001677,2025-11-03,11:28:37,CUST_0463,ITEM_007,Milk,1,3.2
T001678,2025-10-15,01:35:37,CUST_0077,ITEM_001,Cheese,2,11.6
T001678,2025-10-15,01:35:37,CUST_0077,ITEM_002,Butter,2,9.0
T001678,2025-10-15,01:35:37,CUST_0077,ITEM_003,Bananas,3,8.4
T001678,2025-10-15,01:35:37,CUST_0077,ITEM_004,Apples,1,4.2
T001678,2025-10-15,01:35:37,CUST_0077,ITEM_005,Potatoes,2,4.0
T001678,2025-10-15,01:35:37,CUST_0077,ITEM_006,Milk,1,3.2
T001679,2025-09-18,07:47:37,CUST_0112,ITEM_001,Bananas,2,5.6
T001680,2025-09-27,10:31:37,CUST_0349,ITEM_001,Eggs,1,3.0
T001680,2025-09-27,10:31:37,CUST_0349,ITEM_002,Bread,2,5.0
T001680,2025-09-27,10:31:37,CUST_0349,ITEM_003,Milk,2,6.4
T001681,2025-10-15,02:47:37,CUST_0300,ITEM_001,Rice,1,4.0
T001681,2025-10-15,02:47:37,CUST_0300,ITEM_002,Milk,2,6.4
T001681,2025-10-15,02:47:37,CUST_0300,ITEM_003,Apples,1,4.2
T001681,2025-10-15,02:47:37,CUST_0300,ITEM_004,Onions,3,6.6
T001681,2025-10-15,02:47:37,CUST_0300,ITEM_005,Bread,2,5.0
T001681,2025-10-15,02:47:37,CUST_0300,ITEM_006,Beef,3,36.0
T001681,2025-10-15,02:47:37,CUST_0300,ITEM_007,Potatoes,2,4.0
T001682,2025-10-08,07:01:37,CUST_0176,ITEM_001,Oranges,3,10.5
T001682,2025-10-08,07:01:37,CUST_0176,ITEM_002,Bread,2,5.0
T001683,2025-09-16,00:17:37,CUST_0437,ITEM_001,Chicken,2,17.0
T001683,2025-09-16,00:17:37,CUST_0437,ITEM_002,Rice,1,4.0
T001683,2025-09-16,00:17:37,CUST_0437,ITEM_003,Tomatoes,2,7.6
T001684,2025-10-29,02:01:37,CUST_0407,ITEM_001,Cheese,3,17.4
T001684,2025-10-29,02:01:37,CUST_0407,ITEM_002,Bread,1,2.5
T001685,2025-09-27,22:45:37,CUST_0213,ITEM_001,Cheese,1,5.8
T001685,2025-09-27,22:45:37,CUST_0213,ITEM_002,Milk,1,3.2
T001685,2025-09-27,22:45:37,CUST_0213,ITEM_003,Butter,3,13.5
T001686,2025-10-03,23:47:37,CUST_0004,ITEM_001,Chicken,2,17.0
T001686,2025-10-03,23:47:37,CUST_0004,ITEM_002,Potatoes,3,6.0
T001686,2025-10-03,23:47:37,CUST_0004,ITEM_003,Beef,3,36.0
T001686,2025-10-03,23:47:37,CUST_0004,ITEM_004,Milk,2,6.4
T001687,2025-09-29,01:05:37,CUST_0039,ITEM_001,Milk,3,9.6
T001687,2025-09-29,01:05:37,CUST_0039,ITEM_002,Eggs,2,6.0
T001687,2025-09-29,01:05:37,CUST_0039,ITEM_003,Bananas,2,5.6
T001687,2025-09-29,01:05:37,CUST_0039,ITEM_004,Apples,1,4.2
T001687,2025-09-29,01:05:37,CUST_0039,ITEM_005,Cheese,2,11.6
T001688,2025-10-19,06:42:37,CUST_0473,ITEM_001,Milk,2,6.4
T001688,2025-10-19,06:42:37,CUST_0473,ITEM_002,Eggs,3,9.0
T001689,2025-10-12,06:24:37,CUST_0409,ITEM_001,Apples,1,4.2
T001689,2025-10-12,06:24:37,CUST_0409,ITEM_002,Bananas,3,8.4
T001690,2025-10-29,01:25:37,CUST_0374,ITEM_001,Pasta,1,3.5
T001690,2025-10-29,01:25:37,CUST_0374,ITEM_002,Onions,3,6.6
T001690,2025-10-29,01:25:37,CUST_0374,ITEM_003,Potatoes,3,6.0
T001690,2025-10-29,01:25:37,CUST_0374,ITEM_004,Tomatoes,2,7.6
T001691,2025-10-26,05:33:37,CUST_0067,ITEM_001,Pasta,1,3.5
T001691,2025-10-26,05:33:37,CUST_0067,ITEM_002,Tomatoes,2,7.6
T001691,2025-10-26,05:33:37,CUST_0067,ITEM_003,Bread,1,2.5
T001691,2025-10-26,05:33:37,CUST_0067,ITEM_004,Butter,3,13.5
T001691,2025-10-26,05:33:37,CUST_0067,ITEM_005,Cheese,2,11.6
T001692,2025-10-13,22:41:37,CUST_0397,ITEM_001,Rice,2,8.0
T001692,2025-10-13,22:41:37,CUST_0397,ITEM_002,Chicken,1,8.5
T001692,2025-10-13,22:41:37,CUST_0397,ITEM_003,Milk,2,6.4
T001692,2025-10-13,22:41:37,CUST_0397,ITEM_004,Tomatoes,3,11.4
T001693,2025-09-16,10:24:37,CUST_0013,ITEM_001,Eggs,2,6.0
T001693,2025-09-16,10:24:37,CUST_0013,ITEM_002,Potatoes,2,4.0
T001693,2025-09-16,10:24:37,CUST_0013,ITEM_003,Beef,3,36.0
T001693,2025-09-16,10:24:37,CUST_0013,ITEM_004,Onions,3,6.6
T001693,2025-09-16,10:24:37,CUST_0013,ITEM_005,Rice,1,4.0
T001693,2025-09-16,10:24:37,CUST_0013,ITEM_006,Tomatoes,2,7.6
T001694,2025-10-01,03:20:37,CUST_0225,ITEM_001,Oranges,3,10.5
T001694,2025-10-01,03:20:37,CUST_0225,ITEM_002,Chicken,1,8.5
T001695,2025-09-22,02:11:37,CUST_0325,ITEM_001,Oranges,3,10.5
T001695,2025-09-22,02:11:37,CUST_0325,ITEM_002,Butter,1,4.5
T001696,2025-09-30,06:40:37,CUST_0018,ITEM_001,Bread,3,7.5
T001696,2025-09-30,06:40:37,CUST_0018,ITEM_002,Beef,2,24.0
T001696,2025-09-30,06:40:37,CUST_0018,ITEM_003,Milk,1,3.2
T001696,2025-09-30,06:40:37,CUST_0018,ITEM_004,Cheese,2,11.6
T001696,2025-09-30,06:40:37,CUST_0018,ITEM_005,Eggs,2,6.0
T001696,2025-09-30,06:40:37,CUST_0018,ITEM_006,Bananas,3,8.4
T001696,2025-09-30,06:40:37,CUST_0018,ITEM_007,Apples,3,12.6
T001696,2025-09-30,06:40:37,CUST_0018,ITEM_008,Butter,3,13.5
T001697,2025-10-29,10:08:37,CUST_0279,ITEM_001,Cheese,1,5.8
T001697,2025-10-29,10:08:37,CUST_0279,ITEM_002,Butter,1,4.5
T001697,2025-10-29,10:08:37,CUST_0279,ITEM_003,Bread,1,2.5
T001697,2025-10-29,10:08:37,CUST_0279,ITEM_004,Milk,2,6.4
T001697,2025-10-29,10:08:37,CUST_0279,ITEM_005,Oranges,2,7.0
T001697,2025-10-29,10:08:37,CUST_0279,ITEM_006,Eggs,1,3.0
T001698,2025-11-10,03:26:37,CUST_0479,ITEM_001,Bananas,1,2.8
T001698,2025-11-10,03:26:37,CUST_0479,ITEM_002,Apples,2,8.4
T001698,2025-11-10,03:26:37,CUST_0479,ITEM_003,Milk,3,9.6
T001698,2025-11-10,03:26:37,CUST_0479,ITEM_004,Oranges,3,10.5
T001698,2025-11-10,03:26:37,CUST_0479,ITEM_005,Eggs,3,9.0
T001698,2025-11-10,03:26:37,CUST_0479,ITEM_006,Bread,3,7.5
T001698,2025-11-10,03:26:37,CUST_0479,ITEM_007,Potatoes,2,4.0
T001699,2025-10-15,09:45:37,CUST_0111,ITEM_001,Chicken,2,17.0
T001699,2025-10-15,09:45:37,CUST_0111,ITEM_002,Rice,2,8.0
T001699,2025-10-15,09:45:37,CUST_0111,ITEM_003,Tomatoes,1,3.8
T001699,2025-10-15,09:45:37,CUST_0111,ITEM_004,Bananas,3,8.4
T001700,2025-10-05,23:52:37,CUST_0275,ITEM_001,Apples,1,4.2
T001700,2025-10-05,23:52:37,CUST_0275,ITEM_002,Bananas,3,8.4
T001700,2025-10-05,23:52:37,CUST_0275,ITEM_003,Milk,2,6.4
T001701,2025-09-29,07:56:37,CUST_0494,ITEM_001,Tomatoes,3,11.4
T001701,2025-09-29,07:56:37,CUST_0494,ITEM_002,Chicken,2,17.0
T001701,2025-09-29,07:56:37,CUST_0494,ITEM_003,Onions,3,6.6
T001701,2025-09-29,07:56:37,CUST_0494,ITEM_004,Pasta,3,10.5
T001701,2025-09-29,07:56:37,CUST_0494,ITEM_005,Rice,2,8.0
T001701,2025-09-29,07:56:37,CUST_0494,ITEM_006,Potatoes,1,2.0
T001701,2025-09-29,07:56:37,CUST_0494,ITEM_007,Oranges,2,7.0
T001702,2025-11-09,07:22:37,CUST_0068,ITEM_001,Butter,2,9.0
T001703,2025-11-11,08:53:37,CUST_0096,ITEM_001,Rice,1,4.0
T001703,2025-11-11,08:53:37,CUST_0096,ITEM_002,Chicken,1,8.5
T001703,2025-11-11,08:53:37,CUST_0096,ITEM_003,Onions,3,6.6
T001704,2025-10-13,05:52:37,CUST_0499,ITEM_001,Chicken,2,17.0
T001704,2025-10-13,05:52:37,CUST_0499,ITEM_002,Beef,1,12.0
T001704,2025-10-13,05:52:37,CUST_0499,ITEM_003,Rice,2,8.0
T001704,2025-10-13,05:52:37,CUST_0499,ITEM_004,Potatoes,2,4.0
T001704,2025-10-13,05:52:37,CUST_0499,ITEM_005,Tomatoes,1,3.8
T001704,2025-10-13,05:52:37,CUST_0499,ITEM_006,Onions,1,2.2
T001705,2025-11-13,04:28:37,CUST_0054,ITEM_001,Cheese,3,17.4
T001705,2025-11-13,04:28:37,CUST_0054,ITEM_002,Milk,2,6.4
T001706,2025-09-22,22:52:37,CUST_0087,ITEM_001,Oranges,2,7.0
T001706,2025-09-22,22:52:37,CUST_0087,ITEM_002,Beef,1,12.0
T001706,2025-09-22,22:52:37,CUST_0087,ITEM_003,Potatoes,3,6.0
T001707,2025-10-21,08:55:37,CUST_0343,ITEM_001,Potatoes,3,6.0
T001707,2025-10-21,08:55:37,CUST_0343,ITEM_002,Butter,1,4.5
T001707,2025-10-21,08:55:37,CUST_0343,ITEM_003,Bread,1,2.5
T001707,2025-10-21,08:55:37,CUST_0343,ITEM_004,Beef,2,24.0
T001707,2025-10-21,08:55:37,CUST_0343,ITEM_005,Milk,3,9.6
T001708,2025-11-06,03:41:37,CUST_0399,ITEM_001,Eggs,3,9.0
T001708,2025-11-06,03:41:37,CUST_0399,ITEM_002,Butter,3,13.5
T001708,2025-11-06,03:41:37,CUST_0399,ITEM_003,Bread,1,2.5
T001708,2025-11-06,03:41:37,CUST_0399,ITEM_004,Milk,3,9.6
T001708,2025-11-06,03:41:37,CUST_0399,ITEM_005,Potatoes,3,6.0
T001708,2025-11-06,03:41:37,CUST_0399,ITEM_006,Apples,1,4.2
T001708,2025-11-06,03:41:37,CUST_0399,ITEM_007,Rice,3,12.0
T001709,2025-10-04,08:07:37,CUST_0331,ITEM_001,Cheese,3,17.4
T001709,2025-10-04,08:07:37,CUST_0331,ITEM_002,Oranges,1,3.5
T001709,2025-10-04,08:07:37,CUST_0331,ITEM_003,Butter,2,9.0
T001710,2025-09-26,01:46:37,CUST_0294,ITEM_001,Potatoes,3,6.0
T001710,2025-09-26,01:46:37,CUST_0294,ITEM_002,Beef,2,24.0
T001710,2025-09-26,01:46:37,CUST_0294,ITEM_003,Tomatoes,1,3.8
T001711,2025-10-17,22:55:37,CUST_0296,ITEM_001,Eggs,2,6.0
T001711,2025-10-17,22:55:37,CUST_0296,ITEM_002,Butter,1,4.5
T001711,2025-10-17,22:55:37,CUST_0296,ITEM_003,Bread,1,2.5
T001711,2025-10-17,22:55:37,CUST_0296,ITEM_004,Milk,1,3.2
T001712,2025-09-20,01:48:37,CUST_0174,ITEM_001,Eggs,2,6.0
T001712,2025-09-20,01:48:37,CUST_0174,ITEM_002,Milk,3,9.6
T001712,2025-09-20,01:48:37,CUST_0174,ITEM_003,Bananas,3,8.4
T001712,2025-09-20,01:48:37,CUST_0174,ITEM_004,Onions,3,6.6
T001713,2025-09-27,07:16:37,CUST_0051,ITEM_001,Bananas,1,2.8
T001713,2025-09-27,07:16:37,CUST_0051,ITEM_002,Apples,2,8.4
T001713,2025-09-27,07:16:37,CUST_0051,ITEM_003,Milk,2,6.4
T001713,2025-09-27,07:16:37,CUST_0051,ITEM_004,Pasta,3,10.5
T001713,2025-09-27,07:16:37,CUST_0051,ITEM_005,Tomatoes,3,11.4
T001713,2025-09-27,07:16:37,CUST_0051,ITEM_006,Potatoes,1,2.0
T001714,2025-10-11,08:25:37,CUST_0010,ITEM_001,Eggs,3,9.0
T001714,2025-10-11,08:25:37,CUST_0010,ITEM_002,Bread,2,5.0
T001714,2025-10-11,08:25:37,CUST_0010,ITEM_003,Beef,2,24.0
T001714,2025-10-11,08:25:37,CUST_0010,ITEM_004,Milk,3,9.6
T001715,2025-10-15,08:44:37,CUST_0068,ITEM_001,Chicken,1,8.5
T001715,2025-10-15,08:44:37,CUST_0068,ITEM_002,Tomatoes,2,7.6
T001715,2025-10-15,08:44:37,CUST_0068,ITEM_003,Pasta,3,10.5
T001715,2025-10-15,08:44:37,CUST_0068,ITEM_004,Rice,2,8.0
T001715,2025-10-15,08:44:37,CUST_0068,ITEM_005,Onions,1,2.2
T001715,2025-10-15,08:44:37,CUST_0068,ITEM_006,Apples,1,4.2
T001716,2025-10-14,09:02:37,CUST_0142,ITEM_001,Beef,2,24.0
T001717,2025-11-10,09:55:37,CUST_0371,ITEM_001,Potatoes,1,2.0
T001718,2025-10-25,10:24:37,CUST_0251,ITEM_001,Apples,1,4.2
T001718,2025-10-25,10:24:37,CUST_0251,ITEM_002,Chicken,2,17.0
T001718,2025-10-25,10:24:37,CUST_0251,ITEM_003,Rice,2,8.0
T001718,2025-10-25,10:24:37,CUST_0251,ITEM_004,Tomatoes,1,3.8
T001718,2025-10-25,10:24:37,CUST_0251,ITEM_005,Pasta,3,10.5
T001718,2025-10-25,10:24:37,CUST_0251,ITEM_006,Eggs,3,9.0
T001719,2025-09-17,03:58:37,CUST_0271,ITEM_001,Eggs,2,6.0
T001719,2025-09-17,03:58:37,CUST_0271,ITEM_002,Apples,2,8.4
T001719,2025-09-17,03:58:37,CUST_0271,ITEM_003,Milk,3,9.6
T001720,2025-10-07,01:00:37,CUST_0048,ITEM_001,Cheese,2,11.6
T001720,2025-10-07,01:00:37,CUST_0048,ITEM_002,Butter,2,9.0
T001721,2025-10-07,00:21:37,CUST_0135,ITEM_001,Bread,2,5.0
T001721,2025-10-07,00:21:37,CUST_0135,ITEM_002,Butter,2,9.0
T001722,2025-11-07,00:20:37,CUST_0318,ITEM_001,Bananas,3,8.4
T001722,2025-11-07,00:20:37,CUST_0318,ITEM_002,Apples,3,12.6
T001723,2025-10-06,01:35:37,CUST_0270,ITEM_001,Chicken,3,25.5
T001723,2025-10-06,01:35:37,CUST_0270,ITEM_002,Rice,1,4.0
T001724,2025-10-27,08:38:37,CUST_0224,ITEM_001,Apples,1,4.2
T001724,2025-10-27,08:38:37,CUST_0224,ITEM_002,Bananas,2,5.6
T001724,2025-10-27,08:38:37,CUST_0224,ITEM_003,Milk,1,3.2
T001724,2025-10-27,08:38:37,CUST_0224,ITEM_004,Eggs,2,6.0
T001724,2025-10-27,08:38:37,CUST_0224,ITEM_005,Cheese,1,5.8
T001725,2025-10-31,05:56:37,CUST_0457,ITEM_001,Chicken,2,17.0
T001725,2025-10-31,05:56:37,CUST_0457,ITEM_002,Tomatoes,1,3.8
T001725,2025-10-31,05:56:37,CUST_0457,ITEM_003,Rice,1,4.0
T001726,2025-10-20,07:54:37,CUST_0093,ITEM_001,Beef,2,24.0
T001726,2025-10-20,07:54:37,CUST_0093,ITEM_002,Potatoes,1,2.0
T001726,2025-10-20,07:54:37,CUST_0093,ITEM_003,Onions,3,6.6
T001726,2025-10-20,07:54:37,CUST_0093,ITEM_004,Rice,3,12.0
T001726,2025-10-20,07:54:37,CUST_0093,ITEM_005,Tomatoes,1,3.8
T001727,2025-10-28,01:46:37,CUST_0026,ITEM_001,Onions,2,4.4
T001728,2025-09-30,05:08:37,CUST_0232,ITEM_001,Cheese,1,5.8
T001728,2025-09-30,05:08:37,CUST_0232,ITEM_002,Milk,3,9.6
T001729,2025-10-30,04:06:37,CUST_0286,ITEM_001,Apples,3,12.6
T001729,2025-10-30,04:06:37,CUST_0286,ITEM_002,Tomatoes,1,3.8
T001729,2025-10-30,04:06:37,CUST_0286,ITEM_003,Bananas,3,8.4
T001730,2025-10-11,08:15:37,CUST_0155,ITEM_001,Cheese,3,17.4
T001730,2025-10-11,08:15:37,CUST_0155,ITEM_002,Oranges,1,3.5
T001730,2025-10-11,08:15:37,CUST_0155,ITEM_003,Onions,2,4.4
T001730,2025-10-11,08:15:37,CUST_0155,ITEM_004,Pasta,3,10.5
T001730,2025-10-11,08:15:37,CUST_0155,ITEM_005,Butter,1,4.5
T001730,2025-10-11,08:15:37,CUST_0155,ITEM_006,Tomatoes,2,7.6
T001730,2025-10-11,08:15:37,CUST_0155,ITEM_007,Chicken,1,8.5
T001731,2025-11-03,22:59:37,CUST_0255,ITEM_001,Milk,1,3.2
T001731,2025-11-03,22:59:37,CUST_0255,ITEM_002,Cheese,3,17.4
T001731,2025-11-03,22:59:37,CUST_0255,ITEM_003,Bread,1,2.5
T001731,2025-11-03,22:59:37,CUST_0255,ITEM_004,Eggs,3,9.0
T001732,2025-10-11,04:23:37,CUST_0235,ITEM_001,Pasta,2,7.0
T001732,2025-10-11,04:23:37,CUST_0235,ITEM_002,Tomatoes,1,3.8
T001732,2025-10-11,04:23:37,CUST_0235,ITEM_003,Chicken,3,25.5
T001732,2025-10-11,04:23:37,CUST_0235,ITEM_004,Eggs,3,9.0
T001732,2025-10-11,04:23:37,CUST_0235,ITEM_005,Rice,1,4.0
T001732,2025-10-11,04:23:37,CUST_0235,ITEM_006,Milk,3,9.6
T001733,2025-11-03,01:42:37,CUST_0418,ITEM_001,Eggs,2,6.0
T001733,2025-11-03,01:42:37,CUST_0418,ITEM_002,Milk,2,6.4
T001733,2025-11-03,01:42:37,CUST_0418,ITEM_003,Butter,3,13.5
T001734,2025-09-16,09:49:37,CUST_0152,ITEM_001,Bananas,3,8.4
T001734,2025-09-16,09:49:37,CUST_0152,ITEM_002,Apples,2,8.4
T001734,2025-09-16,09:49:37,CUST_0152,ITEM_003,Milk,3,9.6
T001734,2025-09-16,09:49:37,CUST_0152,ITEM_004,Butter,1,4.5
T001734,2025-09-16,09:49:37,CUST_0152,ITEM_005,Cheese,2,11.6
T001735,2025-11-12,11:05:37,CUST_0062,ITEM_001,Potatoes,2,4.0
T001736,2025-09-19,02:15:37,CUST_0133,ITEM_001,Cheese,1,5.8
T001736,2025-09-19,02:15:37,CUST_0133,ITEM_002,Butter,3,13.5
T001737,2025-10-29,02:09:37,CUST_0172,ITEM_001,Onions,3,6.6
T001738,2025-11-08,23:57:37,CUST_0323,ITEM_001,Potatoes,1,2.0
T001738,2025-11-08,23:57:37,CUST_0323,ITEM_002,Bread,2,5.0
T001738,2025-11-08,23:57:37,CUST_0323,ITEM_003,Butter,1,4.5
T001738,2025-11-08,23:57:37,CUST_0323,ITEM_004,Oranges,1,3.5
T001739,2025-09-21,00:14:37,CUST_0341,ITEM_001,Cheese,3,17.4
T001739,2025-09-21,00:14:37,CUST_0341,ITEM_002,Milk,2,6.4
T001740,2025-10-27,09:18:37,CUST_0065,ITEM_001,Bananas,3,8.4
T001740,2025-10-27,09:18:37,CUST_0065,ITEM_002,Rice,2,8.0
T001741,2025-10-15,02:53:37,CUST_0415,ITEM_001,Eggs,2,6.0
T001741,2025-10-15,02:53:37,CUST_0415,ITEM_002,Bread,3,7.5
T001741,2025-10-15,02:53:37,CUST_0415,ITEM_003,Butter,2,9.0
T001741,2025-10-15,02:53:37,CUST_0415,ITEM_004,Milk,2,6.4
T001742,2025-10-07,22:43:37,CUST_0055,ITEM_001,Tomatoes,1,3.8
T001742,2025-10-07,22:43:37,CUST_0055,ITEM_002,Butter,3,13.5
T001742,2025-10-07,22:43:37,CUST_0055,ITEM_003,Apples,1,4.2
T001742,2025-10-07,22:43:37,CUST_0055,ITEM_004,Bread,2,5.0
T001743,2025-10-28,02:04:37,CUST_0353,ITEM_001,Bananas,2,5.6
T001743,2025-10-28,02:04:37,CUST_0353,ITEM_002,Milk,3,9.6
T001743,2025-10-28,02:04:37,CUST_0353,ITEM_003,Chicken,3,25.5
T001744,2025-11-07,10:59:37,CUST_0032,ITEM_001,Bread,2,5.0
T001744,2025-11-07,10:59:37,CUST_0032,ITEM_002,Eggs,2,6.0
T001744,2025-11-07,10:59:37,CUST_0032,ITEM_003,Potatoes,1,2.0
T001744,2025-11-07,10:59:37,CUST_0032,ITEM_004,Butter,2,9.0
T001745,2025-10-21,06:22:37,CUST_0115,ITEM_001,Tomatoes,2,7.6
T001745,2025-10-21,06:22:37,CUST_0115,ITEM_002,Onions,1,2.2
T001746,2025-10-22,03:51:37,CUST_0190,ITEM_001,Milk,1,3.2
T001746,2025-10-22,03:51:37,CUST_0190,ITEM_002,Bread,3,7.5
T001746,2025-10-22,03:51:37,CUST_0190,ITEM_003,Tomatoes,3,11.4
T001746,2025-10-22,03:51:37,CUST_0190,ITEM_004,Chicken,3,25.5
T001747,2025-11-11,04:39:37,CUST_0231,ITEM_001,Milk,1,3.2
T001748,2025-10-01,03:21:37,CUST_0251,ITEM_001,Eggs,1,3.0
T001748,2025-10-01,03:21:37,CUST_0251,ITEM_002,Bananas,2,5.6
T001749,2025-10-28,00:59:37,CUST_0120,ITEM_001,Chicken,2,17.0
T001749,2025-10-28,00:59:37,CUST_0120,ITEM_002,Apples,1,4.2
T001749,2025-10-28,00:59:37,CUST_0120,ITEM_003,Milk,2,6.4
T001749,2025-10-28,00:59:37,CUST_0120,ITEM_004,Eggs,1,3.0
T001749,2025-10-28,00:59:37,CUST_0120,ITEM_005,Bread,2,5.0
T001750,2025-09-24,23:44:37,CUST_0182,ITEM_001,Onions,2,4.4
T001750,2025-09-24,23:44:37,CUST_0182,ITEM_002,Bananas,3,8.4
T001751,2025-10-07,00:58:37,CUST_0296,ITEM_001,Milk,2,6.4
T001752,2025-10-29,22:59:37,CUST_0182,ITEM_001,Onions,3,6.6
T001752,2025-10-29,22:59:37,CUST_0182,ITEM_002,Pasta,3,10.5
T001752,2025-10-29,22:59:37,CUST_0182,ITEM_003,Tomatoes,3,11.4
T001752,2025-10-29,22:59:37,CUST_0182,ITEM_004,Eggs,3,9.0
T001753,2025-09-20,06:01:37,CUST_0282,ITEM_001,Milk,1,3.2
T001753,2025-09-20,06:01:37,CUST_0282,ITEM_002,Bread,2,5.0
T001753,2025-09-20,06:01:37,CUST_0282,ITEM_003,Eggs,3,9.0
T001754,2025-09-23,06:13:37,CUST_0257,ITEM_001,Cheese,1,5.8
T001754,2025-09-23,06:13:37,CUST_0257,ITEM_002,Butter,3,13.5
T001754,2025-09-23,06:13:37,CUST_0257,ITEM_003,Milk,2,6.4
T001754,2025-09-23,06:13:37,CUST_0257,ITEM_004,Bread,2,5.0
T001755,2025-09-19,02:14:37,CUST_0308,ITEM_001,Onions,2,4.4
T001755,2025-09-19,02:14:37,CUST_0308,ITEM_002,Tomatoes,1,3.8
T001755,2025-09-19,02:14:37,CUST_0308,ITEM_003,Potatoes,3,6.0
T001755,2025-09-19,02:14:37,CUST_0308,ITEM_004,Chicken,2,17.0
T001755,2025-09-19,02:14:37,CUST_0308,ITEM_005,Apples,1,4.2
T001756,2025-10-31,06:33:37,CUST_0249,ITEM_001,Rice,2,8.0
T001757,2025-11-14,03:17:37,CUST_0407,ITEM_001,Onions,3,6.6
T001757,2025-11-14,03:17:37,CUST_0407,ITEM_002,Tomatoes,3,11.4
T001758,2025-11-14,03:22:37,CUST_0458,ITEM_001,Oranges,1,3.5
T001758,2025-11-14,03:22:37,CUST_0458,ITEM_002,Chicken,1,8.5
T001758,2025-11-14,03:22:37,CUST_0458,ITEM_003,Eggs,3,9.0
T001758,2025-11-14,03:22:37,CUST_0458,ITEM_004,Cheese,2,11.6
T001758,2025-11-14,03:22:37,CUST_0458,ITEM_005,Milk,1,3.2
T001759,2025-09-23,23:41:37,CUST_0470,ITEM_001,Bananas,3,8.4
T001759,2025-09-23,23:41:37,CUST_0470,ITEM_002,Milk,2,6.4
T001759,2025-09-23,23:41:37,CUST_0470,ITEM_003,Apples,3,12.6
T001759,2025-09-23,23:41:37,CUST_0470,ITEM_004,Eggs,1,3.0
T001759,2025-09-23,23:41:37,CUST_0470,ITEM_005,Bread,3,7.5
T001759,2025-09-23,23:41:37,CUST_0470,ITEM_006,Cheese,2,11.6
T001759,2025-09-23,23:41:37,CUST_0470,ITEM_007,Butter,1,4.5
T001760,2025-10-15,23:36:37,CUST_0472,ITEM_001,Tomatoes,1,3.8
T001760,2025-10-15,23:36:37,CUST_0472,ITEM_002,Onions,2,4.4
T001760,2025-10-15,23:36:37,CUST_0472,ITEM_003,Oranges,2,7.0
T001760,2025-10-15,23:36:37,CUST_0472,ITEM_004,Chicken,2,17.0
T001760,2025-10-15,23:36:37,CUST_0472,ITEM_005,Rice,1,4.0
T001761,2025-11-08,07:47:37,CUST_0205,ITEM_001,Cheese,3,17.4
T001761,2025-11-08,07:47:37,CUST_0205,ITEM_002,Bread,1,2.5
T001762,2025-10-07,07:34:37,CUST_0475,ITEM_001,Apples,2,8.4
T001762,2025-10-07,07:34:37,CUST_0475,ITEM_002,Bananas,2,5.6
T001762,2025-10-07,07:34:37,CUST_0475,ITEM_003,Milk,2,6.4
T001762,2025-10-07,07:34:37,CUST_0475,ITEM_004,Eggs,3,9.0
T001762,2025-10-07,07:34:37,CUST_0475,ITEM_005,Potatoes,3,6.0
T001763,2025-10-09,00:22:37,CUST_0169,ITEM_001,Cheese,2,11.6
T001763,2025-10-09,00:22:37,CUST_0169,ITEM_002,Milk,2,6.4
T001764,2025-09-28,08:12:37,CUST_0476,ITEM_001,Chicken,3,25.5
T001764,2025-09-28,08:12:37,CUST_0476,ITEM_002,Rice,1,4.0
T001764,2025-09-28,08:12:37,CUST_0476,ITEM_003,Tomatoes,2,7.6
T001765,2025-09-21,11:17:37,CUST_0147,ITEM_001,Pasta,2,7.0
T001765,2025-09-21,11:17:37,CUST_0147,ITEM_002,Tomatoes,2,7.6
T001765,2025-09-21,11:17:37,CUST_0147,ITEM_003,Onions,3,6.6
T001765,2025-09-21,11:17:37,CUST_0147,ITEM_004,Potatoes,1,2.0
T001765,2025-09-21,11:17:37,CUST_0147,ITEM_005,Beef,3,36.0
T001765,2025-09-21,11:17:37,CUST_0147,ITEM_006,Bananas,3,8.4
T001766,2025-10-18,10:37:37,CUST_0253,ITEM_001,Onions,1,2.2
T001766,2025-10-18,10:37:37,CUST_0253,ITEM_002,Tomatoes,1,3.8
T001767,2025-10-19,09:04:37,CUST_0055,ITEM_001,Pasta,1,3.5
T001768,2025-10-05,03:26:37,CUST_0325,ITEM_001,Beef,3,36.0
T001768,2025-10-05,03:26:37,CUST_0325,ITEM_002,Cheese,1,5.8
T001768,2025-10-05,03:26:37,CUST_0325,ITEM_003,Milk,3,9.6
T001769,2025-10-07,04:15:37,CUST_0143,ITEM_001,Potatoes,2,4.0
T001769,2025-10-07,04:15:37,CUST_0143,ITEM_002,Bananas,3,8.4
T001769,2025-10-07,04:15:37,CUST_0143,ITEM_003,Beef,2,24.0
T001769,2025-10-07,04:15:37,CUST_0143,ITEM_004,Onions,1,2.2
T001769,2025-10-07,04:15:37,CUST_0143,ITEM_005,Tomatoes,1,3.8
T001770,2025-10-29,08:24:37,CUST_0090,ITEM_001,Beef,3,36.0
T001770,2025-10-29,08:24:37,CUST_0090,ITEM_002,Potatoes,3,6.0
T001770,2025-10-29,08:24:37,CUST_0090,ITEM_003,Onions,2,4.4
T001770,2025-10-29,08:24:37,CUST_0090,ITEM_004,Pasta,3,10.5
T001770,2025-10-29,08:24:37,CUST_0090,ITEM_005,Tomatoes,3,11.4
T001771,2025-10-02,10:24:37,CUST_0121,ITEM_001,Pasta,1,3.5
T001772,2025-10-07,00:30:37,CUST_0116,ITEM_001,Pasta,2,7.0
T001772,2025-10-07,00:30:37,CUST_0116,ITEM_002,Tomatoes,1,3.8
T001772,2025-10-07,00:30:37,CUST_0116,ITEM_003,Chicken,2,17.0
T001773,2025-09-20,23:16:37,CUST_0417,ITEM_001,Butter,2,9.0
T001773,2025-09-20,23:16:37,CUST_0417,ITEM_002,Cheese,2,11.6
T001773,2025-09-20,23:16:37,CUST_0417,ITEM_003,Onions,1,2.2
T001773,2025-09-20,23:16:37,CUST_0417,ITEM_004,Pasta,3,10.5
T001774,2025-10-14,02:00:37,CUST_0436,ITEM_001,Pasta,2,7.0
T001774,2025-10-14,02:00:37,CUST_0436,ITEM_002,Apples,1,4.2
T001774,2025-10-14,02:00:37,CUST_0436,ITEM_003,Butter,2,9.0
T001775,2025-10-29,05:43:37,CUST_0020,ITEM_001,Apples,2,8.4
T001775,2025-10-29,05:43:37,CUST_0020,ITEM_002,Bananas,3,8.4
T001775,2025-10-29,05:43:37,CUST_0020,ITEM_003,Tomatoes,1,3.8
T001776,2025-09-25,02:56:37,CUST_0002,ITEM_001,Bananas,3,8.4
T001776,2025-09-25,02:56:37,CUST_0002,ITEM_002,Milk,1,3.2
T001776,2025-09-25,02:56:37,CUST_0002,ITEM_003,Beef,3,36.0
T001777,2025-11-11,22:49:37,CUST_0073,ITEM_001,Cheese,2,11.6
T001777,2025-11-11,22:49:37,CUST_0073,ITEM_002,Bread,2,5.0
T001777,2025-11-11,22:49:37,CUST_0073,ITEM_003,Potatoes,3,6.0
T001777,2025-11-11,22:49:37,CUST_0073,ITEM_004,Butter,3,13.5
T001777,2025-11-11,22:49:37,CUST_0073,ITEM_005,Milk,1,3.2
T001777,2025-11-11,22:49:37,CUST_0073,ITEM_006,Onions,3,6.6
T001778,2025-09-20,05:07:37,CUST_0221,ITEM_001,Cheese,2,11.6
T001778,2025-09-20,05:07:37,CUST_0221,ITEM_002,Milk,3,9.6
T001779,2025-10-27,10:00:37,CUST_0110,ITEM_001,Bread,3,7.5
T001780,2025-11-13,09:05:37,CUST_0150,ITEM_001,Bananas,1,2.8
T001780,2025-11-13,09:05:37,CUST_0150,ITEM_002,Apples,2,8.4
T001781,2025-10-12,22:56:37,CUST_0358,ITEM_001,Apples,1,4.2
T001781,2025-10-12,22:56:37,CUST_0358,ITEM_002,Bananas,2,5.6
T001781,2025-10-12,22:56:37,CUST_0358,ITEM_003,Milk,2,6.4
T001782,2025-09-22,03:00:37,CUST_0057,ITEM_001,Bread,3,7.5
T001782,2025-09-22,03:00:37,CUST_0057,ITEM_002,Eggs,1,3.0
T001782,2025-09-22,03:00:37,CUST_0057,ITEM_003,Milk,2,6.4
T001783,2025-09-24,01:13:37,CUST_0460,ITEM_001,Oranges,2,7.0
T001783,2025-09-24,01:13:37,CUST_0460,ITEM_002,Milk,2,6.4
T001783,2025-09-24,01:13:37,CUST_0460,ITEM_003,Eggs,3,9.0
T001783,2025-09-24,01:13:37,CUST_0460,ITEM_004,Bananas,1,2.8
T001783,2025-09-24,01:13:37,CUST_0460,ITEM_005,Apples,3,12.6
T001784,2025-11-11,09:56:37,CUST_0331,ITEM_001,Oranges,2,7.0
T001784,2025-11-11,09:56:37,CUST_0331,ITEM_002,Eggs,1,3.0
T001784,2025-11-11,09:56:37,CUST_0331,ITEM_003,Milk,3,9.6
T001785,2025-09-22,23:15:37,CUST_0257,ITEM_001,Pasta,1,3.5
T001785,2025-09-22,23:15:37,CUST_0257,ITEM_002,Potatoes,1,2.0
T001785,2025-09-22,23:15:37,CUST_0257,ITEM_003,Onions,2,4.4
T001786,2025-10-19,23:44:37,CUST_0303,ITEM_001,Milk,3,9.6
T001786,2025-10-19,23:44:37,CUST_0303,ITEM_002,Bread,2,5.0
T001786,2025-10-19,23:44:37,CUST_0303,ITEM_003,Butter,2,9.0
T001787,2025-09-25,09:06:37,CUST_0421,ITEM_001,Cheese,2,11.6
T001787,2025-09-25,09:06:37,CUST_0421,ITEM_002,Butter,1,4.5
T001787,2025-09-25,09:06:37,CUST_0421,ITEM_003,Bread,3,7.5
T001787,2025-09-25,09:06:37,CUST_0421,ITEM_004,Rice,2,8.0
T001787,2025-09-25,09:06:37,CUST_0421,ITEM_005,Chicken,3,25.5
T001787,2025-09-25,09:06:37,CUST_0421,ITEM_006,Eggs,1,3.0
T001787,2025-09-25,09:06:37,CUST_0421,ITEM_007,Milk,2,6.4
T001788,2025-10-14,06:14:37,CUST_0109,ITEM_001,Cheese,2,11.6
T001788,2025-10-14,06:14:37,CUST_0109,ITEM_002,Rice,2,8.0
T001789,2025-10-30,03:47:37,CUST_0132,ITEM_001,Milk,3,9.6
T001789,2025-10-30,03:47:37,CUST_0132,ITEM_002,Bananas,3,8.4
T001789,2025-10-30,03:47:37,CUST_0132,ITEM_003,Bread,1,2.5
T001789,2025-10-30,03:47:37,CUST_0132,ITEM_004,Cheese,3,17.4
T001790,2025-10-08,09:59:37,CUST_0345,ITEM_001,Cheese,1,5.8
T001790,2025-10-08,09:59:37,CUST_0345,ITEM_002,Milk,1,3.2
T001790,2025-10-08,09:59:37,CUST_0345,ITEM_003,Eggs,2,6.0
T001790,2025-10-08,09:59:37,CUST_0345,ITEM_004,Beef,3,36.0
T001791,2025-11-03,06:24:37,CUST_0094,ITEM_001,Cheese,1,5.8
T001791,2025-11-03,06:24:37,CUST_0094,ITEM_002,Butter,1,4.5
T001792,2025-10-14,23:48:37,CUST_0092,ITEM_001,Bread,1,2.5
T001792,2025-10-14,23:48:37,CUST_0092,ITEM_002,Bananas,3,8.4
T001792,2025-10-14,23:48:37,CUST_0092,ITEM_003,Milk,3,9.6
T001792,2025-10-14,23:48:37,CUST_0092,ITEM_004,Butter,1,4.5
T001792,2025-10-14,23:48:37,CUST_0092,ITEM_005,Apples,2,8.4
T001792,2025-10-14,23:48:37,CUST_0092,ITEM_006,Eggs,2,6.0
T001793,2025-10-19,02:12:37,CUST_0056,ITEM_001,Butter,1,4.5
T001794,2025-09-23,04:37:37,CUST_0400,ITEM_001,Pasta,1,3.5
T001795,2025-09-24,07:24:37,CUST_0049,ITEM_001,Eggs,2,6.0
T001795,2025-09-24,07:24:37,CUST_0049,ITEM_002,Cheese,3,17.4
T001796,2025-09-27,05:36:37,CUST_0238,ITEM_001,Butter,3,13.5
T001796,2025-09-27,05:36:37,CUST_0238,ITEM_002,Bread,2,5.0
T001797,2025-10-11,04:50:37,CUST_0128,ITEM_001,Bananas,3,8.4
T001797,2025-10-11,04:50:37,CUST_0128,ITEM_002,Apples,2,8.4
T001797,2025-10-11,04:50:37,CUST_0128,ITEM_003,Milk,2,6.4
T001797,2025-10-11,04:50:37,CUST_0128,ITEM_004,Butter,1,4.5
T001797,2025-10-11,04:50:37,CUST_0128,ITEM_005,Cheese,3,17.4
T001797,2025-10-11,04:50:37,CUST_0128,ITEM_006,Bread,1,2.5
T001798,2025-10-17,07:38:37,CUST_0188,ITEM_001,Onions,2,4.4
T001798,2025-10-17,07:38:37,CUST_0188,ITEM_002,Oranges,2,7.0
T001799,2025-10-31,23:50:37,CUST_0314,ITEM_001,Rice,1,4.0
T001800,2025-10-18,01:17:37,CUST_0430,ITEM_001,Tomatoes,3,11.4
T001800,2025-10-18,01:17:37,CUST_0430,ITEM_002,Pasta,1,3.5
T001800,2025-10-18,01:17:37,CUST_0430,ITEM_003,Bread,3,7.5
T001800,2025-10-18,01:17:37,CUST_0430,ITEM_004,Beef,2,24.0
T001800,2025-10-18,01:17:37,CUST_0430,ITEM_005,Butter,2,9.0
T001800,2025-10-18,01:17:37,CUST_0430,ITEM_006,Eggs,3,9.0
T001800,2025-10-18,01:17:37,CUST_0430,ITEM_007,Potatoes,1,2.0
T001800,2025-10-18,01:17:37,CUST_0430,ITEM_008,Cheese,2,11.6
T001801,2025-11-01,03:27:37,CUST_0216,ITEM_001,Milk,1,3.2
T001802,2025-11-11,01:19:37,CUST_0277,ITEM_001,Apples,3,12.6
T001802,2025-11-11,01:19:37,CUST_0277,ITEM_002,Bananas,1,2.8
T001803,2025-09-30,04:39:37,CUST_0139,ITEM_001,Chicken,3,25.5
T001804,2025-10-21,22:50:37,CUST_0420,ITEM_001,Butter,3,13.5
T001804,2025-10-21,22:50:37,CUST_0420,ITEM_002,Bread,2,5.0
T001805,2025-10-20,22:55:37,CUST_0339,ITEM_001,Eggs,3,9.0
T001806,2025-10-07,00:44:37,CUST_0397,ITEM_001,Milk,3,9.6
T001806,2025-10-07,00:44:37,CUST_0397,ITEM_002,Eggs,3,9.0
T001806,2025-10-07,00:44:37,CUST_0397,ITEM_003,Cheese,3,17.4
T001806,2025-10-07,00:44:37,CUST_0397,ITEM_004,Butter,3,13.5
T001807,2025-10-24,05:29:37,CUST_0267,ITEM_001,Apples,1,4.2
T001807,2025-10-24,05:29:37,CUST_0267,ITEM_002,Bananas,3,8.4
T001808,2025-09-22,23:48:37,CUST_0301,ITEM_001,Beef,1,12.0
T001808,2025-09-22,23:48:37,CUST_0301,ITEM_002,Apples,2,8.4
T001809,2025-10-30,04:12:37,CUST_0163,ITEM_001,Apples,1,4.2
T001809,2025-10-30,04:12:37,CUST_0163,ITEM_002,Bananas,2,5.6
T001809,2025-10-30,04:12:37,CUST_0163,ITEM_003,Milk,1,3.2
T001809,2025-10-30,04:12:37,CUST_0163,ITEM_004,Cheese,2,11.6
T001809,2025-10-30,04:12:37,CUST_0163,ITEM_005,Tomatoes,3,11.4
T001809,2025-10-30,04:12:37,CUST_0163,ITEM_006,Bread,3,7.5
T001809,2025-10-30,04:12:37,CUST_0163,ITEM_007,Eggs,2,6.0
T001809,2025-10-30,04:12:37,CUST_0163,ITEM_008,Potatoes,2,4.0
T001810,2025-11-11,09:58:37,CUST_0420,ITEM_001,Rice,2,8.0
T001810,2025-11-11,09:58:37,CUST_0420,ITEM_002,Potatoes,3,6.0
T001810,2025-11-11,09:58:37,CUST_0420,ITEM_003,Tomatoes,1,3.8
T001810,2025-11-11,09:58:37,CUST_0420,ITEM_004,Onions,3,6.6
T001810,2025-11-11,09:58:37,CUST_0420,ITEM_005,Beef,3,36.0
T001811,2025-11-13,07:13:37,CUST_0284,ITEM_001,Beef,1,12.0
T001811,2025-11-13,07:13:37,CUST_0284,ITEM_002,Potatoes,3,6.0
T001811,2025-11-13,07:13:37,CUST_0284,ITEM_003,Cheese,3,17.4
T001811,2025-11-13,07:13:37,CUST_0284,ITEM_004,Butter,1,4.5
T001812,2025-10-12,10:00:37,CUST_0393,ITEM_001,Bananas,3,8.4
T001812,2025-10-12,10:00:37,CUST_0393,ITEM_002,Milk,3,9.6
T001812,2025-10-12,10:00:37,CUST_0393,ITEM_003,Beef,1,12.0
T001812,2025-10-12,10:00:37,CUST_0393,ITEM_004,Potatoes,2,4.0
T001812,2025-10-12,10:00:37,CUST_0393,ITEM_005,Onions,3,6.6
T001812,2025-10-12,10:00:37,CUST_0393,ITEM_006,Bread,2,5.0
T001812,2025-10-12,10:00:37,CUST_0393,ITEM_007,Apples,2,8.4
T001813,2025-10-28,06:26:37,CUST_0080,ITEM_001,Rice,2,8.0
T001813,2025-10-28,06:26:37,CUST_0080,ITEM_002,Chicken,2,17.0
T001813,2025-10-28,06:26:37,CUST_0080,ITEM_003,Bananas,2,5.6
T001813,2025-10-28,06:26:37,CUST_0080,ITEM_004,Potatoes,1,2.0
T001813,2025-10-28,06:26:37,CUST_0080,ITEM_005,Milk,2,6.4
T001814,2025-10-29,01:09:37,CUST_0047,ITEM_001,Tomatoes,2,7.6
T001814,2025-10-29,01:09:37,CUST_0047,ITEM_002,Rice,1,4.0
T001814,2025-10-29,01:09:37,CUST_0047,ITEM_003,Chicken,3,25.5
T001815,2025-11-02,10:53:37,CUST_0011,ITEM_001,Potatoes,2,4.0
T001815,2025-11-02,10:53:37,CUST_0011,ITEM_002,Beef,3,36.0
T001815,2025-11-02,10:53:37,CUST_0011,ITEM_003,Onions,2,4.4
T001815,2025-11-02,10:53:37,CUST_0011,ITEM_004,Tomatoes,2,7.6
T001816,2025-09-26,22:37:37,CUST_0316,ITEM_001,Potatoes,1,2.0
T001816,2025-09-26,22:37:37,CUST_0316,ITEM_002,Beef,2,24.0
T001816,2025-09-26,22:37:37,CUST_0316,ITEM_003,Butter,2,9.0
T001816,2025-09-26,22:37:37,CUST_0316,ITEM_004,Bread,1,2.5
T001817,2025-11-07,00:03:37,CUST_0269,ITEM_001,Pasta,1,3.5
T001817,2025-11-07,00:03:37,CUST_0269,ITEM_002,Tomatoes,2,7.6
T001818,2025-09-25,03:01:37,CUST_0155,ITEM_001,Cheese,1,5.8
T001819,2025-10-17,09:57:37,CUST_0232,ITEM_001,Butter,3,13.5
T001819,2025-10-17,09:57:37,CUST_0232,ITEM_002,Cheese,1,5.8
T001820,2025-10-09,02:26:37,CUST_0086,ITEM_001,Onions,3,6.6
T001820,2025-10-09,02:26:37,CUST_0086,ITEM_002,Tomatoes,3,11.4
T001820,2025-10-09,02:26:37,CUST_0086,ITEM_003,Eggs,2,6.0
T001820,2025-10-09,02:26:37,CUST_0086,ITEM_004,Bananas,3,8.4
T001821,2025-11-01,05:16:37,CUST_0301,ITEM_001,Onions,3,6.6
T001821,2025-11-01,05:16:37,CUST_0301,ITEM_002,Potatoes,3,6.0
T001821,2025-11-01,05:16:37,CUST_0301,ITEM_003,Eggs,2,6.0
T001821,2025-11-01,05:16:37,CUST_0301,ITEM_004,Beef,2,24.0
T001822,2025-09-23,08:49:37,CUST_0400,ITEM_001,Onions,1,2.2
T001822,2025-09-23,08:49:37,CUST_0400,ITEM_002,Bread,2,5.0
T001822,2025-09-23,08:49:37,CUST_0400,ITEM_003,Apples,2,8.4
T001823,2025-10-13,10:23:37,CUST_0021,ITEM_001,Beef,3,36.0
T001824,2025-11-10,00:19:37,CUST_0349,ITEM_001,Milk,1,3.2
T001824,2025-11-10,00:19:37,CUST_0349,ITEM_002,Cheese,2,11.6
T001824,2025-11-10,00:19:37,CUST_0349,ITEM_003,Butter,2,9.0
T001824,2025-11-10,00:19:37,CUST_0349,ITEM_004,Bread,2,5.0
T001825,2025-09-23,23:53:37,CUST_0243,ITEM_001,Bread,2,5.0
T001825,2025-09-23,23:53:37,CUST_0243,ITEM_002,Eggs,1,3.0
T001826,2025-10-30,04:10:37,CUST_0219,ITEM_001,Butter,3,13.5
T001826,2025-10-30,04:10:37,CUST_0219,ITEM_002,Bread,1,2.5
T001826,2025-10-30,04:10:37,CUST_0219,ITEM_003,Cheese,1,5.8
T001826,2025-10-30,04:10:37,CUST_0219,ITEM_004,Milk,2,6.4
T001827,2025-10-01,03:02:37,CUST_0052,ITEM_001,Milk,1,3.2
T001827,2025-10-01,03:02:37,CUST_0052,ITEM_002,Bread,1,2.5
T001828,2025-10-02,09:25:37,CUST_0318,ITEM_001,Apples,1,4.2
T001829,2025-09-18,00:30:37,CUST_0267,ITEM_001,Chicken,2,17.0
T001830,2025-10-24,02:29:37,CUST_0084,ITEM_001,Onions,1,2.2
T001830,2025-10-24,02:29:37,CUST_0084,ITEM_002,Tomatoes,2,7.6
T001830,2025-10-24,02:29:37,CUST_0084,ITEM_003,Rice,1,4.0
T001830,2025-10-24,02:29:37,CUST_0084,ITEM_004,Chicken,1,8.5
T001830,2025-10-24,02:29:37,CUST_0084,ITEM_005,Pasta,2,7.0
T001830,2025-10-24,02:29:37,CUST_0084,ITEM_006,Eggs,1,3.0
T001831,2025-11-08,09:51:37,CUST_0017,ITEM_001,Butter,2,9.0
T001831,2025-11-08,09:51:37,CUST_0017,ITEM_002,Cheese,1,5.8
T001832,2025-09-28,03:50:37,CUST_0305,ITEM_001,Bread,3,7.5
T001832,2025-09-28,03:50:37,CUST_0305,ITEM_002,Butter,2,9.0
T001832,2025-09-28,03:50:37,CUST_0305,ITEM_003,Milk,1,3.2
T001832,2025-09-28,03:50:37,CUST_0305,ITEM_004,Bananas,3,8.4
T001832,2025-09-28,03:50:37,CUST_0305,ITEM_005,Eggs,1,3.0
T001832,2025-09-28,03:50:37,CUST_0305,ITEM_006,Oranges,2,7.0
T001833,2025-10-04,10:10:37,CUST_0083,ITEM_001,Tomatoes,2,7.6
T001833,2025-10-04,10:10:37,CUST_0083,ITEM_002,Beef,1,12.0
T001833,2025-10-04,10:10:37,CUST_0083,ITEM_003,Pasta,3,10.5
T001833,2025-10-04,10:10:37,CUST_0083,ITEM_004,Onions,2,4.4
T001834,2025-10-12,02:11:37,CUST_0374,ITEM_001,Chicken,3,25.5
T001834,2025-10-12,02:11:37,CUST_0374,ITEM_002,Onions,2,4.4
T001835,2025-09-30,09:16:37,CUST_0092,ITEM_001,Beef,1,12.0
T001835,2025-09-30,09:16:37,CUST_0092,ITEM_002,Potatoes,3,6.0
T001836,2025-10-13,08:06:37,CUST_0258,ITEM_001,Oranges,1,3.5
T001836,2025-10-13,08:06:37,CUST_0258,ITEM_002,Chicken,1,8.5
T001837,2025-10-12,09:15:37,CUST_0275,ITEM_001,Apples,1,4.2
T001837,2025-10-12,09:15:37,CUST_0275,ITEM_002,Bananas,3,8.4
T001837,2025-10-12,09:15:37,CUST_0275,ITEM_003,Milk,2,6.4
T001837,2025-10-12,09:15:37,CUST_0275,ITEM_004,Bread,1,2.5
T001837,2025-10-12,09:15:37,CUST_0275,ITEM_005,Butter,1,4.5
T001837,2025-10-12,09:15:37,CUST_0275,ITEM_006,Eggs,3,9.0
T001837,2025-10-12,09:15:37,CUST_0275,ITEM_007,Rice,3,12.0
T001838,2025-10-27,23:29:37,CUST_0336,ITEM_001,Chicken,1,8.5
T001838,2025-10-27,23:29:37,CUST_0336,ITEM_002,Rice,2,8.0
T001838,2025-10-27,23:29:37,CUST_0336,ITEM_003,Tomatoes,2,7.6
T001838,2025-10-27,23:29:37,CUST_0336,ITEM_004,Bread,3,7.5
T001838,2025-10-27,23:29:37,CUST_0336,ITEM_005,Beef,1,12.0
T001838,2025-10-27,23:29:37,CUST_0336,ITEM_006,Milk,1,3.2
T001838,2025-10-27,23:29:37,CUST_0336,ITEM_007,Pasta,1,3.5
T001838,2025-10-27,23:29:37,CUST_0336,ITEM_008,Apples,1,4.2
T001839,2025-10-26,07:29:37,CUST_0383,ITEM_001,Eggs,1,3.0
T001840,2025-09-19,23:29:37,CUST_0398,ITEM_001,Bananas,2,5.6
T001840,2025-09-19,23:29:37,CUST_0398,ITEM_002,Milk,2,6.4
T001840,2025-09-19,23:29:37,CUST_0398,ITEM_003,Bread,1,2.5
T001840,2025-09-19,23:29:37,CUST_0398,ITEM_004,Eggs,3,9.0
T001841,2025-10-24,08:04:37,CUST_0288,ITEM_001,Bread,3,7.5
T001841,2025-10-24,08:04:37,CUST_0288,ITEM_002,Eggs,3,9.0
T001841,2025-10-24,08:04:37,CUST_0288,ITEM_003,Milk,1,3.2
T001841,2025-10-24,08:04:37,CUST_0288,ITEM_004,Pasta,1,3.5
T001841,2025-10-24,08:04:37,CUST_0288,ITEM_005,Apples,3,12.6
T001841,2025-10-24,08:04:37,CUST_0288,ITEM_006,Butter,3,13.5
T001842,2025-10-10,05:50:37,CUST_0181,ITEM_001,Beef,2,24.0
T001842,2025-10-10,05:50:37,CUST_0181,ITEM_002,Potatoes,1,2.0
T001842,2025-10-10,05:50:37,CUST_0181,ITEM_003,Pasta,2,7.0
T001842,2025-10-10,05:50:37,CUST_0181,ITEM_004,Tomatoes,2,7.6
T001843,2025-09-19,03:32:37,CUST_0488,ITEM_001,Beef,1,12.0
T001843,2025-09-19,03:32:37,CUST_0488,ITEM_002,Oranges,1,3.5
T001843,2025-09-19,03:32:37,CUST_0488,ITEM_003,Potatoes,1,2.0
T001843,2025-09-19,03:32:37,CUST_0488,ITEM_004,Onions,3,6.6
T001843,2025-09-19,03:32:37,CUST_0488,ITEM_005,Tomatoes,2,7.6
T001843,2025-09-19,03:32:37,CUST_0488,ITEM_006,Chicken,3,25.5
T001844,2025-09-25,06:59:37,CUST_0107,ITEM_001,Oranges,2,7.0
T001844,2025-09-25,06:59:37,CUST_0107,ITEM_002,Bread,2,5.0
T001844,2025-09-25,06:59:37,CUST_0107,ITEM_003,Milk,1,3.2
T001844,2025-09-25,06:59:37,CUST_0107,ITEM_004,Cheese,2,11.6
T001844,2025-09-25,06:59:37,CUST_0107,ITEM_005,Butter,1,4.5
T001844,2025-09-25,06:59:37,CUST_0107,ITEM_006,Potatoes,3,6.0
T001844,2025-09-25,06:59:37,CUST_0107,ITEM_007,Eggs,3,9.0
T001844,2025-09-25,06:59:37,CUST_0107,ITEM_008,Bananas,2,5.6
T001845,2025-11-10,05:27:37,CUST_0031,ITEM_001,Bread,3,7.5
T001845,2025-11-10,05:27:37,CUST_0031,ITEM_002,Bananas,2,5.6
T001846,2025-10-19,07:31:37,CUST_0498,ITEM_001,Eggs,2,6.0
T001846,2025-10-19,07:31:37,CUST_0498,ITEM_002,Cheese,1,5.8
T001846,2025-10-19,07:31:37,CUST_0498,ITEM_003,Bananas,1,2.8
T001846,2025-10-19,07:31:37,CUST_0498,ITEM_004,Milk,1,3.2
T001846,2025-10-19,07:31:37,CUST_0498,ITEM_005,Butter,3,13.5
T001846,2025-10-19,07:31:37,CUST_0498,ITEM_006,Onions,2,4.4
T001847,2025-10-13,03:30:37,CUST_0122,ITEM_001,Pasta,3,10.5
T001847,2025-10-13,03:30:37,CUST_0122,ITEM_002,Tomatoes,2,7.6
T001847,2025-10-13,03:30:37,CUST_0122,ITEM_003,Chicken,3,25.5
T001847,2025-10-13,03:30:37,CUST_0122,ITEM_004,Rice,1,4.0
T001848,2025-10-25,04:20:37,CUST_0211,ITEM_001,Apples,2,8.4
T001849,2025-11-10,22:50:37,CUST_0204,ITEM_001,Chicken,2,17.0
T001849,2025-11-10,22:50:37,CUST_0204,ITEM_002,Onions,2,4.4
T001849,2025-11-10,22:50:37,CUST_0204,ITEM_003,Rice,1,4.0
T001849,2025-11-10,22:50:37,CUST_0204,ITEM_004,Bread,3,7.5
T001849,2025-11-10,22:50:37,CUST_0204,ITEM_005,Eggs,1,3.0
T001850,2025-10-26,07:43:37,CUST_0233,ITEM_001,Beef,1,12.0
T001850,2025-10-26,07:43:37,CUST_0233,ITEM_002,Potatoes,3,6.0
T001850,2025-10-26,07:43:37,CUST_0233,ITEM_003,Apples,3,12.6
T001850,2025-10-26,07:43:37,CUST_0233,ITEM_004,Bananas,1,2.8
T001851,2025-10-09,23:39:37,CUST_0343,ITEM_001,Cheese,2,11.6
T001851,2025-10-09,23:39:37,CUST_0343,ITEM_002,Milk,3,9.6
T001851,2025-10-09,23:39:37,CUST_0343,ITEM_003,Tomatoes,3,11.4
T001851,2025-10-09,23:39:37,CUST_0343,ITEM_004,Bananas,3,8.4
T001851,2025-10-09,23:39:37,CUST_0343,ITEM_005,Onions,1,2.2
T001851,2025-10-09,23:39:37,CUST_0343,ITEM_006,Oranges,3,10.5
T001852,2025-10-31,08:55:37,CUST_0143,ITEM_001,Bananas,3,8.4
T001853,2025-10-11,01:44:37,CUST_0458,ITEM_001,Eggs,3,9.0
T001853,2025-10-11,01:44:37,CUST_0458,ITEM_002,Milk,1,3.2
T001853,2025-10-11,01:44:37,CUST_0458,ITEM_003,Apples,1,4.2
T001854,2025-10-31,00:38:37,CUST_0324,ITEM_001,Apples,2,8.4
T001854,2025-10-31,00:38:37,CUST_0324,ITEM_002,Onions,3,6.6
T001855,2025-11-09,04:37:37,CUST_0088,ITEM_001,Bread,1,2.5
T001855,2025-11-09,04:37:37,CUST_0088,ITEM_002,Milk,3,9.6
T001855,2025-11-09,04:37:37,CUST_0088,ITEM_003,Eggs,3,9.0
T001855,2025-11-09,04:37:37,CUST_0088,ITEM_004,Butter,1,4.5
T001856,2025-10-01,08:57:37,CUST_0320,ITEM_001,Bananas,2,5.6
T001857,2025-10-08,08:36:37,CUST_0155,ITEM_001,Apples,2,8.4
T001857,2025-10-08,08:36:37,CUST_0155,ITEM_002,Bananas,1,2.8
T001857,2025-10-08,08:36:37,CUST_0155,ITEM_003,Milk,3,9.6
T001857,2025-10-08,08:36:37,CUST_0155,ITEM_004,Rice,1,4.0
T001858,2025-10-01,04:35:37,CUST_0026,ITEM_001,Eggs,3,9.0
T001858,2025-10-01,04:35:37,CUST_0026,ITEM_002,Milk,1,3.2
T001858,2025-10-01,04:35:37,CUST_0026,ITEM_003,Bread,3,7.5
T001859,2025-10-26,01:55:37,CUST_0154,ITEM_001,Onions,1,2.2
T001859,2025-10-26,01:55:37,CUST_0154,ITEM_002,Pasta,2,7.0
T001859,2025-10-26,01:55:37,CUST_0154,ITEM_003,Tomatoes,2,7.6
T001859,2025-10-26,01:55:37,CUST_0154,ITEM_004,Butter,1,4.5
T001860,2025-10-16,00:59:37,CUST_0201,ITEM_001,Cheese,2,11.6
T001860,2025-10-16,00:59:37,CUST_0201,ITEM_002,Milk,1,3.2
T001860,2025-10-16,00:59:37,CUST_0201,ITEM_003,Oranges,1,3.5
T001860,2025-10-16,00:59:37,CUST_0201,ITEM_004,Potatoes,2,4.0
T001860,2025-10-16,00:59:37,CUST_0201,ITEM_005,Bread,1,2.5
T001860,2025-10-16,00:59:37,CUST_0201,ITEM_006,Onions,3,6.6
T001860,2025-10-16,00:59:37,CUST_0201,ITEM_007,Butter,2,9.0
T001861,2025-10-04,04:29:37,CUST_0208,ITEM_001,Bread,1,2.5
T001861,2025-10-04,04:29:37,CUST_0208,ITEM_002,Eggs,1,3.0
T001861,2025-10-04,04:29:37,CUST_0208,ITEM_003,Butter,3,13.5
T001862,2025-10-17,04:24:37,CUST_0293,ITEM_001,Bananas,1,2.8
T001862,2025-10-17,04:24:37,CUST_0293,ITEM_002,Apples,3,12.6
T001862,2025-10-17,04:24:37,CUST_0293,ITEM_003,Tomatoes,2,7.6
T001863,2025-10-19,07:18:37,CUST_0137,ITEM_001,Beef,3,36.0
T001863,2025-10-19,07:18:37,CUST_0137,ITEM_002,Potatoes,1,2.0
T001863,2025-10-19,07:18:37,CUST_0137,ITEM_003,Chicken,3,25.5
T001864,2025-10-12,00:48:37,CUST_0081,ITEM_001,Milk,2,6.4
T001864,2025-10-12,00:48:37,CUST_0081,ITEM_002,Cheese,2,11.6
T001864,2025-10-12,00:48:37,CUST_0081,ITEM_003,Eggs,1,3.0
T001865,2025-10-03,09:15:37,CUST_0273,ITEM_001,Beef,2,24.0
T001865,2025-10-03,09:15:37,CUST_0273,ITEM_002,Potatoes,3,6.0
T001865,2025-10-03,09:15:37,CUST_0273,ITEM_003,Onions,3,6.6
T001865,2025-10-03,09:15:37,CUST_0273,ITEM_004,Chicken,3,25.5
T001865,2025-10-03,09:15:37,CUST_0273,ITEM_005,Rice,1,4.0
T001866,2025-11-06,05:25:37,CUST_0428,ITEM_001,Milk,1,3.2
T001866,2025-11-06,05:25:37,CUST_0428,ITEM_002,Bananas,1,2.8
T001867,2025-09-26,02:48:37,CUST_0485,ITEM_001,Chicken,1,8.5
T001867,2025-09-26,02:48:37,CUST_0485,ITEM_002,Tomatoes,2,7.6
T001867,2025-09-26,02:48:37,CUST_0485,ITEM_003,Rice,3,12.0
T001868,2025-09-16,05:23:37,CUST_0296,ITEM_001,Milk,1,3.2
T001868,2025-09-16,05:23:37,CUST_0296,ITEM_002,Cheese,1,5.8
T001868,2025-09-16,05:23:37,CUST_0296,ITEM_003,Onions,2,4.4
T001869,2025-10-30,07:32:37,CUST_0067,ITEM_001,Cheese,2,11.6
T001869,2025-10-30,07:32:37,CUST_0067,ITEM_002,Milk,1,3.2
T001869,2025-10-30,07:32:37,CUST_0067,ITEM_003,Beef,3,36.0
T001869,2025-10-30,07:32:37,CUST_0067,ITEM_004,Eggs,2,6.0
T001870,2025-11-03,10:16:37,CUST_0028,ITEM_001,Tomatoes,1,3.8
T001871,2025-10-30,09:42:37,CUST_0102,ITEM_001,Potatoes,2,4.0
T001871,2025-10-30,09:42:37,CUST_0102,ITEM_002,Apples,1,4.2
T001872,2025-09-28,08:24:37,CUST_0154,ITEM_001,Beef,3,36.0
T001873,2025-10-19,04:52:37,CUST_0395,ITEM_001,Bananas,3,8.4
T001873,2025-10-19,04:52:37,CUST_0395,ITEM_002,Onions,1,2.2
T001873,2025-10-19,04:52:37,CUST_0395,ITEM_003,Oranges,2,7.0
T001874,2025-09-18,10:11:37,CUST_0419,ITEM_001,Beef,3,36.0
T001874,2025-09-18,10:11:37,CUST_0419,ITEM_002,Potatoes,3,6.0
T001874,2025-09-18,10:11:37,CUST_0419,ITEM_003,Pasta,1,3.5
T001874,2025-09-18,10:11:37,CUST_0419,ITEM_004,Onions,1,2.2
T001875,2025-09-17,00:42:37,CUST_0294,ITEM_001,Beef,2,24.0
T001875,2025-09-17,00:42:37,CUST_0294,ITEM_002,Tomatoes,2,7.6
T001875,2025-09-17,00:42:37,CUST_0294,ITEM_003,Potatoes,2,4.0
T001875,2025-09-17,00:42:37,CUST_0294,ITEM_004,Chicken,3,25.5
T001875,2025-09-17,00:42:37,CUST_0294,ITEM_005,Onions,3,6.6
T001875,2025-09-17,00:42:37,CUST_0294,ITEM_006,Pasta,2,7.0
T001876,2025-09-17,01:54:37,CUST_0332,ITEM_001,Potatoes,2,4.0
T001877,2025-11-04,00:08:37,CUST_0290,ITEM_001,Butter,3,13.5
T001877,2025-11-04,00:08:37,CUST_0290,ITEM_002,Cheese,1,5.8
T001877,2025-11-04,00:08:37,CUST_0290,ITEM_003,Oranges,3,10.5
T001878,2025-09-23,08:39:37,CUST_0297,ITEM_001,Eggs,3,9.0
T001878,2025-09-23,08:39:37,CUST_0297,ITEM_002,Bread,3,7.5
T001878,2025-09-23,08:39:37,CUST_0297,ITEM_003,Butter,2,9.0
T001878,2025-09-23,08:39:37,CUST_0297,ITEM_004,Apples,3,12.6
T001878,2025-09-23,08:39:37,CUST_0297,ITEM_005,Milk,3,9.6
T001878,2025-09-23,08:39:37,CUST_0297,ITEM_006,Bananas,3,8.4
T001878,2025-09-23,08:39:37,CUST_0297,ITEM_007,Pasta,1,3.5
T001878,2025-09-23,08:39:37,CUST_0297,ITEM_008,Potatoes,3,6.0
T001879,2025-11-09,10:03:37,CUST_0335,ITEM_001,Apples,2,8.4
T001879,2025-11-09,10:03:37,CUST_0335,ITEM_002,Eggs,2,6.0
T001879,2025-11-09,10:03:37,CUST_0335,ITEM_003,Milk,2,6.4
T001879,2025-11-09,10:03:37,CUST_0335,ITEM_004,Bread,1,2.5
T001879,2025-11-09,10:03:37,CUST_0335,ITEM_005,Butter,2,9.0
T001880,2025-10-26,07:29:37,CUST_0268,ITEM_001,Eggs,2,6.0
T001880,2025-10-26,07:29:37,CUST_0268,ITEM_002,Tomatoes,1,3.8
T001880,2025-10-26,07:29:37,CUST_0268,ITEM_003,Bread,1,2.5
T001881,2025-10-19,00:10:37,CUST_0438,ITEM_001,Oranges,3,10.5
T001881,2025-10-19,00:10:37,CUST_0438,ITEM_002,Pasta,2,7.0
T001881,2025-10-19,00:10:37,CUST_0438,ITEM_003,Tomatoes,1,3.8
T001881,2025-10-19,00:10:37,CUST_0438,ITEM_004,Onions,2,4.4
T001881,2025-10-19,00:10:37,CUST_0438,ITEM_005,Bananas,1,2.8
T001881,2025-10-19,00:10:37,CUST_0438,ITEM_006,Milk,2,6.4
T001882,2025-09-16,00:47:37,CUST_0184,ITEM_001,Tomatoes,3,11.4
T001882,2025-09-16,00:47:37,CUST_0184,ITEM_002,Pasta,3,10.5
T001882,2025-09-16,00:47:37,CUST_0184,ITEM_003,Chicken,1,8.5
T001882,2025-09-16,00:47:37,CUST_0184,ITEM_004,Rice,2,8.0
T001882,2025-09-16,00:47:37,CUST_0184,ITEM_005,Onions,1,2.2
T001882,2025-09-16,00:47:37,CUST_0184,ITEM_006,Beef,1,12.0
T001882,2025-09-16,00:47:37,CUST_0184,ITEM_007,Potatoes,2,4.0
T001883,2025-11-09,05:01:37,CUST_0174,ITEM_001,Beef,1,12.0
T001884,2025-09-27,08:06:37,CUST_0095,ITEM_001,Pasta,3,10.5
T001884,2025-09-27,08:06:37,CUST_0095,ITEM_002,Cheese,3,17.4
T001884,2025-09-27,08:06:37,CUST_0095,ITEM_003,Milk,2,6.4
T001885,2025-10-04,03:10:37,CUST_0441,ITEM_001,Butter,2,9.0
T001885,2025-10-04,03:10:37,CUST_0441,ITEM_002,Bread,2,5.0
T001885,2025-10-04,03:10:37,CUST_0441,ITEM_003,Cheese,3,17.4
T001885,2025-10-04,03:10:37,CUST_0441,ITEM_004,Onions,3,6.6
T001886,2025-11-02,22:32:37,CUST_0367,ITEM_001,Bananas,2,5.6
T001886,2025-11-02,22:32:37,CUST_0367,ITEM_002,Apples,3,12.6
T001886,2025-11-02,22:32:37,CUST_0367,ITEM_003,Milk,3,9.6
T001886,2025-11-02,22:32:37,CUST_0367,ITEM_004,Oranges,1,3.5
T001887,2025-11-11,09:08:37,CUST_0398,ITEM_001,Apples,1,4.2
T001887,2025-11-11,09:08:37,CUST_0398,ITEM_002,Bananas,1,2.8
T001887,2025-11-11,09:08:37,CUST_0398,ITEM_003,Milk,3,9.6
T001888,2025-10-12,01:15:37,CUST_0172,ITEM_001,Bananas,3,8.4
T001888,2025-10-12,01:15:37,CUST_0172,ITEM_002,Milk,3,9.6
T001888,2025-10-12,01:15:37,CUST_0172,ITEM_003,Cheese,1,5.8
T001889,2025-10-17,02:37:37,CUST_0367,ITEM_001,Milk,2,6.4
T001889,2025-10-17,02:37:37,CUST_0367,ITEM_002,Bananas,2,5.6
T001890,2025-11-06,10:27:37,CUST_0187,ITEM_001,Tomatoes,1,3.8
T001890,2025-11-06,10:27:37,CUST_0187,ITEM_002,Beef,1,12.0
T001890,2025-11-06,10:27:37,CUST_0187,ITEM_003,Pasta,3,10.5
T001890,2025-11-06,10:27:37,CUST_0187,ITEM_004,Potatoes,1,2.0
T001891,2025-10-25,01:41:37,CUST_0467,ITEM_001,Bread,2,5.0
T001891,2025-10-25,01:41:37,CUST_0467,ITEM_002,Eggs,1,3.0
T001891,2025-10-25,01:41:37,CUST_0467,ITEM_003,Butter,2,9.0
T001891,2025-10-25,01:41:37,CUST_0467,ITEM_004,Bananas,1,2.8
T001891,2025-10-25,01:41:37,CUST_0467,ITEM_005,Apples,2,8.4
T001892,2025-11-10,09:32:37,CUST_0195,ITEM_001,Tomatoes,3,11.4
T001893,2025-10-15,00:11:37,CUST_0079,ITEM_001,Apples,3,12.6
T001893,2025-10-15,00:11:37,CUST_0079,ITEM_002,Eggs,3,9.0
T001893,2025-10-15,00:11:37,CUST_0079,ITEM_003,Bread,2,5.0
T001893,2025-10-15,00:11:37,CUST_0079,ITEM_004,Milk,1,3.2
T001893,2025-10-15,00:11:37,CUST_0079,ITEM_005,Beef,2,24.0
T001894,2025-10-12,00:18:37,CUST_0482,ITEM_001,Bananas,1,2.8
T001894,2025-10-12,00:18:37,CUST_0482,ITEM_002,Milk,2,6.4
T001895,2025-09-17,09:48:37,CUST_0462,ITEM_001,Apples,3,12.6
T001895,2025-09-17,09:48:37,CUST_0462,ITEM_002,Beef,3,36.0
T001895,2025-09-17,09:48:37,CUST_0462,ITEM_003,Bananas,3,8.4
T001895,2025-09-17,09:48:37,CUST_0462,ITEM_004,Milk,3,9.6
T001895,2025-09-17,09:48:37,CUST_0462,ITEM_005,Eggs,2,6.0
T001895,2025-09-17,09:48:37,CUST_0462,ITEM_006,Bread,1,2.5
T001895,2025-09-17,09:48:37,CUST_0462,ITEM_007,Onions,2,4.4
T001896,2025-10-21,03:57:37,CUST_0482,ITEM_001,Onions,2,4.4
T001896,2025-10-21,03:57:37,CUST_0482,ITEM_002,Eggs,2,6.0
T001896,2025-10-21,03:57:37,CUST_0482,ITEM_003,Milk,2,6.4
T001897,2025-09-22,02:24:37,CUST_0048,ITEM_001,Cheese,3,17.4
T001897,2025-09-22,02:24:37,CUST_0048,ITEM_002,Milk,1,3.2
T001897,2025-09-22,02:24:37,CUST_0048,ITEM_003,Eggs,3,9.0
T001897,2025-09-22,02:24:37,CUST_0048,ITEM_004,Bread,2,5.0
T001897,2025-09-22,02:24:37,CUST_0048,ITEM_005,Bananas,1,2.8
T001897,2025-09-22,02:24:37,CUST_0048,ITEM_006,Butter,3,13.5
T001897,2025-09-22,02:24:37,CUST_0048,ITEM_007,Apples,1,4.2
T001898,2025-10-27,04:32:37,CUST_0325,ITEM_001,Pasta,3,10.5
T001898,2025-10-27,04:32:37,CUST_0325,ITEM_002,Bread,1,2.5
T001898,2025-10-27,04:32:37,CUST_0325,ITEM_003,Beef,3,36.0
T001898,2025-10-27,04:32:37,CUST_0325,ITEM_004,Milk,2,6.4
T001899,2025-11-08,09:21:37,CUST_0231,ITEM_001,Onions,1,2.2
T001900,2025-11-01,01:14:37,CUST_0057,ITEM_001,Pasta,3,10.5
T001900,2025-11-01,01:14:37,CUST_0057,ITEM_002,Tomatoes,3,11.4
T001901,2025-11-01,06:46:37,CUST_0371,ITEM_001,Rice,1,4.0
T001901,2025-11-01,06:46:37,CUST_0371,ITEM_002,Pasta,1,3.5
T001901,2025-11-01,06:46:37,CUST_0371,ITEM_003,Chicken,2,17.0
T001901,2025-11-01,06:46:37,CUST_0371,ITEM_004,Tomatoes,1,3.8
T001901,2025-11-01,06:46:37,CUST_0371,ITEM_005,Apples,2,8.4
T001901,2025-11-01,06:46:37,CUST_0371,ITEM_006,Onions,2,4.4
T001902,2025-11-10,00:59:37,CUST_0268,ITEM_001,Onions,3,6.6
T001902,2025-11-10,00:59:37,CUST_0268,ITEM_002,Potatoes,2,4.0
T001902,2025-11-10,00:59:37,CUST_0268,ITEM_003,Bread,1,2.5
T001903,2025-11-10,07:51:37,CUST_0478,ITEM_001,Milk,3,9.6
T001903,2025-11-10,07:51:37,CUST_0478,ITEM_002,Eggs,1,3.0
T001903,2025-11-10,07:51:37,CUST_0478,ITEM_003,Bread,1,2.5
T001904,2025-09-25,05:04:37,CUST_0080,ITEM_001,Beef,3,36.0
T001904,2025-09-25,05:04:37,CUST_0080,ITEM_002,Potatoes,2,4.0
T001905,2025-10-24,06:06:37,CUST_0145,ITEM_001,Bananas,2,5.6
T001905,2025-10-24,06:06:37,CUST_0145,ITEM_002,Potatoes,3,6.0
T001905,2025-10-24,06:06:37,CUST_0145,ITEM_003,Milk,3,9.6
T001905,2025-10-24,06:06:37,CUST_0145,ITEM_004,Eggs,3,9.0
T001905,2025-10-24,06:06:37,CUST_0145,ITEM_005,Onions,1,2.2
T001906,2025-10-30,11:11:37,CUST_0205,ITEM_001,Onions,3,6.6
T001906,2025-10-30,11:11:37,CUST_0205,ITEM_002,Potatoes,1,2.0
T001906,2025-10-30,11:11:37,CUST_0205,ITEM_003,Bread,3,7.5
T001906,2025-10-30,11:11:37,CUST_0205,ITEM_004,Tomatoes,1,3.8
T001907,2025-09-26,23:18:37,CUST_0017,ITEM_001,Rice,2,8.0
T001907,2025-09-26,23:18:37,CUST_0017,ITEM_002,Chicken,2,17.0
T001907,2025-09-26,23:18:37,CUST_0017,ITEM_003,Tomatoes,1,3.8
T001907,2025-09-26,23:18:37,CUST_0017,ITEM_004,Pasta,1,3.5
T001907,2025-09-26,23:18:37,CUST_0017,ITEM_005,Apples,3,12.6
T001907,2025-09-26,23:18:37,CUST_0017,ITEM_006,Bananas,3,8.4
T001907,2025-09-26,23:18:37,CUST_0017,ITEM_007,Onions,2,4.4
T001908,2025-11-13,05:57:37,CUST_0270,ITEM_001,Cheese,2,11.6
T001909,2025-10-02,08:46:37,CUST_0135,ITEM_001,Chicken,3,25.5
T001909,2025-10-02,08:46:37,CUST_0135,ITEM_002,Rice,2,8.0
T001909,2025-10-02,08:46:37,CUST_0135,ITEM_003,Bananas,3,8.4
T001910,2025-10-07,11:08:37,CUST_0439,ITEM_001,Eggs,3,9.0
T001910,2025-10-07,11:08:37,CUST_0439,ITEM_002,Milk,1,3.2
T001910,2025-10-07,11:08:37,CUST_0439,ITEM_003,Butter,1,4.5
T001910,2025-10-07,11:08:37,CUST_0439,ITEM_004,Bread,3,7.5
T001910,2025-10-07,11:08:37,CUST_0439,ITEM_005,Cheese,2,11.6
T001910,2025-10-07,11:08:37,CUST_0439,ITEM_006,Bananas,3,8.4
T001910,2025-10-07,11:08:37,CUST_0439,ITEM_007,Pasta,3,10.5
T001911,2025-10-17,22:38:37,CUST_0334,ITEM_001,Rice,2,8.0
T001911,2025-10-17,22:38:37,CUST_0334,ITEM_002,Beef,3,36.0
T001911,2025-10-17,22:38:37,CUST_0334,ITEM_003,Chicken,3,25.5
T001911,2025-10-17,22:38:37,CUST_0334,ITEM_004,Tomatoes,3,11.4
T001911,2025-10-17,22:38:37,CUST_0334,ITEM_005,Oranges,3,10.5
T001911,2025-10-17,22:38:37,CUST_0334,ITEM_006,Onions,3,6.6
T001911,2025-10-17,22:38:37,CUST_0334,ITEM_007,Potatoes,1,2.0
T001912,2025-09-15,23:20:37,CUST_0099,ITEM_001,Potatoes,1,2.0
T001912,2025-09-15,23:20:37,CUST_0099,ITEM_002,Onions,1,2.2
T001912,2025-09-15,23:20:37,CUST_0099,ITEM_003,Tomatoes,2,7.6
T001912,2025-09-15,23:20:37,CUST_0099,ITEM_004,Cheese,1,5.8
T001912,2025-09-15,23:20:37,CUST_0099,ITEM_005,Butter,3,13.5
T001912,2025-09-15,23:20:37,CUST_0099,ITEM_006,Milk,1,3.2
T001912,2025-09-15,23:20:37,CUST_0099,ITEM_007,Apples,2,8.4
T001913,2025-10-29,23:50:37,CUST_0398,ITEM_001,Oranges,3,10.5
T001913,2025-10-29,23:50:37,CUST_0398,ITEM_002,Eggs,2,6.0
T001914,2025-11-02,01:47:37,CUST_0276,ITEM_001,Onions,1,2.2
T001914,2025-11-02,01:47:37,CUST_0276,ITEM_002,Potatoes,2,4.0
T001914,2025-11-02,01:47:37,CUST_0276,ITEM_003,Eggs,2,6.0
T001914,2025-11-02,01:47:37,CUST_0276,ITEM_004,Bread,2,5.0
T001914,2025-11-02,01:47:37,CUST_0276,ITEM_005,Tomatoes,3,11.4
T001914,2025-11-02,01:47:37,CUST_0276,ITEM_006,Pasta,3,10.5
T001914,2025-11-02,01:47:37,CUST_0276,ITEM_007,Chicken,2,17.0
T001915,2025-10-03,03:28:37,CUST_0375,ITEM_001,Apples,2,8.4
T001915,2025-10-03,03:28:37,CUST_0375,ITEM_002,Potatoes,1,2.0
T001915,2025-10-03,03:28:37,CUST_0375,ITEM_003,Cheese,3,17.4
T001915,2025-10-03,03:28:37,CUST_0375,ITEM_004,Bread,2,5.0
T001916,2025-11-07,00:02:37,CUST_0220,ITEM_001,Bananas,3,8.4
T001916,2025-11-07,00:02:37,CUST_0220,ITEM_002,Apples,1,4.2
T001916,2025-11-07,00:02:37,CUST_0220,ITEM_003,Milk,3,9.6
T001917,2025-09-26,02:24:37,CUST_0384,ITEM_001,Apples,1,4.2
T001917,2025-09-26,02:24:37,CUST_0384,ITEM_002,Bananas,2,5.6
T001918,2025-11-13,00:01:37,CUST_0381,ITEM_001,Tomatoes,3,11.4
T001918,2025-11-13,00:01:37,CUST_0381,ITEM_002,Chicken,2,17.0
T001919,2025-11-10,09:09:37,CUST_0062,ITEM_001,Beef,3,36.0
T001919,2025-11-10,09:09:37,CUST_0062,ITEM_002,Oranges,2,7.0
T001919,2025-11-10,09:09:37,CUST_0062,ITEM_003,Potatoes,3,6.0
T001920,2025-10-17,01:34:37,CUST_0161,ITEM_001,Pasta,2,7.0
T001921,2025-09-19,23:29:37,CUST_0162,ITEM_001,Onions,1,2.2
T001921,2025-09-19,23:29:37,CUST_0162,ITEM_002,Tomatoes,1,3.8
T001921,2025-09-19,23:29:37,CUST_0162,ITEM_003,Bread,2,5.0
T001921,2025-09-19,23:29:37,CUST_0162,ITEM_004,Cheese,2,11.6
T001921,2025-09-19,23:29:37,CUST_0162,ITEM_005,Potatoes,1,2.0
T001922,2025-09-30,03:13:37,CUST_0024,ITEM_001,Oranges,3,10.5
T001922,2025-09-30,03:13:37,CUST_0024,ITEM_002,Rice,2,8.0
T001922,2025-09-30,03:13:37,CUST_0024,ITEM_003,Chicken,1,8.5
T001922,2025-09-30,03:13:37,CUST_0024,ITEM_004,Potatoes,2,4.0
T001922,2025-09-30,03:13:37,CUST_0024,ITEM_005,Onions,3,6.6
T001922,2025-09-30,03:13:37,CUST_0024,ITEM_006,Pasta,2,7.0
T001923,2025-09-23,11:24:37,CUST_0098,ITEM_001,Apples,1,4.2
T001923,2025-09-23,11:24:37,CUST_0098,ITEM_002,Bananas,1,2.8
T001923,2025-09-23,11:24:37,CUST_0098,ITEM_003,Milk,2,6.4
T001923,2025-09-23,11:24:37,CUST_0098,ITEM_004,Onions,1,2.2
T001923,2025-09-23,11:24:37,CUST_0098,ITEM_005,Bread,3,7.5
T001923,2025-09-23,11:24:37,CUST_0098,ITEM_006,Eggs,2,6.0
T001924,2025-10-25,00:26:37,CUST_0177,ITEM_001,Tomatoes,1,3.8
T001924,2025-10-25,00:26:37,CUST_0177,ITEM_002,Chicken,2,17.0
T001924,2025-10-25,00:26:37,CUST_0177,ITEM_003,Milk,3,9.6
T001924,2025-10-25,00:26:37,CUST_0177,ITEM_004,Oranges,1,3.5
T001925,2025-09-21,01:46:37,CUST_0351,ITEM_001,Beef,2,24.0
T001926,2025-10-20,06:45:37,CUST_0137,ITEM_001,Pasta,3,10.5
T001926,2025-10-20,06:45:37,CUST_0137,ITEM_002,Tomatoes,3,11.4
T001926,2025-10-20,06:45:37,CUST_0137,ITEM_003,Cheese,2,11.6
T001926,2025-10-20,06:45:37,CUST_0137,ITEM_004,Chicken,1,8.5
T001926,2025-10-20,06:45:37,CUST_0137,ITEM_005,Onions,1,2.2
T001926,2025-10-20,06:45:37,CUST_0137,ITEM_006,Butter,3,13.5
T001927,2025-09-18,03:26:37,CUST_0020,ITEM_001,Chicken,3,25.5
T001928,2025-09-21,04:25:37,CUST_0300,ITEM_001,Tomatoes,2,7.6
T001928,2025-09-21,04:25:37,CUST_0300,ITEM_002,Chicken,3,25.5
T001928,2025-09-21,04:25:37,CUST_0300,ITEM_003,Milk,2,6.4
T001928,2025-09-21,04:25:37,CUST_0300,ITEM_004,Rice,2,8.0
T001929,2025-10-08,01:27:37,CUST_0368,ITEM_001,Cheese,1,5.8
T001929,2025-10-08,01:27:37,CUST_0368,ITEM_002,Milk,2,6.4
T001930,2025-10-23,01:26:37,CUST_0398,ITEM_001,Chicken,2,17.0
T001930,2025-10-23,01:26:37,CUST_0398,ITEM_002,Milk,2,6.4
T001930,2025-10-23,01:26:37,CUST_0398,ITEM_003,Bananas,3,8.4
T001930,2025-10-23,01:26:37,CUST_0398,ITEM_004,Tomatoes,2,7.6
T001930,2025-10-23,01:26:37,CUST_0398,ITEM_005,Onions,2,4.4
T001930,2025-10-23,01:26:37,CUST_0398,ITEM_006,Potatoes,2,4.0
T001930,2025-10-23,01:26:37,CUST_0398,ITEM_007,Rice,1,4.0
T001931,2025-10-30,00:51:37,CUST_0103,ITEM_001,Bread,3,7.5
T001931,2025-10-30,00:51:37,CUST_0103,ITEM_002,Milk,3,9.6
T001932,2025-11-14,03:56:37,CUST_0298,ITEM_001,Apples,3,12.6
T001933,2025-10-23,09:17:37,CUST_0093,ITEM_001,Beef,3,36.0
T001933,2025-10-23,09:17:37,CUST_0093,ITEM_002,Potatoes,2,4.0
T001933,2025-10-23,09:17:37,CUST_0093,ITEM_003,Bread,3,7.5
T001934,2025-10-27,08:44:37,CUST_0197,ITEM_001,Pasta,2,7.0
T001934,2025-10-27,08:44:37,CUST_0197,ITEM_002,Bread,2,5.0
T001934,2025-10-27,08:44:37,CUST_0197,ITEM_003,Tomatoes,3,11.4
T001934,2025-10-27,08:44:37,CUST_0197,ITEM_004,Bananas,1,2.8
T001934,2025-10-27,08:44:37,CUST_0197,ITEM_005,Apples,3,12.6
T001935,2025-09-23,07:02:37,CUST_0368,ITEM_001,Rice,3,12.0
T001935,2025-09-23,07:02:37,CUST_0368,ITEM_002,Chicken,1,8.5
T001936,2025-09-26,10:04:37,CUST_0073,ITEM_001,Pasta,2,7.0
T001936,2025-09-26,10:04:37,CUST_0073,ITEM_002,Tomatoes,3,11.4
T001936,2025-09-26,10:04:37,CUST_0073,ITEM_003,Chicken,1,8.5
T001936,2025-09-26,10:04:37,CUST_0073,ITEM_004,Bananas,1,2.8
T001936,2025-09-26,10:04:37,CUST_0073,ITEM_005,Oranges,3,10.5
T001936,2025-09-26,10:04:37,CUST_0073,ITEM_006,Onions,1,2.2
T001936,2025-09-26,10:04:37,CUST_0073,ITEM_007,Butter,2,9.0
T001937,2025-09-19,09:18:37,CUST_0019,ITEM_001,Tomatoes,1,3.8
T001937,2025-09-19,09:18:37,CUST_0019,ITEM_002,Chicken,2,17.0
T001937,2025-09-19,09:18:37,CUST_0019,ITEM_003,Beef,1,12.0
T001937,2025-09-19,09:18:37,CUST_0019,ITEM_004,Milk,1,3.2
T001937,2025-09-19,09:18:37,CUST_0019,ITEM_005,Cheese,2,11.6
T001937,2025-09-19,09:18:37,CUST_0019,ITEM_006,Bananas,2,5.6
T001938,2025-10-15,06:11:37,CUST_0030,ITEM_001,Potatoes,1,2.0
T001938,2025-10-15,06:11:37,CUST_0030,ITEM_002,Rice,3,12.0
T001939,2025-11-10,03:59:37,CUST_0048,ITEM_001,Apples,3,12.6
T001939,2025-11-10,03:59:37,CUST_0048,ITEM_002,Bananas,2,5.6
T001939,2025-11-10,03:59:37,CUST_0048,ITEM_003,Milk,2,6.4
T001940,2025-10-23,07:12:37,CUST_0328,ITEM_001,Chicken,2,17.0
T001940,2025-10-23,07:12:37,CUST_0328,ITEM_002,Apples,2,8.4
T001941,2025-10-10,10:13:37,CUST_0277,ITEM_001,Bread,3,7.5
T001941,2025-10-10,10:13:37,CUST_0277,ITEM_002,Potatoes,3,6.0
T001941,2025-10-10,10:13:37,CUST_0277,ITEM_003,Milk,3,9.6
T001942,2025-10-07,10:48:37,CUST_0102,ITEM_001,Cheese,2,11.6
T001942,2025-10-07,10:48:37,CUST_0102,ITEM_002,Bread,3,7.5
T001942,2025-10-07,10:48:37,CUST_0102,ITEM_003,Milk,2,6.4
T001942,2025-10-07,10:48:37,CUST_0102,ITEM_004,Bananas,1,2.8
T001943,2025-10-04,06:14:37,CUST_0187,ITEM_001,Pasta,2,7.0
T001943,2025-10-04,06:14:37,CUST_0187,ITEM_002,Tomatoes,2,7.6
T001944,2025-09-27,23:15:37,CUST_0379,ITEM_001,Onions,2,4.4
T001944,2025-09-27,23:15:37,CUST_0379,ITEM_002,Bananas,3,8.4
T001944,2025-09-27,23:15:37,CUST_0379,ITEM_003,Milk,3,9.6
T001944,2025-09-27,23:15:37,CUST_0379,ITEM_004,Oranges,1,3.5
T001945,2025-09-29,06:43:37,CUST_0055,ITEM_001,Milk,3,9.6
T001945,2025-09-29,06:43:37,CUST_0055,ITEM_002,Bananas,2,5.6
T001945,2025-09-29,06:43:37,CUST_0055,ITEM_003,Bread,3,7.5
T001945,2025-09-29,06:43:37,CUST_0055,ITEM_004,Cheese,2,11.6
T001945,2025-09-29,06:43:37,CUST_0055,ITEM_005,Apples,3,12.6
T001946,2025-09-23,06:26:37,CUST_0221,ITEM_001,Beef,1,12.0
T001946,2025-09-23,06:26:37,CUST_0221,ITEM_002,Potatoes,1,2.0
T001946,2025-09-23,06:26:37,CUST_0221,ITEM_003,Onions,1,2.2
T001946,2025-09-23,06:26:37,CUST_0221,ITEM_004,Tomatoes,1,3.8
T001946,2025-09-23,06:26:37,CUST_0221,ITEM_005,Pasta,2,7.0
T001947,2025-09-16,23:29:37,CUST_0416,ITEM_001,Eggs,2,6.0
T001947,2025-09-16,23:29:37,CUST_0416,ITEM_002,Tomatoes,1,3.8
T001947,2025-09-16,23:29:37,CUST_0416,ITEM_003,Beef,2,24.0
T001948,2025-10-22,10:38:37,CUST_0325,ITEM_001,Oranges,3,10.5
T001948,2025-10-22,10:38:37,CUST_0325,ITEM_002,Eggs,3,9.0
T001948,2025-10-22,10:38:37,CUST_0325,ITEM_003,Onions,1,2.2
T001949,2025-10-17,22:37:37,CUST_0430,ITEM_001,Chicken,2,17.0
T001949,2025-10-17,22:37:37,CUST_0430,ITEM_002,Milk,2,6.4
T001949,2025-10-17,22:37:37,CUST_0430,ITEM_003,Oranges,3,10.5
T001949,2025-10-17,22:37:37,CUST_0430,ITEM_004,Eggs,3,9.0
T001949,2025-10-17,22:37:37,CUST_0430,ITEM_005,Bread,1,2.5
T001949,2025-10-17,22:37:37,CUST_0430,ITEM_006,Potatoes,3,6.0
T001949,2025-10-17,22:37:37,CUST_0430,ITEM_007,Cheese,2,11.6
T001950,2025-09-28,00:24:37,CUST_0270,ITEM_001,Oranges,1,3.5
T001951,2025-11-01,04:21:37,CUST_0206,ITEM_001,Eggs,1,3.0
T001951,2025-11-01,04:21:37,CUST_0206,ITEM_002,Beef,1,12.0
T001951,2025-11-01,04:21:37,CUST_0206,ITEM_003,Potatoes,1,2.0
T001952,2025-11-01,23:07:37,CUST_0456,ITEM_001,Tomatoes,2,7.6
T001953,2025-10-10,01:25:37,CUST_0442,ITEM_001,Eggs,1,3.0
T001953,2025-10-10,01:25:37,CUST_0442,ITEM_002,Bread,2,5.0
T001954,2025-11-11,05:10:37,CUST_0337,ITEM_001,Tomatoes,2,7.6
T001954,2025-11-11,05:10:37,CUST_0337,ITEM_002,Cheese,2,11.6
T001954,2025-11-11,05:10:37,CUST_0337,ITEM_003,Milk,3,9.6
T001954,2025-11-11,05:10:37,CUST_0337,ITEM_004,Onions,3,6.6
T001954,2025-11-11,05:10:37,CUST_0337,ITEM_005,Pasta,1,3.5
T001955,2025-09-23,03:27:37,CUST_0306,ITEM_001,Rice,3,12.0
T001955,2025-09-23,03:27:37,CUST_0306,ITEM_002,Butter,2,9.0
T001955,2025-09-23,03:27:37,CUST_0306,ITEM_003,Milk,1,3.2
T001956,2025-10-24,09:52:37,CUST_0167,ITEM_001,Apples,2,8.4
T001956,2025-10-24,09:52:37,CUST_0167,ITEM_002,Bread,1,2.5
T001956,2025-10-24,09:52:37,CUST_0167,ITEM_003,Bananas,3,8.4
T001956,2025-10-24,09:52:37,CUST_0167,ITEM_004,Milk,2,6.4
T001956,2025-10-24,09:52:37,CUST_0167,ITEM_005,Butter,2,9.0
T001957,2025-10-25,08:34:37,CUST_0298,ITEM_001,Beef,1,12.0
T001957,2025-10-25,08:34:37,CUST_0298,ITEM_002,Milk,1,3.2
T001957,2025-10-25,08:34:37,CUST_0298,ITEM_003,Bananas,1,2.8
T001957,2025-10-25,08:34:37,CUST_0298,ITEM_004,Cheese,1,5.8
T001958,2025-11-04,06:00:37,CUST_0245,ITEM_001,Milk,3,9.6
T001959,2025-10-16,10:41:37,CUST_0136,ITEM_001,Rice,3,12.0
T001959,2025-10-16,10:41:37,CUST_0136,ITEM_002,Chicken,3,25.5
T001959,2025-10-16,10:41:37,CUST_0136,ITEM_003,Oranges,3,10.5
T001959,2025-10-16,10:41:37,CUST_0136,ITEM_004,Tomatoes,2,7.6
T001960,2025-09-18,05:04:37,CUST_0024,ITEM_001,Bread,2,5.0
T001960,2025-09-18,05:04:37,CUST_0024,ITEM_002,Rice,3,12.0
T001960,2025-09-18,05:04:37,CUST_0024,ITEM_003,Chicken,1,8.5
T001960,2025-09-18,05:04:37,CUST_0024,ITEM_004,Apples,3,12.6
T001960,2025-09-18,05:04:37,CUST_0024,ITEM_005,Milk,1,3.2
T001960,2025-09-18,05:04:37,CUST_0024,ITEM_006,Bananas,3,8.4
T001961,2025-10-06,00:02:37,CUST_0210,ITEM_001,Eggs,1,3.0
T001961,2025-10-06,00:02:37,CUST_0210,ITEM_002,Milk,1,3.2
T001961,2025-10-06,00:02:37,CUST_0210,ITEM_003,Bread,3,7.5
T001962,2025-10-27,04:22:37,CUST_0226,ITEM_001,Bread,1,2.5
T001962,2025-10-27,04:22:37,CUST_0226,ITEM_002,Butter,2,9.0
T001963,2025-10-20,06:55:37,CUST_0236,ITEM_001,Onions,2,4.4
T001963,2025-10-20,06:55:37,CUST_0236,ITEM_002,Potatoes,3,6.0
T001963,2025-10-20,06:55:37,CUST_0236,ITEM_003,Cheese,2,11.6
T001964,2025-11-04,22:59:37,CUST_0312,ITEM_001,Milk,2,6.4
T001964,2025-11-04,22:59:37,CUST_0312,ITEM_002,Cheese,1,5.8
T001964,2025-11-04,22:59:37,CUST_0312,ITEM_003,Butter,2,9.0
T001964,2025-11-04,22:59:37,CUST_0312,ITEM_004,Bread,3,7.5
T001964,2025-11-04,22:59:37,CUST_0312,ITEM_005,Apples,1,4.2
T001964,2025-11-04,22:59:37,CUST_0312,ITEM_006,Eggs,3,9.0
T001965,2025-11-02,03:35:37,CUST_0304,ITEM_001,Eggs,2,6.0
T001966,2025-11-14,08:26:37,CUST_0136,ITEM_001,Pasta,3,10.5
T001966,2025-11-14,08:26:37,CUST_0136,ITEM_002,Rice,1,4.0
T001966,2025-11-14,08:26:37,CUST_0136,ITEM_003,Tomatoes,3,11.4
T001966,2025-11-14,08:26:37,CUST_0136,ITEM_004,Potatoes,1,2.0
T001966,2025-11-14,08:26:37,CUST_0136,ITEM_005,Onions,3,6.6
T001967,2025-09-26,05:55:37,CUST_0440,ITEM_001,Bread,2,5.0
T001967,2025-09-26,05:55:37,CUST_0440,ITEM_002,Butter,2,9.0
T001967,2025-09-26,05:55:37,CUST_0440,ITEM_003,Eggs,1,3.0
T001967,2025-09-26,05:55:37,CUST_0440,ITEM_004,Cheese,2,11.6
T001967,2025-09-26,05:55:37,CUST_0440,ITEM_005,Onions,1,2.2
T001967,2025-09-26,05:55:37,CUST_0440,ITEM_006,Potatoes,1,2.0
T001968,2025-10-09,09:30:37,CUST_0368,ITEM_001,Rice,2,8.0
T001969,2025-10-09,23:34:37,CUST_0470,ITEM_001,Chicken,3,25.5
T001969,2025-10-09,23:34:37,CUST_0470,ITEM_002,Rice,3,12.0
T001970,2025-10-21,09:02:37,CUST_0218,ITEM_001,Chicken,2,17.0
T001970,2025-10-21,09:02:37,CUST_0218,ITEM_002,Bread,1,2.5
T001971,2025-11-06,02:17:37,CUST_0210,ITEM_001,Apples,3,12.6
T001971,2025-11-06,02:17:37,CUST_0210,ITEM_002,Chicken,1,8.5
T001971,2025-11-06,02:17:37,CUST_0210,ITEM_003,Onions,2,4.4
T001972,2025-10-16,07:18:37,CUST_0478,ITEM_001,Pasta,3,10.5
T001972,2025-10-16,07:18:37,CUST_0478,ITEM_002,Tomatoes,2,7.6
T001972,2025-10-16,07:18:37,CUST_0478,ITEM_003,Cheese,1,5.8
T001972,2025-10-16,07:18:37,CUST_0478,ITEM_004,Butter,1,4.5
T001973,2025-10-01,08:29:37,CUST_0470,ITEM_001,Cheese,1,5.8
T001973,2025-10-01,08:29:37,CUST_0470,ITEM_002,Potatoes,3,6.0
T001973,2025-10-01,08:29:37,CUST_0470,ITEM_003,Butter,1,4.5
T001974,2025-10-28,05:11:37,CUST_0472,ITEM_001,Eggs,2,6.0
T001974,2025-10-28,05:11:37,CUST_0472,ITEM_002,Oranges,1,3.5
T001974,2025-10-28,05:11:37,CUST_0472,ITEM_003,Apples,3,12.6
T001975,2025-09-22,06:14:37,CUST_0207,ITEM_001,Onions,1,2.2
T001975,2025-09-22,06:14:37,CUST_0207,ITEM_002,Potatoes,3,6.0
T001975,2025-09-22,06:14:37,CUST_0207,ITEM_003,Beef,2,24.0
T001975,2025-09-22,06:14:37,CUST_0207,ITEM_004,Tomatoes,1,3.8
T001975,2025-09-22,06:14:37,CUST_0207,ITEM_005,Chicken,3,25.5
T001976,2025-10-03,00:37:37,CUST_0458,ITEM_001,Rice,1,4.0
T001977,2025-11-03,22:44:37,CUST_0157,ITEM_001,Onions,2,4.4
T001977,2025-11-03,22:44:37,CUST_0157,ITEM_002,Milk,2,6.4
T001978,2025-09-24,04:57:37,CUST_0200,ITEM_001,Eggs,1,3.0
T001979,2025-10-29,03:46:37,CUST_0198,ITEM_001,Butter,2,9.0
T001979,2025-10-29,03:46:37,CUST_0198,ITEM_002,Bread,2,5.0
T001979,2025-10-29,03:46:37,CUST_0198,ITEM_003,Pasta,3,10.5
T001980,2025-11-03,01:16:37,CUST_0096,ITEM_001,Bananas,2,5.6
T001980,2025-11-03,01:16:37,CUST_0096,ITEM_002,Bread,1,2.5
T001980,2025-11-03,01:16:37,CUST_0096,ITEM_003,Milk,2,6.4
T001980,2025-11-03,01:16:37,CUST_0096,ITEM_004,Chicken,3,25.5
T001980,2025-11-03,01:16:37,CUST_0096,ITEM_005,Cheese,1,5.8
T001981,2025-09-30,09:13:37,CUST_0206,ITEM_001,Bread,2,5.0
T001981,2025-09-30,09:13:37,CUST_0206,ITEM_002,Onions,3,6.6
T001981,2025-09-30,09:13:37,CUST_0206,ITEM_003,Rice,1,4.0
T001981,2025-09-30,09:13:37,CUST_0206,ITEM_004,Potatoes,3,6.0
T001982,2025-10-10,09:50:37,CUST_0010,ITEM_001,Bread,3,7.5
T001982,2025-10-10,09:50:37,CUST_0010,ITEM_002,Milk,3,9.6
T001983,2025-10-01,02:37:37,CUST_0145,ITEM_001,Cheese,1,5.8
T001983,2025-10-01,02:37:37,CUST_0145,ITEM_002,Tomatoes,2,7.6
T001984,2025-11-08,23:49:37,CUST_0385,ITEM_001,Pasta,2,7.0
T001984,2025-11-08,23:49:37,CUST_0385,ITEM_002,Tomatoes,1,3.8
T001984,2025-11-08,23:49:37,CUST_0385,ITEM_003,Butter,2,9.0
T001984,2025-11-08,23:49:37,CUST_0385,ITEM_004,Oranges,3,10.5
T001984,2025-11-08,23:49:37,CUST_0385,ITEM_005,Bread,2,5.0
T001984,2025-11-08,23:49:37,CUST_0385,ITEM_006,Eggs,1,3.0
T001985,2025-11-11,22:38:37,CUST_0423,ITEM_001,Cheese,2,11.6
T001985,2025-11-11,22:38:37,CUST_0423,ITEM_002,Milk,3,9.6
T001986,2025-09-25,22:33:37,CUST_0196,ITEM_001,Chicken,2,17.0
T001986,2025-09-25,22:33:37,CUST_0196,ITEM_002,Rice,2,8.0
T001987,2025-10-13,00:19:37,CUST_0290,ITEM_001,Butter,2,9.0
T001987,2025-10-13,00:19:37,CUST_0290,ITEM_002,Onions,2,4.4
T001987,2025-10-13,00:19:37,CUST_0290,ITEM_003,Potatoes,2,4.0
T001987,2025-10-13,00:19:37,CUST_0290,ITEM_004,Eggs,1,3.0
T001988,2025-10-07,11:25:37,CUST_0128,ITEM_001,Bread,3,7.5
T001988,2025-10-07,11:25:37,CUST_0128,ITEM_002,Cheese,3,17.4
T001989,2025-10-10,00:45:37,CUST_0331,ITEM_001,Rice,1,4.0
T001989,2025-10-10,00:45:37,CUST_0331,ITEM_002,Chicken,3,25.5
T001990,2025-09-16,04:30:37,CUST_0088,ITEM_001,Potatoes,1,2.0
T001990,2025-09-16,04:30:37,CUST_0088,ITEM_002,Onions,2,4.4
T001990,2025-09-16,04:30:37,CUST_0088,ITEM_003,Tomatoes,2,7.6
T001990,2025-09-16,04:30:37,CUST_0088,ITEM_004,Chicken,1,8.5
T001990,2025-09-16,04:30:37,CUST_0088,ITEM_005,Rice,1,4.0
T001990,2025-09-16,04:30:37,CUST_0088,ITEM_006,Pasta,2,7.0
T001990,2025-09-16,04:30:37,CUST_0088,ITEM_007,Beef,3,36.0
T001991,2025-10-20,00:18:37,CUST_0083,ITEM_001,Beef,2,24.0
T001991,2025-10-20,00:18:37,CUST_0083,ITEM_002,Potatoes,3,6.0
T001992,2025-10-08,09:54:37,CUST_0497,ITEM_001,Oranges,1,3.5
T001993,2025-09-25,10:48:37,CUST_0312,ITEM_001,Eggs,3,9.0
T001994,2025-11-10,06:51:37,CUST_0067,ITEM_001,Tomatoes,2,7.6
T001994,2025-11-10,06:51:37,CUST_0067,ITEM_002,Onions,3,6.6
T001994,2025-11-10,06:51:37,CUST_0067,ITEM_003,Bread,2,5.0
T001994,2025-11-10,06:51:37,CUST_0067,ITEM_004,Butter,1,4.5
T001994,2025-11-10,06:51:37,CUST_0067,ITEM_005,Pasta,2,7.0
T001994,2025-11-10,06:51:37,CUST_0067,ITEM_006,Chicken,2,17.0
T001995,2025-11-14,08:55:37,CUST_0143,ITEM_001,Butter,2,9.0
T001995,2025-11-14,08:55:37,CUST_0143,ITEM_002,Milk,3,9.6
T001995,2025-11-14,08:55:37,CUST_0143,ITEM_003,Bread,2,5.0
T001996,2025-09-17,23:59:37,CUST_0334,ITEM_001,Tomatoes,1,3.8
T001996,2025-09-17,23:59:37,CUST_0334,ITEM_002,Onions,3,6.6
T001996,2025-09-17,23:59:37,CUST_0334,ITEM_003,Pasta,2,7.0
T001997,2025-09-17,00:57:37,CUST_0457,ITEM_001,Rice,3,12.0
T001997,2025-09-17,00:57:37,CUST_0457,ITEM_002,Chicken,2,17.0
T001998,2025-10-15,06:19:37,CUST_0197,ITEM_001,Potatoes,2,4.0
T001998,2025-10-15,06:19:37,CUST_0197,ITEM_002,Rice,3,12.0
T001998,2025-10-15,06:19:37,CUST_0197,ITEM_003,Chicken,3,25.5
T001998,2025-10-15,06:19:37,CUST_0197,ITEM_004,Bread,1,2.5
T001999,2025-09-25,00:59:37,CUST_0215,ITEM_001,Apples,1,4.2
T001999,2025-09-25,00:59:37,CUST_0215,ITEM_002,Onions,2,4.4
T001999,2025-09-25,00:59:37,CUST_0215,ITEM_003,Butter,1,4.5
T001999,2025-09-25,00:59:37,CUST_0215,ITEM_004,Potatoes,1,2.0
T002000,2025-10-19,01:07:37,CUST_0135,ITEM_001,Eggs,3,9.0
T002001,2025-11-10,10:01:37,CUST_0075,ITEM_001,Onions,1,2.2
T002001,2025-11-10,10:01:37,CUST_0075,ITEM_002,Potatoes,1,2.0
T002001,2025-11-10,10:01:37,CUST_0075,ITEM_003,Oranges,3,10.5
T002002,2025-10-03,00:01:37,CUST_0119,ITEM_001,Cheese,1,5.8
T002002,2025-10-03,00:01:37,CUST_0119,ITEM_002,Butter,2,9.0
T002002,2025-10-03,00:01:37,CUST_0119,ITEM_003,Bread,2,5.0
T002003,2025-11-10,05:59:37,CUST_0450,ITEM_001,Butter,3,13.5
T002003,2025-11-10,05:59:37,CUST_0450,ITEM_002,Cheese,2,11.6
T002003,2025-11-10,05:59:37,CUST_0450,ITEM_003,Bread,3,7.5
T002004,2025-10-04,10:55:37,CUST_0057,ITEM_001,Tomatoes,1,3.8
T002004,2025-10-04,10:55:37,CUST_0057,ITEM_002,Onions,1,2.2
T002005,2025-11-03,08:09:37,CUST_0022,ITEM_001,Pasta,2,7.0
T002005,2025-11-03,08:09:37,CUST_0022,ITEM_002,Tomatoes,1,3.8
T002005,2025-11-03,08:09:37,CUST_0022,ITEM_003,Apples,1,4.2
T002005,2025-11-03,08:09:37,CUST_0022,ITEM_004,Chicken,1,8.5
T002005,2025-11-03,08:09:37,CUST_0022,ITEM_005,Rice,3,12.0
T002005,2025-11-03,08:09:37,CUST_0022,ITEM_006,Eggs,3,9.0
T002006,2025-10-07,00:04:37,CUST_0330,ITEM_001,Pasta,1,3.5
T002006,2025-10-07,00:04:37,CUST_0330,ITEM_002,Milk,3,9.6
T002006,2025-10-07,00:04:37,CUST_0330,ITEM_003,Bread,2,5.0
T002006,2025-10-07,00:04:37,CUST_0330,ITEM_004,Bananas,2,5.6
T002006,2025-10-07,00:04:37,CUST_0330,ITEM_005,Onions,3,6.6
T002007,2025-10-08,01:58:37,CUST_0354,ITEM_001,Oranges,3,10.5
T002007,2025-10-08,01:58:37,CUST_0354,ITEM_002,Potatoes,2,4.0
T002008,2025-10-29,23:58:37,CUST_0010,ITEM_001,Eggs,3,9.0
T002009,2025-11-09,02:45:37,CUST_0421,ITEM_001,Oranges,1,3.5
T002009,2025-11-09,02:45:37,CUST_0421,ITEM_002,Beef,2,24.0
T002010,2025-10-23,10:42:37,CUST_0436,ITEM_001,Onions,2,4.4
T002010,2025-10-23,10:42:37,CUST_0436,ITEM_002,Tomatoes,1,3.8
T002010,2025-10-23,10:42:37,CUST_0436,ITEM_003,Pasta,2,7.0
T002010,2025-10-23,10:42:37,CUST_0436,ITEM_004,Potatoes,2,4.0
T002010,2025-10-23,10:42:37,CUST_0436,ITEM_005,Bananas,2,5.6
T002011,2025-10-31,07:54:37,CUST_0417,ITEM_001,Onions,2,4.4
T002011,2025-10-31,07:54:37,CUST_0417,ITEM_002,Tomatoes,1,3.8
T002011,2025-10-31,07:54:37,CUST_0417,ITEM_003,Chicken,1,8.5
T002011,2025-10-31,07:54:37,CUST_0417,ITEM_004,Milk,1,3.2
T002011,2025-10-31,07:54:37,CUST_0417,ITEM_005,Potatoes,2,4.0
T002012,2025-10-07,03:20:37,CUST_0383,ITEM_001,Tomatoes,2,7.6
T002012,2025-10-07,03:20:37,CUST_0383,ITEM_002,Apples,2,8.4
T002013,2025-10-10,01:28:37,CUST_0312,ITEM_001,Onions,1,2.2
T002013,2025-10-10,01:28:37,CUST_0312,ITEM_002,Milk,1,3.2
T002013,2025-10-10,01:28:37,CUST_0312,ITEM_003,Cheese,2,11.6
T002013,2025-10-10,01:28:37,CUST_0312,ITEM_004,Butter,3,13.5
T002014,2025-10-13,03:05:37,CUST_0472,ITEM_001,Milk,2,6.4
T002014,2025-10-13,03:05:37,CUST_0472,ITEM_002,Bread,2,5.0
T002015,2025-09-28,23:32:37,CUST_0352,ITEM_001,Pasta,2,7.0
T002015,2025-09-28,23:32:37,CUST_0352,ITEM_002,Tomatoes,1,3.8
T002015,2025-09-28,23:32:37,CUST_0352,ITEM_003,Milk,2,6.4
T002016,2025-10-22,08:09:37,CUST_0052,ITEM_001,Milk,1,3.2
T002016,2025-10-22,08:09:37,CUST_0052,ITEM_002,Butter,1,4.5
T002016,2025-10-22,08:09:37,CUST_0052,ITEM_003,Bananas,3,8.4
T002016,2025-10-22,08:09:37,CUST_0052,ITEM_004,Cheese,1,5.8
T002017,2025-10-07,03:11:37,CUST_0214,ITEM_001,Cheese,3,17.4
T002018,2025-10-11,08:28:37,CUST_0455,ITEM_001,Cheese,1,5.8
T002018,2025-10-11,08:28:37,CUST_0455,ITEM_002,Apples,2,8.4
T002018,2025-10-11,08:28:37,CUST_0455,ITEM_003,Milk,2,6.4
T002019,2025-10-15,04:34:37,CUST_0033,ITEM_001,Potatoes,3,6.0
T002020,2025-09-26,07:26:37,CUST_0478,ITEM_001,Bread,2,5.0
T002020,2025-09-26,07:26:37,CUST_0478,ITEM_002,Apples,2,8.4
T002020,2025-09-26,07:26:37,CUST_0478,ITEM_003,Eggs,2,6.0
T002021,2025-11-01,10:30:37,CUST_0475,ITEM_001,Tomatoes,1,3.8
T002021,2025-11-01,10:30:37,CUST_0475,ITEM_002,Chicken,1,8.5
T002022,2025-09-24,08:21:37,CUST_0387,ITEM_001,Tomatoes,2,7.6
T002022,2025-09-24,08:21:37,CUST_0387,ITEM_002,Chicken,2,17.0
T002022,2025-09-24,08:21:37,CUST_0387,ITEM_003,Pasta,3,10.5
T002023,2025-10-06,06:39:37,CUST_0494,ITEM_001,Eggs,2,6.0
T002023,2025-10-06,06:39:37,CUST_0494,ITEM_002,Milk,1,3.2
T002024,2025-10-15,09:45:37,CUST_0329,ITEM_001,Potatoes,3,6.0
T002024,2025-10-15,09:45:37,CUST_0329,ITEM_002,Onions,1,2.2
T002024,2025-10-15,09:45:37,CUST_0329,ITEM_003,Tomatoes,3,11.4
T002024,2025-10-15,09:45:37,CUST_0329,ITEM_004,Chicken,2,17.0
T002025,2025-10-21,23:07:37,CUST_0044,ITEM_001,Chicken,3,25.5
T002025,2025-10-21,23:07:37,CUST_0044,ITEM_002,Rice,1,4.0
T002025,2025-10-21,23:07:37,CUST_0044,ITEM_003,Butter,2,9.0
T002025,2025-10-21,23:07:37,CUST_0044,ITEM_004,Bananas,3,8.4
T002025,2025-10-21,23:07:37,CUST_0044,ITEM_005,Beef,1,12.0
T002025,2025-10-21,23:07:37,CUST_0044,ITEM_006,Eggs,1,3.0
T002026,2025-09-20,06:45:37,CUST_0300,ITEM_001,Bananas,2,5.6
T002026,2025-09-20,06:45:37,CUST_0300,ITEM_002,Onions,2,4.4
T002026,2025-09-20,06:45:37,CUST_0300,ITEM_003,Potatoes,1,2.0
T002027,2025-10-26,11:20:37,CUST_0298,ITEM_001,Chicken,1,8.5
T002027,2025-10-26,11:20:37,CUST_0298,ITEM_002,Rice,3,12.0
T002027,2025-10-26,11:20:37,CUST_0298,ITEM_003,Tomatoes,2,7.6
T002028,2025-09-29,23:18:37,CUST_0119,ITEM_001,Beef,1,12.0
T002028,2025-09-29,23:18:37,CUST_0119,ITEM_002,Bananas,1,2.8
T002028,2025-09-29,23:18:37,CUST_0119,ITEM_003,Eggs,3,9.0
T002028,2025-09-29,23:18:37,CUST_0119,ITEM_004,Oranges,2,7.0
T002029,2025-10-08,09:10:37,CUST_0144,ITEM_001,Bananas,1,2.8
T002029,2025-10-08,09:10:37,CUST_0144,ITEM_002,Apples,2,8.4
T002029,2025-10-08,09:10:37,CUST_0144,ITEM_003,Milk,1,3.2
T002029,2025-10-08,09:10:37,CUST_0144,ITEM_004,Bread,2,5.0
T002029,2025-10-08,09:10:37,CUST_0144,ITEM_005,Butter,2,9.0
T002030,2025-11-04,05:10:37,CUST_0245,ITEM_001,Oranges,1,3.5
T002031,2025-09-20,04:41:37,CUST_0278,ITEM_001,Tomatoes,2,7.6
T002031,2025-09-20,04:41:37,CUST_0278,ITEM_002,Pasta,1,3.5
T002031,2025-09-20,04:41:37,CUST_0278,ITEM_003,Oranges,2,7.0
T002032,2025-10-21,10:01:37,CUST_0080,ITEM_001,Apples,1,4.2
T002032,2025-10-21,10:01:37,CUST_0080,ITEM_002,Cheese,3,17.4
T002032,2025-10-21,10:01:37,CUST_0080,ITEM_003,Butter,1,4.5
T002033,2025-11-12,10:14:37,CUST_0063,ITEM_001,Butter,1,4.5
T002033,2025-11-12,10:14:37,CUST_0063,ITEM_002,Cheese,1,5.8
T002033,2025-11-12,10:14:37,CUST_0063,ITEM_003,Milk,1,3.2
T002033,2025-11-12,10:14:37,CUST_0063,ITEM_004,Eggs,3,9.0
T002034,2025-09-20,09:22:37,CUST_0189,ITEM_001,Bananas,3,8.4
T002034,2025-09-20,09:22:37,CUST_0189,ITEM_002,Milk,3,9.6
T002034,2025-09-20,09:22:37,CUST_0189,ITEM_003,Cheese,2,11.6
T002034,2025-09-20,09:22:37,CUST_0189,ITEM_004,Bread,3,7.5
T002034,2025-09-20,09:22:37,CUST_0189,ITEM_005,Pasta,2,7.0
T002034,2025-09-20,09:22:37,CUST_0189,ITEM_006,Tomatoes,1,3.8
T002034,2025-09-20,09:22:37,CUST_0189,ITEM_007,Potatoes,3,6.0
T002034,2025-09-20,09:22:37,CUST_0189,ITEM_008,Onions,3,6.6
T002035,2025-10-11,09:44:37,CUST_0372,ITEM_001,Beef,3,36.0
T002035,2025-10-11,09:44:37,CUST_0372,ITEM_002,Tomatoes,2,7.6
T002035,2025-10-11,09:44:37,CUST_0372,ITEM_003,Potatoes,1,2.0
T002035,2025-10-11,09:44:37,CUST_0372,ITEM_004,Butter,3,13.5
T002035,2025-10-11,09:44:37,CUST_0372,ITEM_005,Cheese,2,11.6
T002035,2025-10-11,09:44:37,CUST_0372,ITEM_006,Bread,3,7.5
T002035,2025-10-11,09:44:37,CUST_0372,ITEM_007,Milk,2,6.4
T002036,2025-10-28,23:02:37,CUST_0234,ITEM_001,Apples,1,4.2
T002036,2025-10-28,23:02:37,CUST_0234,ITEM_002,Bananas,2,5.6
T002037,2025-11-04,22:56:37,CUST_0104,ITEM_001,Butter,3,13.5
T002037,2025-11-04,22:56:37,CUST_0104,ITEM_002,Tomatoes,3,11.4
T002037,2025-11-04,22:56:37,CUST_0104,ITEM_003,Onions,2,4.4
T002038,2025-09-17,10:06:37,CUST_0385,ITEM_001,Potatoes,3,6.0
T002038,2025-09-17,10:06:37,CUST_0385,ITEM_002,Pasta,3,10.5
T002039,2025-10-16,23:59:37,CUST_0049,ITEM_001,Potatoes,2,4.0
T002039,2025-10-16,23:59:37,CUST_0049,ITEM_002,Oranges,2,7.0
T002040,2025-10-06,04:20:37,CUST_0331,ITEM_001,Butter,1,4.5
T002040,2025-10-06,04:20:37,CUST_0331,ITEM_002,Bread,2,5.0
T002040,2025-10-06,04:20:37,CUST_0331,ITEM_003,Potatoes,3,6.0
T002040,2025-10-06,04:20:37,CUST_0331,ITEM_004,Cheese,2,11.6
T002040,2025-10-06,04:20:37,CUST_0331,ITEM_005,Apples,1,4.2
T002041,2025-09-20,22:57:37,CUST_0315,ITEM_001,Potatoes,3,6.0
T002041,2025-09-20,22:57:37,CUST_0315,ITEM_002,Beef,2,24.0
T002041,2025-09-20,22:57:37,CUST_0315,ITEM_003,Onions,1,2.2
T002041,2025-09-20,22:57:37,CUST_0315,ITEM_004,Tomatoes,1,3.8
T002041,2025-09-20,22:57:37,CUST_0315,ITEM_005,Bread,1,2.5
T002041,2025-09-20,22:57:37,CUST_0315,ITEM_006,Eggs,3,9.0
T002042,2025-09-27,07:14:37,CUST_0373,ITEM_001,Tomatoes,1,3.8
T002042,2025-09-27,07:14:37,CUST_0373,ITEM_002,Onions,2,4.4
T002042,2025-09-27,07:14:37,CUST_0373,ITEM_003,Beef,2,24.0
T002043,2025-09-22,00:18:37,CUST_0466,ITEM_001,Rice,2,8.0
T002043,2025-09-22,00:18:37,CUST_0466,ITEM_002,Chicken,2,17.0
T002044,2025-10-28,23:00:37,CUST_0108,ITEM_001,Beef,3,36.0
T002045,2025-10-22,00:39:37,CUST_0099,ITEM_001,Tomatoes,3,11.4
T002045,2025-10-22,00:39:37,CUST_0099,ITEM_002,Pasta,2,7.0
T002045,2025-10-22,00:39:37,CUST_0099,ITEM_003,Chicken,2,17.0
T002045,2025-10-22,00:39:37,CUST_0099,ITEM_004,Onions,3,6.6
T002045,2025-10-22,00:39:37,CUST_0099,ITEM_005,Rice,2,8.0
T002045,2025-10-22,00:39:37,CUST_0099,ITEM_006,Potatoes,2,4.0
T002046,2025-10-18,08:03:37,CUST_0021,ITEM_001,Rice,1,4.0
T002046,2025-10-18,08:03:37,CUST_0021,ITEM_002,Bananas,1,2.8
T002046,2025-10-18,08:03:37,CUST_0021,ITEM_003,Chicken,1,8.5
T002046,2025-10-18,08:03:37,CUST_0021,ITEM_004,Apples,1,4.2
T002046,2025-10-18,08:03:37,CUST_0021,ITEM_005,Butter,1,4.5
T002046,2025-10-18,08:03:37,CUST_0021,ITEM_006,Milk,3,9.6
T002046,2025-10-18,08:03:37,CUST_0021,ITEM_007,Tomatoes,1,3.8
T002047,2025-10-24,00:19:37,CUST_0299,ITEM_001,Potatoes,1,2.0
T002048,2025-10-13,11:12:37,CUST_0297,ITEM_001,Apples,2,8.4
T002048,2025-10-13,11:12:37,CUST_0297,ITEM_002,Bananas,1,2.8
T002048,2025-10-13,11:12:37,CUST_0297,ITEM_003,Milk,1,3.2
T002049,2025-11-10,01:32:37,CUST_0049,ITEM_001,Cheese,3,17.4
T002049,2025-11-10,01:32:37,CUST_0049,ITEM_002,Onions,2,4.4
T002049,2025-11-10,01:32:37,CUST_0049,ITEM_003,Apples,3,12.6
T002050,2025-10-07,03:41:37,CUST_0061,ITEM_001,Onions,3,6.6
T002050,2025-10-07,03:41:37,CUST_0061,ITEM_002,Tomatoes,2,7.6
T002051,2025-09-24,08:51:37,CUST_0006,ITEM_001,Apples,1,4.2
T002051,2025-09-24,08:51:37,CUST_0006,ITEM_002,Bananas,3,8.4
T002052,2025-10-13,22:59:37,CUST_0357,ITEM_001,Rice,2,8.0
T002053,2025-09-20,06:36:37,CUST_0204,ITEM_001,Eggs,1,3.0
T002053,2025-09-20,06:36:37,CUST_0204,ITEM_002,Butter,2,9.0
T002053,2025-09-20,06:36:37,CUST_0204,ITEM_003,Cheese,3,17.4
T002053,2025-09-20,06:36:37,CUST_0204,ITEM_004,Tomatoes,3,11.4
T002053,2025-09-20,06:36:37,CUST_0204,ITEM_005,Bread,2,5.0
T002054,2025-10-26,01:09:37,CUST_0212,ITEM_001,Potatoes,3,6.0
T002054,2025-10-26,01:09:37,CUST_0212,ITEM_002,Onions,2,4.4
T002055,2025-10-22,01:31:37,CUST_0232,ITEM_001,Milk,1,3.2
T002055,2025-10-22,01:31:37,CUST_0232,ITEM_002,Cheese,1,5.8
T002055,2025-10-22,01:31:37,CUST_0232,ITEM_003,Apples,3,12.6
T002055,2025-10-22,01:31:37,CUST_0232,ITEM_004,Potatoes,2,4.0
T002055,2025-10-22,01:31:37,CUST_0232,ITEM_005,Beef,1,12.0
T002056,2025-10-27,23:16:37,CUST_0211,ITEM_001,Butter,1,4.5
T002057,2025-10-11,08:50:37,CUST_0217,ITEM_001,Chicken,1,8.5
T002057,2025-10-11,08:50:37,CUST_0217,ITEM_002,Potatoes,2,4.0
T002057,2025-10-11,08:50:37,CUST_0217,ITEM_003,Apples,3,12.6
T002057,2025-10-11,08:50:37,CUST_0217,ITEM_004,Cheese,1,5.8
T002057,2025-10-11,08:50:37,CUST_0217,ITEM_005,Tomatoes,3,11.4
T002057,2025-10-11,08:50:37,CUST_0217,ITEM_006,Milk,3,9.6
T002057,2025-10-11,08:50:37,CUST_0217,ITEM_007,Butter,1,4.5
T002058,2025-10-18,01:59:37,CUST_0384,ITEM_001,Milk,2,6.4
T002058,2025-10-18,01:59:37,CUST_0384,ITEM_002,Cheese,1,5.8
T002058,2025-10-18,01:59:37,CUST_0384,ITEM_003,Butter,2,9.0
T002058,2025-10-18,01:59:37,CUST_0384,ITEM_004,Bananas,2,5.6
T002058,2025-10-18,01:59:37,CUST_0384,ITEM_005,Apples,3,12.6
T002059,2025-10-26,08:08:37,CUST_0123,ITEM_001,Apples,1,4.2
T002059,2025-10-26,08:08:37,CUST_0123,ITEM_002,Bananas,3,8.4
T002059,2025-10-26,08:08:37,CUST_0123,ITEM_003,Milk,1,3.2
T002060,2025-11-09,09:07:37,CUST_0028,ITEM_001,Milk,1,3.2
T002061,2025-11-06,09:30:37,CUST_0218,ITEM_001,Bread,1,2.5
T002061,2025-11-06,09:30:37,CUST_0218,ITEM_002,Milk,1,3.2
T002061,2025-11-06,09:30:37,CUST_0218,ITEM_003,Bananas,3,8.4
T002062,2025-10-27,01:54:37,CUST_0289,ITEM_001,Bananas,1,2.8
T002062,2025-10-27,01:54:37,CUST_0289,ITEM_002,Apples,1,4.2
T002062,2025-10-27,01:54:37,CUST_0289,ITEM_003,Oranges,2,7.0
T002063,2025-09-25,04:19:37,CUST_0444,ITEM_001,Bread,2,5.0
T002063,2025-09-25,04:19:37,CUST_0444,ITEM_002,Butter,1,4.5
T002063,2025-09-25,04:19:37,CUST_0444,ITEM_003,Eggs,3,9.0
T002064,2025-10-10,04:14:37,CUST_0268,ITEM_001,Potatoes,3,6.0
T002064,2025-10-10,04:14:37,CUST_0268,ITEM_002,Beef,2,24.0
T002064,2025-10-10,04:14:37,CUST_0268,ITEM_003,Onions,2,4.4
T002064,2025-10-10,04:14:37,CUST_0268,ITEM_004,Rice,1,4.0
T002064,2025-10-10,04:14:37,CUST_0268,ITEM_005,Tomatoes,3,11.4
T002065,2025-10-14,23:55:37,CUST_0017,ITEM_001,Pasta,3,10.5
T002065,2025-10-14,23:55:37,CUST_0017,ITEM_002,Tomatoes,1,3.8
T002065,2025-10-14,23:55:37,CUST_0017,ITEM_003,Chicken,2,17.0
T002065,2025-10-14,23:55:37,CUST_0017,ITEM_004,Rice,3,12.0
T002066,2025-09-20,23:10:37,CUST_0355,ITEM_001,Oranges,3,10.5
T002066,2025-09-20,23:10:37,CUST_0355,ITEM_002,Apples,1,4.2
T002067,2025-10-21,11:16:37,CUST_0139,ITEM_001,Pasta,3,10.5
T002067,2025-10-21,11:16:37,CUST_0139,ITEM_002,Butter,3,13.5
T002068,2025-09-30,08:23:37,CUST_0443,ITEM_001,Pasta,1,3.5
T002069,2025-10-08,04:39:37,CUST_0304,ITEM_001,Oranges,2,7.0
T002069,2025-10-08,04:39:37,CUST_0304,ITEM_002,Onions,2,4.4
T002070,2025-10-26,03:02:37,CUST_0068,ITEM_001,Milk,2,6.4
T002070,2025-10-26,03:02:37,CUST_0068,ITEM_002,Eggs,2,6.0
T002071,2025-10-10,23:58:37,CUST_0240,ITEM_001,Milk,1,3.2
T002071,2025-10-10,23:58:37,CUST_0240,ITEM_002,Eggs,2,6.0
T002071,2025-10-10,23:58:37,CUST_0240,ITEM_003,Rice,3,12.0
T002072,2025-11-02,04:14:37,CUST_0342,ITEM_001,Bananas,3,8.4
T002073,2025-09-25,04:20:37,CUST_0222,ITEM_001,Potatoes,2,4.0
T002073,2025-09-25,04:20:37,CUST_0222,ITEM_002,Pasta,2,7.0
T002073,2025-09-25,04:20:37,CUST_0222,ITEM_003,Onions,2,4.4
T002073,2025-09-25,04:20:37,CUST_0222,ITEM_004,Tomatoes,3,11.4
T002074,2025-10-08,10:42:37,CUST_0094,ITEM_001,Bananas,1,2.8
T002074,2025-10-08,10:42:37,CUST_0094,ITEM_002,Tomatoes,3,11.4
T002075,2025-10-09,08:05:37,CUST_0447,ITEM_001,Butter,3,13.5
T002075,2025-10-09,08:05:37,CUST_0447,ITEM_002,Bread,3,7.5
T002076,2025-11-09,09:07:37,CUST_0200,ITEM_001,Bread,1,2.5
T002076,2025-11-09,09:07:37,CUST_0200,ITEM_002,Oranges,2,7.0
T002076,2025-11-09,09:07:37,CUST_0200,ITEM_003,Rice,2,8.0
T002077,2025-09-27,02:59:37,CUST_0436,ITEM_001,Eggs,1,3.0
T002077,2025-09-27,02:59:37,CUST_0436,ITEM_002,Bread,3,7.5
T002077,2025-09-27,02:59:37,CUST_0436,ITEM_003,Milk,1,3.2
T002077,2025-09-27,02:59:37,CUST_0436,ITEM_004,Butter,3,13.5
T002077,2025-09-27,02:59:37,CUST_0436,ITEM_005,Cheese,2,11.6
T002078,2025-09-29,23:14:37,CUST_0345,ITEM_001,Cheese,3,17.4
T002078,2025-09-29,23:14:37,CUST_0345,ITEM_002,Milk,2,6.4
T002078,2025-09-29,23:14:37,CUST_0345,ITEM_003,Bread,2,5.0
T002079,2025-10-11,10:40:37,CUST_0371,ITEM_001,Chicken,3,25.5
T002079,2025-10-11,10:40:37,CUST_0371,ITEM_002,Cheese,1,5.8
T002079,2025-10-11,10:40:37,CUST_0371,ITEM_003,Rice,3,12.0
T002079,2025-10-11,10:40:37,CUST_0371,ITEM_004,Tomatoes,1,3.8
T002079,2025-10-11,10:40:37,CUST_0371,ITEM_005,Pasta,3,10.5
T002080,2025-10-06,22:56:37,CUST_0270,ITEM_001,Cheese,1,5.8
T002080,2025-10-06,22:56:37,CUST_0270,ITEM_002,Eggs,1,3.0
T002081,2025-11-08,09:36:37,CUST_0145,ITEM_001,Butter,3,13.5
T002081,2025-11-08,09:36:37,CUST_0145,ITEM_002,Cheese,3,17.4
T002081,2025-11-08,09:36:37,CUST_0145,ITEM_003,Onions,1,2.2
T002082,2025-11-14,06:20:37,CUST_0191,ITEM_001,Chicken,3,25.5
T002082,2025-11-14,06:20:37,CUST_0191,ITEM_002,Apples,2,8.4
T002082,2025-11-14,06:20:37,CUST_0191,ITEM_003,Bananas,2,5.6
T002083,2025-11-14,09:04:37,CUST_0167,ITEM_001,Bread,1,2.5
T002083,2025-11-14,09:04:37,CUST_0167,ITEM_002,Tomatoes,2,7.6
T002083,2025-11-14,09:04:37,CUST_0167,ITEM_003,Pasta,2,7.0
T002083,2025-11-14,09:04:37,CUST_0167,ITEM_004,Cheese,2,11.6
T002084,2025-10-24,02:56:37,CUST_0180,ITEM_001,Potatoes,3,6.0
T002084,2025-10-24,02:56:37,CUST_0180,ITEM_002,Pasta,2,7.0
T002085,2025-10-21,10:21:37,CUST_0329,ITEM_001,Chicken,1,8.5
T002085,2025-10-21,10:21:37,CUST_0329,ITEM_002,Butter,2,9.0
T002086,2025-10-16,03:15:37,CUST_0289,ITEM_001,Pasta,1,3.5
T002087,2025-10-16,10:19:37,CUST_0324,ITEM_001,Bananas,3,8.4
T002087,2025-10-16,10:19:37,CUST_0324,ITEM_002,Eggs,1,3.0
T002088,2025-09-28,10:14:37,CUST_0384,ITEM_001,Eggs,1,3.0
T002088,2025-09-28,10:14:37,CUST_0384,ITEM_002,Bread,3,7.5
T002088,2025-09-28,10:14:37,CUST_0384,ITEM_003,Bananas,1,2.8
T002088,2025-09-28,10:14:37,CUST_0384,ITEM_004,Potatoes,2,4.0
T002089,2025-09-23,04:36:37,CUST_0404,ITEM_001,Eggs,2,6.0
T002089,2025-09-23,04:36:37,CUST_0404,ITEM_002,Milk,3,9.6
T002090,2025-10-16,01:44:37,CUST_0022,ITEM_001,Beef,2,24.0
T002090,2025-10-16,01:44:37,CUST_0022,ITEM_002,Potatoes,2,4.0
T002091,2025-11-07,04:45:37,CUST_0135,ITEM_001,Beef,2,24.0
T002091,2025-11-07,04:45:37,CUST_0135,ITEM_002,Potatoes,2,4.0
T002091,2025-11-07,04:45:37,CUST_0135,ITEM_003,Pasta,2,7.0
T002091,2025-11-07,04:45:37,CUST_0135,ITEM_004,Tomatoes,2,7.6
T002091,2025-11-07,04:45:37,CUST_0135,ITEM_005,Onions,1,2.2
T002091,2025-11-07,04:45:37,CUST_0135,ITEM_006,Chicken,3,25.5
T002091,2025-11-07,04:45:37,CUST_0135,ITEM_007,Cheese,3,17.4
T002092,2025-10-10,10:39:37,CUST_0421,ITEM_001,Cheese,1,5.8
T002093,2025-10-03,01:57:37,CUST_0407,ITEM_001,Cheese,1,5.8
T002093,2025-10-03,01:57:37,CUST_0407,ITEM_002,Milk,1,3.2
T002093,2025-10-03,01:57:37,CUST_0407,ITEM_003,Potatoes,1,2.0
T002093,2025-10-03,01:57:37,CUST_0407,ITEM_004,Butter,2,9.0
T002094,2025-11-07,08:33:37,CUST_0308,ITEM_001,Apples,1,4.2
T002094,2025-11-07,08:33:37,CUST_0308,ITEM_002,Bananas,3,8.4
T002094,2025-11-07,08:33:37,CUST_0308,ITEM_003,Milk,3,9.6
T002094,2025-11-07,08:33:37,CUST_0308,ITEM_004,Rice,2,8.0
T002094,2025-11-07,08:33:37,CUST_0308,ITEM_005,Bread,3,7.5
T002094,2025-11-07,08:33:37,CUST_0308,ITEM_006,Chicken,3,25.5
T002094,2025-11-07,08:33:37,CUST_0308,ITEM_007,Potatoes,3,6.0
T002095,2025-09-25,08:57:37,CUST_0115,ITEM_001,Tomatoes,1,3.8
T002095,2025-09-25,08:57:37,CUST_0115,ITEM_002,Onions,1,2.2
T002095,2025-09-25,08:57:37,CUST_0115,ITEM_003,Bananas,2,5.6
T002096,2025-10-23,07:09:37,CUST_0140,ITEM_001,Cheese,1,5.8
T002096,2025-10-23,07:09:37,CUST_0140,ITEM_002,Milk,3,9.6
T002096,2025-10-23,07:09:37,CUST_0140,ITEM_003,Chicken,2,17.0
T002096,2025-10-23,07:09:37,CUST_0140,ITEM_004,Bread,3,7.5
T002096,2025-10-23,07:09:37,CUST_0140,ITEM_005,Tomatoes,1,3.8
T002096,2025-10-23,07:09:37,CUST_0140,ITEM_006,Rice,2,8.0
T002096,2025-10-23,07:09:37,CUST_0140,ITEM_007,Onions,3,6.6
T002096,2025-10-23,07:09:37,CUST_0140,ITEM_008,Potatoes,3,6.0
T002097,2025-10-14,00:42:37,CUST_0463,ITEM_001,Bread,3,7.5
T002097,2025-10-14,00:42:37,CUST_0463,ITEM_002,Apples,2,8.4
T002098,2025-09-30,03:03:37,CUST_0134,ITEM_001,Potatoes,1,2.0
T002099,2025-10-12,11:20:37,CUST_0203,ITEM_001,Tomatoes,3,11.4
T002099,2025-10-12,11:20:37,CUST_0203,ITEM_002,Pasta,1,3.5
T002099,2025-10-12,11:20:37,CUST_0203,ITEM_003,Beef,3,36.0
T002100,2025-11-12,23:29:37,CUST_0089,ITEM_001,Butter,1,4.5
T002100,2025-11-12,23:29:37,CUST_0089,ITEM_002,Bread,2,5.0
T002100,2025-11-12,23:29:37,CUST_0089,ITEM_003,Rice,2,8.0
T002101,2025-11-04,01:21:37,CUST_0337,ITEM_001,Apples,2,8.4
T002101,2025-11-04,01:21:37,CUST_0337,ITEM_002,Oranges,1,3.5
T002101,2025-11-04,01:21:37,CUST_0337,ITEM_003,Cheese,1,5.8
T002101,2025-11-04,01:21:37,CUST_0337,ITEM_004,Milk,2,6.4
T002102,2025-10-25,11:23:37,CUST_0477,ITEM_001,Milk,1,3.2
T002102,2025-10-25,11:23:37,CUST_0477,ITEM_002,Bananas,2,5.6
T002102,2025-10-25,11:23:37,CUST_0477,ITEM_003,Apples,2,8.4
T002103,2025-10-28,07:04:37,CUST_0118,ITEM_001,Oranges,3,10.5
T002104,2025-09-18,09:09:37,CUST_0209,ITEM_001,Pasta,3,10.5
T002105,2025-11-10,09:27:37,CUST_0451,ITEM_001,Eggs,3,9.0
T002105,2025-11-10,09:27:37,CUST_0451,ITEM_002,Milk,3,9.6
T002105,2025-11-10,09:27:37,CUST_0451,ITEM_003,Cheese,1,5.8
T002106,2025-10-21,09:16:37,CUST_0263,ITEM_001,Oranges,1,3.5
T002106,2025-10-21,09:16:37,CUST_0263,ITEM_002,Bread,3,7.5
T002107,2025-10-21,06:12:37,CUST_0323,ITEM_001,Bread,2,5.0
T002107,2025-10-21,06:12:37,CUST_0323,ITEM_002,Butter,3,13.5
T002107,2025-10-21,06:12:37,CUST_0323,ITEM_003,Cheese,3,17.4
T002108,2025-10-17,09:00:37,CUST_0065,ITEM_001,Oranges,3,10.5
T002108,2025-10-17,09:00:37,CUST_0065,ITEM_002,Cheese,3,17.4
T002109,2025-10-29,10:27:37,CUST_0098,ITEM_001,Chicken,3,25.5
T002109,2025-10-29,10:27:37,CUST_0098,ITEM_002,Tomatoes,1,3.8
T002110,2025-09-20,10:46:37,CUST_0465,ITEM_001,Apples,3,12.6
T002110,2025-09-20,10:46:37,CUST_0465,ITEM_002,Bananas,2,5.6
T002110,2025-09-20,10:46:37,CUST_0465,ITEM_003,Milk,2,6.4
T002110,2025-09-20,10:46:37,CUST_0465,ITEM_004,Tomatoes,1,3.8
T002110,2025-09-20,10:46:37,CUST_0465,ITEM_005,Eggs,1,3.0
T002111,2025-10-11,06:57:37,CUST_0211,ITEM_001,Bananas,2,5.6
T002111,2025-10-11,06:57:37,CUST_0211,ITEM_002,Apples,3,12.6
T002111,2025-10-11,06:57:37,CUST_0211,ITEM_003,Milk,1,3.2
T002111,2025-10-11,06:57:37,CUST_0211,ITEM_004,Potatoes,1,2.0
T002111,2025-10-11,06:57:37,CUST_0211,ITEM_005,Cheese,1,5.8
T002111,2025-10-11,06:57:37,CUST_0211,ITEM_006,Beef,2,24.0
T002112,2025-10-29,23:14:37,CUST_0469,ITEM_001,Beef,2,24.0
T002112,2025-10-29,23:14:37,CUST_0469,ITEM_002,Potatoes,1,2.0
T002112,2025-10-29,23:14:37,CUST_0469,ITEM_003,Onions,3,6.6
T002112,2025-10-29,23:14:37,CUST_0469,ITEM_004,Tomatoes,2,7.6
T002112,2025-10-29,23:14:37,CUST_0469,ITEM_005,Chicken,2,17.0
T002113,2025-09-16,09:24:37,CUST_0183,ITEM_001,Bananas,1,2.8
T002113,2025-09-16,09:24:37,CUST_0183,ITEM_002,Milk,3,9.6
T002113,2025-09-16,09:24:37,CUST_0183,ITEM_003,Eggs,1,3.0
T002113,2025-09-16,09:24:37,CUST_0183,ITEM_004,Cheese,2,11.6
T002113,2025-09-16,09:24:37,CUST_0183,ITEM_005,Chicken,2,17.0
T002114,2025-09-30,08:56:37,CUST_0171,ITEM_001,Beef,1,12.0
T002114,2025-09-30,08:56:37,CUST_0171,ITEM_002,Tomatoes,1,3.8
T002114,2025-09-30,08:56:37,CUST_0171,ITEM_003,Onions,1,2.2
T002114,2025-09-30,08:56:37,CUST_0171,ITEM_004,Bread,2,5.0
T002114,2025-09-30,08:56:37,CUST_0171,ITEM_005,Eggs,3,9.0
T002114,2025-09-30,08:56:37,CUST_0171,ITEM_006,Milk,3,9.6
T002114,2025-09-30,08:56:37,CUST_0171,ITEM_007,Cheese,2,11.6
T002115,2025-10-18,11:02:37,CUST_0117,ITEM_001,Apples,1,4.2
T002115,2025-10-18,11:02:37,CUST_0117,ITEM_002,Oranges,2,7.0
T002115,2025-10-18,11:02:37,CUST_0117,ITEM_003,Milk,2,6.4
T002116,2025-10-18,10:34:37,CUST_0041,ITEM_001,Butter,1,4.5
T002116,2025-10-18,10:34:37,CUST_0041,ITEM_002,Bread,3,7.5
T002117,2025-09-22,08:36:37,CUST_0082,ITEM_001,Milk,1,3.2
T002118,2025-11-06,09:39:37,CUST_0232,ITEM_001,Bananas,3,8.4
T002118,2025-11-06,09:39:37,CUST_0232,ITEM_002,Tomatoes,1,3.8
T002118,2025-11-06,09:39:37,CUST_0232,ITEM_003,Pasta,2,7.0
T002118,2025-11-06,09:39:37,CUST_0232,ITEM_004,Onions,2,4.4
T002118,2025-11-06,09:39:37,CUST_0232,ITEM_005,Potatoes,3,6.0
T002118,2025-11-06,09:39:37,CUST_0232,ITEM_006,Milk,2,6.4
T002118,2025-11-06,09:39:37,CUST_0232,ITEM_007,Chicken,3,25.5
T002119,2025-11-13,01:21:37,CUST_0427,ITEM_001,Cheese,3,17.4
T002119,2025-11-13,01:21:37,CUST_0427,ITEM_002,Beef,1,12.0
T002119,2025-11-13,01:21:37,CUST_0427,ITEM_003,Butter,2,9.0
T002119,2025-11-13,01:21:37,CUST_0427,ITEM_004,Bread,2,5.0
T002119,2025-11-13,01:21:37,CUST_0427,ITEM_005,Rice,2,8.0
T002119,2025-11-13,01:21:37,CUST_0427,ITEM_006,Chicken,1,8.5
T002120,2025-09-28,11:08:37,CUST_0318,ITEM_001,Rice,2,8.0
T002120,2025-09-28,11:08:37,CUST_0318,ITEM_002,Chicken,2,17.0
T002120,2025-09-28,11:08:37,CUST_0318,ITEM_003,Beef,3,36.0
T002121,2025-10-25,22:53:37,CUST_0108,ITEM_001,Butter,3,13.5
T002121,2025-10-25,22:53:37,CUST_0108,ITEM_002,Bread,2,5.0
T002122,2025-11-03,00:23:37,CUST_0013,ITEM_001,Bananas,3,8.4
T002122,2025-11-03,00:23:37,CUST_0013,ITEM_002,Beef,1,12.0
T002122,2025-11-03,00:23:37,CUST_0013,ITEM_003,Rice,3,12.0
T002122,2025-11-03,00:23:37,CUST_0013,ITEM_004,Apples,3,12.6
T002122,2025-11-03,00:23:37,CUST_0013,ITEM_005,Milk,2,6.4
T002123,2025-10-11,03:28:37,CUST_0331,ITEM_001,Milk,3,9.6
T002123,2025-10-11,03:28:37,CUST_0331,ITEM_002,Bread,2,5.0
T002124,2025-10-03,02:35:37,CUST_0324,ITEM_001,Bananas,2,5.6
T002125,2025-09-25,04:57:37,CUST_0417,ITEM_001,Cheese,1,5.8
T002125,2025-09-25,04:57:37,CUST_0417,ITEM_002,Butter,3,13.5
T002126,2025-10-20,01:14:37,CUST_0064,ITEM_001,Milk,2,6.4
T002126,2025-10-20,01:14:37,CUST_0064,ITEM_002,Eggs,2,6.0
T002127,2025-10-24,01:39:37,CUST_0009,ITEM_001,Onions,3,6.6
T002127,2025-10-24,01:39:37,CUST_0009,ITEM_002,Tomatoes,2,7.6
T002127,2025-10-24,01:39:37,CUST_0009,ITEM_003,Bananas,3,8.4
T002127,2025-10-24,01:39:37,CUST_0009,ITEM_004,Pasta,3,10.5
T002127,2025-10-24,01:39:37,CUST_0009,ITEM_005,Chicken,2,17.0
T002127,2025-10-24,01:39:37,CUST_0009,ITEM_006,Apples,2,8.4
T002127,2025-10-24,01:39:37,CUST_0009,ITEM_007,Milk,2,6.4
T002127,2025-10-24,01:39:37,CUST_0009,ITEM_008,Potatoes,2,4.0
T002128,2025-10-17,06:21:37,CUST_0097,ITEM_001,Milk,1,3.2
T002128,2025-10-17,06:21:37,CUST_0097,ITEM_002,Cheese,3,17.4
T002129,2025-09-23,10:34:37,CUST_0312,ITEM_001,Eggs,1,3.0
T002129,2025-09-23,10:34:37,CUST_0312,ITEM_002,Oranges,2,7.0
T002129,2025-09-23,10:34:37,CUST_0312,ITEM_003,Bread,2,5.0
T002130,2025-10-12,03:49:37,CUST_0053,ITEM_001,Onions,1,2.2
T002130,2025-10-12,03:49:37,CUST_0053,ITEM_002,Bread,2,5.0
T002131,2025-10-09,02:35:37,CUST_0438,ITEM_001,Rice,2,8.0
T002131,2025-10-09,02:35:37,CUST_0438,ITEM_002,Chicken,1,8.5
T002131,2025-10-09,02:35:37,CUST_0438,ITEM_003,Tomatoes,1,3.8
T002131,2025-10-09,02:35:37,CUST_0438,ITEM_004,Onions,1,2.2
T002131,2025-10-09,02:35:37,CUST_0438,ITEM_005,Pasta,2,7.0
T002131,2025-10-09,02:35:37,CUST_0438,ITEM_006,Bread,1,2.5
T002132,2025-09-24,02:36:37,CUST_0490,ITEM_001,Apples,3,12.6
T002132,2025-09-24,02:36:37,CUST_0490,ITEM_002,Oranges,3,10.5
T002132,2025-09-24,02:36:37,CUST_0490,ITEM_003,Bananas,3,8.4
T002132,2025-09-24,02:36:37,CUST_0490,ITEM_004,Butter,2,9.0
T002132,2025-09-24,02:36:37,CUST_0490,ITEM_005,Cheese,3,17.4
T002133,2025-10-05,23:43:37,CUST_0038,ITEM_001,Apples,3,12.6
T002133,2025-10-05,23:43:37,CUST_0038,ITEM_002,Pasta,2,7.0
T002133,2025-10-05,23:43:37,CUST_0038,ITEM_003,Tomatoes,2,7.6
T002134,2025-10-06,02:29:37,CUST_0028,ITEM_001,Oranges,2,7.0
T002135,2025-10-03,08:46:37,CUST_0081,ITEM_001,Onions,3,6.6
T002135,2025-10-03,08:46:37,CUST_0081,ITEM_002,Tomatoes,3,11.4
T002135,2025-10-03,08:46:37,CUST_0081,ITEM_003,Bananas,1,2.8
T002135,2025-10-03,08:46:37,CUST_0081,ITEM_004,Cheese,3,17.4
T002136,2025-09-28,11:08:37,CUST_0247,ITEM_001,Bread,3,7.5
T002136,2025-09-28,11:08:37,CUST_0247,ITEM_002,Eggs,3,9.0
T002136,2025-09-28,11:08:37,CUST_0247,ITEM_003,Butter,2,9.0
T002136,2025-09-28,11:08:37,CUST_0247,ITEM_004,Oranges,3,10.5
T002137,2025-10-04,23:20:37,CUST_0243,ITEM_001,Tomatoes,2,7.6
T002137,2025-10-04,23:20:37,CUST_0243,ITEM_002,Rice,2,8.0
T002137,2025-10-04,23:20:37,CUST_0243,ITEM_003,Chicken,2,17.0
T002137,2025-10-04,23:20:37,CUST_0243,ITEM_004,Pasta,1,3.5
T002137,2025-10-04,23:20:37,CUST_0243,ITEM_005,Onions,3,6.6
T002138,2025-09-29,10:38:37,CUST_0276,ITEM_001,Potatoes,2,4.0
T002138,2025-09-29,10:38:37,CUST_0276,ITEM_002,Beef,2,24.0
T002138,2025-09-29,10:38:37,CUST_0276,ITEM_003,Butter,1,4.5
T002139,2025-10-25,07:48:37,CUST_0249,ITEM_001,Tomatoes,2,7.6
T002139,2025-10-25,07:48:37,CUST_0249,ITEM_002,Eggs,1,3.0
T002139,2025-10-25,07:48:37,CUST_0249,ITEM_003,Onions,3,6.6
T002139,2025-10-25,07:48:37,CUST_0249,ITEM_004,Potatoes,1,2.0
T002139,2025-10-25,07:48:37,CUST_0249,ITEM_005,Chicken,3,25.5
T002140,2025-11-12,23:25:37,CUST_0014,ITEM_001,Bananas,2,5.6
T002140,2025-11-12,23:25:37,CUST_0014,ITEM_002,Apples,2,8.4
T002141,2025-10-15,09:21:37,CUST_0402,ITEM_001,Chicken,2,17.0
T002142,2025-11-09,01:51:37,CUST_0001,ITEM_001,Bananas,1,2.8
T002142,2025-11-09,01:51:37,CUST_0001,ITEM_002,Milk,3,9.6
T002142,2025-11-09,01:51:37,CUST_0001,ITEM_003,Apples,1,4.2
T002143,2025-10-22,10:09:37,CUST_0054,ITEM_001,Pasta,1,3.5
T002143,2025-10-22,10:09:37,CUST_0054,ITEM_002,Bananas,2,5.6
T002143,2025-10-22,10:09:37,CUST_0054,ITEM_003,Tomatoes,3,11.4
T002143,2025-10-22,10:09:37,CUST_0054,ITEM_004,Rice,3,12.0
T002143,2025-10-22,10:09:37,CUST_0054,ITEM_005,Chicken,2,17.0
T002144,2025-11-11,04:56:37,CUST_0219,ITEM_001,Cheese,2,11.6
T002144,2025-11-11,04:56:37,CUST_0219,ITEM_002,Milk,1,3.2
T002145,2025-10-26,08:50:37,CUST_0265,ITEM_001,Milk,1,3.2
T002145,2025-10-26,08:50:37,CUST_0265,ITEM_002,Tomatoes,1,3.8
T002145,2025-10-26,08:50:37,CUST_0265,ITEM_003,Bread,3,7.5
T002145,2025-10-26,08:50:37,CUST_0265,ITEM_004,Butter,2,9.0
T002146,2025-10-06,10:30:37,CUST_0020,ITEM_001,Rice,3,12.0
T002146,2025-10-06,10:30:37,CUST_0020,ITEM_002,Onions,2,4.4
T002146,2025-10-06,10:30:37,CUST_0020,ITEM_003,Chicken,3,25.5
T002146,2025-10-06,10:30:37,CUST_0020,ITEM_004,Potatoes,1,2.0
T002147,2025-11-03,07:38:37,CUST_0158,ITEM_001,Bananas,1,2.8
T002148,2025-11-03,10:07:37,CUST_0078,ITEM_001,Tomatoes,1,3.8
T002148,2025-11-03,10:07:37,CUST_0078,ITEM_002,Pasta,2,7.0
T002148,2025-11-03,10:07:37,CUST_0078,ITEM_003,Onions,1,2.2
T002149,2025-10-11,02:31:37,CUST_0420,ITEM_001,Tomatoes,3,11.4
T002149,2025-10-11,02:31:37,CUST_0420,ITEM_002,Onions,3,6.6
T002150,2025-10-03,23:28:37,CUST_0297,ITEM_001,Bread,2,5.0
T002151,2025-10-11,04:32:37,CUST_0488,ITEM_001,Bananas,1,2.8
T002151,2025-10-11,04:32:37,CUST_0488,ITEM_002,Apples,3,12.6
T002151,2025-10-11,04:32:37,CUST_0488,ITEM_003,Milk,3,9.6
T002151,2025-10-11,04:32:37,CUST_0488,ITEM_004,Cheese,3,17.4
T002151,2025-10-11,04:32:37,CUST_0488,ITEM_005,Onions,2,4.4
T002151,2025-10-11,04:32:37,CUST_0488,ITEM_006,Chicken,1,8.5
T002152,2025-10-12,03:11:37,CUST_0338,ITEM_001,Cheese,3,17.4
T002152,2025-10-12,03:11:37,CUST_0338,ITEM_002,Apples,1,4.2
T002152,2025-10-12,03:11:37,CUST_0338,ITEM_003,Tomatoes,2,7.6
T002152,2025-10-12,03:11:37,CUST_0338,ITEM_004,Chicken,3,25.5
T002153,2025-09-17,10:55:37,CUST_0200,ITEM_001,Bananas,3,8.4
T002153,2025-09-17,10:55:37,CUST_0200,ITEM_002,Milk,1,3.2
T002153,2025-09-17,10:55:37,CUST_0200,ITEM_003,Cheese,2,11.6
T002153,2025-09-17,10:55:37,CUST_0200,ITEM_004,Eggs,3,9.0
T002154,2025-09-27,07:12:37,CUST_0034,ITEM_001,Onions,1,2.2
T002154,2025-09-27,07:12:37,CUST_0034,ITEM_002,Tomatoes,1,3.8
T002155,2025-10-28,02:58:37,CUST_0480,ITEM_001,Potatoes,3,6.0
T002155,2025-10-28,02:58:37,CUST_0480,ITEM_002,Onions,3,6.6
T002155,2025-10-28,02:58:37,CUST_0480,ITEM_003,Tomatoes,1,3.8
T002155,2025-10-28,02:58:37,CUST_0480,ITEM_004,Pasta,3,10.5
T002156,2025-09-19,08:17:37,CUST_0248,ITEM_001,Milk,1,3.2
T002156,2025-09-19,08:17:37,CUST_0248,ITEM_002,Potatoes,3,6.0
T002157,2025-10-29,23:15:37,CUST_0014,ITEM_001,Apples,1,4.2
T002157,2025-10-29,23:15:37,CUST_0014,ITEM_002,Bananas,2,5.6
T002157,2025-10-29,23:15:37,CUST_0014,ITEM_003,Milk,1,3.2
T002157,2025-10-29,23:15:37,CUST_0014,ITEM_004,Cheese,3,17.4
T002158,2025-11-04,06:15:37,CUST_0189,ITEM_001,Chicken,3,25.5
T002158,2025-11-04,06:15:37,CUST_0189,ITEM_002,Rice,3,12.0
T002159,2025-10-07,07:14:37,CUST_0359,ITEM_001,Eggs,1,3.0
T002159,2025-10-07,07:14:37,CUST_0359,ITEM_002,Milk,3,9.6
T002159,2025-10-07,07:14:37,CUST_0359,ITEM_003,Onions,2,4.4
T002159,2025-10-07,07:14:37,CUST_0359,ITEM_004,Potatoes,1,2.0
T002159,2025-10-07,07:14:37,CUST_0359,ITEM_005,Beef,2,24.0
T002160,2025-09-18,06:11:37,CUST_0215,ITEM_001,Chicken,2,17.0
T002160,2025-09-18,06:11:37,CUST_0215,ITEM_002,Cheese,3,17.4
T002160,2025-09-18,06:11:37,CUST_0215,ITEM_003,Rice,3,12.0
T002161,2025-09-27,04:09:37,CUST_0309,ITEM_001,Onions,2,4.4
T002161,2025-09-27,04:09:37,CUST_0309,ITEM_002,Bananas,3,8.4
T002161,2025-09-27,04:09:37,CUST_0309,ITEM_003,Potatoes,3,6.0
T002161,2025-09-27,04:09:37,CUST_0309,ITEM_004,Pasta,1,3.5
T002161,2025-09-27,04:09:37,CUST_0309,ITEM_005,Tomatoes,2,7.6
T002162,2025-10-19,00:21:37,CUST_0429,ITEM_001,Potatoes,2,4.0
T002162,2025-10-19,00:21:37,CUST_0429,ITEM_002,Onions,3,6.6
T002163,2025-09-30,03:34:37,CUST_0124,ITEM_001,Apples,2,8.4
T002163,2025-09-30,03:34:37,CUST_0124,ITEM_002,Butter,1,4.5
T002163,2025-09-30,03:34:37,CUST_0124,ITEM_003,Oranges,1,3.5
T002164,2025-09-20,00:28:37,CUST_0080,ITEM_001,Apples,1,4.2
T002164,2025-09-20,00:28:37,CUST_0080,ITEM_002,Bananas,2,5.6
T002164,2025-09-20,00:28:37,CUST_0080,ITEM_003,Milk,3,9.6
T002164,2025-09-20,00:28:37,CUST_0080,ITEM_004,Tomatoes,1,3.8
T002164,2025-09-20,00:28:37,CUST_0080,ITEM_005,Cheese,3,17.4
T002164,2025-09-20,00:28:37,CUST_0080,ITEM_006,Chicken,3,25.5
T002164,2025-09-20,00:28:37,CUST_0080,ITEM_007,Pasta,1,3.5
T002165,2025-11-04,01:21:37,CUST_0496,ITEM_001,Milk,1,3.2
T002165,2025-11-04,01:21:37,CUST_0496,ITEM_002,Eggs,1,3.0
T002165,2025-11-04,01:21:37,CUST_0496,ITEM_003,Bread,3,7.5
T002165,2025-11-04,01:21:37,CUST_0496,ITEM_004,Potatoes,1,2.0
T002165,2025-11-04,01:21:37,CUST_0496,ITEM_005,Chicken,3,25.5
T002166,2025-10-16,06:42:37,CUST_0477,ITEM_001,Potatoes,3,6.0
T002166,2025-10-16,06:42:37,CUST_0477,ITEM_002,Onions,2,4.4
T002166,2025-10-16,06:42:37,CUST_0477,ITEM_003,Beef,1,12.0
T002167,2025-10-27,00:22:37,CUST_0255,ITEM_001,Onions,2,4.4
T002167,2025-10-27,00:22:37,CUST_0255,ITEM_002,Tomatoes,1,3.8
T002167,2025-10-27,00:22:37,CUST_0255,ITEM_003,Chicken,3,25.5
T002167,2025-10-27,00:22:37,CUST_0255,ITEM_004,Pasta,1,3.5
T002167,2025-10-27,00:22:37,CUST_0255,ITEM_005,Rice,3,12.0
T002167,2025-10-27,00:22:37,CUST_0255,ITEM_006,Potatoes,2,4.0
T002167,2025-10-27,00:22:37,CUST_0255,ITEM_007,Cheese,2,11.6
T002168,2025-10-17,10:53:37,CUST_0282,ITEM_001,Pasta,2,7.0
T002168,2025-10-17,10:53:37,CUST_0282,ITEM_002,Tomatoes,2,7.6
T002169,2025-10-19,03:10:37,CUST_0411,ITEM_001,Milk,3,9.6
T002169,2025-10-19,03:10:37,CUST_0411,ITEM_002,Beef,3,36.0
T002170,2025-10-07,09:38:37,CUST_0052,ITEM_001,Bread,3,7.5
T002170,2025-10-07,09:38:37,CUST_0052,ITEM_002,Butter,3,13.5
T002170,2025-10-07,09:38:37,CUST_0052,ITEM_003,Tomatoes,3,11.4
T002170,2025-10-07,09:38:37,CUST_0052,ITEM_004,Pasta,1,3.5
T002170,2025-10-07,09:38:37,CUST_0052,ITEM_005,Cheese,3,17.4
T002170,2025-10-07,09:38:37,CUST_0052,ITEM_006,Milk,3,9.6
T002171,2025-11-04,00:21:37,CUST_0267,ITEM_001,Rice,3,12.0
T002171,2025-11-04,00:21:37,CUST_0267,ITEM_002,Pasta,2,7.0
T002172,2025-09-30,08:41:37,CUST_0489,ITEM_001,Tomatoes,3,11.4
T002172,2025-09-30,08:41:37,CUST_0489,ITEM_002,Eggs,3,9.0
T002173,2025-09-28,09:02:37,CUST_0159,ITEM_001,Rice,1,4.0
T002173,2025-09-28,09:02:37,CUST_0159,ITEM_002,Chicken,3,25.5
T002173,2025-09-28,09:02:37,CUST_0159,ITEM_003,Cheese,3,17.4
T002173,2025-09-28,09:02:37,CUST_0159,ITEM_004,Butter,1,4.5
T002174,2025-10-31,23:09:37,CUST_0199,ITEM_001,Milk,3,9.6
T002174,2025-10-31,23:09:37,CUST_0199,ITEM_002,Cheese,1,5.8
T002175,2025-09-26,11:19:37,CUST_0351,ITEM_001,Rice,2,8.0
T002175,2025-09-26,11:19:37,CUST_0351,ITEM_002,Chicken,3,25.5
T002175,2025-09-26,11:19:37,CUST_0351,ITEM_003,Bananas,1,2.8
T002175,2025-09-26,11:19:37,CUST_0351,ITEM_004,Tomatoes,1,3.8
T002175,2025-09-26,11:19:37,CUST_0351,ITEM_005,Pasta,1,3.5
T002175,2025-09-26,11:19:37,CUST_0351,ITEM_006,Onions,3,6.6
T002176,2025-09-20,00:52:37,CUST_0108,ITEM_001,Eggs,3,9.0
T002177,2025-09-20,09:31:37,CUST_0327,ITEM_001,Rice,3,12.0
T002177,2025-09-20,09:31:37,CUST_0327,ITEM_002,Chicken,2,17.0
T002178,2025-11-02,01:50:37,CUST_0267,ITEM_001,Bread,1,2.5
T002178,2025-11-02,01:50:37,CUST_0267,ITEM_002,Tomatoes,2,7.6
T002178,2025-11-02,01:50:37,CUST_0267,ITEM_003,Pasta,2,7.0
T002179,2025-10-19,06:02:37,CUST_0283,ITEM_001,Milk,3,9.6
T002179,2025-10-19,06:02:37,CUST_0283,ITEM_002,Bread,3,7.5
T002179,2025-10-19,06:02:37,CUST_0283,ITEM_003,Pasta,3,10.5
T002179,2025-10-19,06:02:37,CUST_0283,ITEM_004,Eggs,3,9.0
T002180,2025-10-01,03:24:37,CUST_0118,ITEM_001,Onions,1,2.2
T002180,2025-10-01,03:24:37,CUST_0118,ITEM_002,Bread,1,2.5
T002180,2025-10-01,03:24:37,CUST_0118,ITEM_003,Pasta,1,3.5
T002180,2025-10-01,03:24:37,CUST_0118,ITEM_004,Butter,3,13.5
T002181,2025-11-05,00:20:37,CUST_0482,ITEM_001,Bananas,2,5.6
T002181,2025-11-05,00:20:37,CUST_0482,ITEM_002,Apples,1,4.2
T002181,2025-11-05,00:20:37,CUST_0482,ITEM_003,Milk,2,6.4
T002181,2025-11-05,00:20:37,CUST_0482,ITEM_004,Cheese,1,5.8
T002181,2025-11-05,00:20:37,CUST_0482,ITEM_005,Rice,2,8.0
T002181,2025-11-05,00:20:37,CUST_0482,ITEM_006,Beef,1,12.0
T002181,2025-11-05,00:20:37,CUST_0482,ITEM_007,Bread,1,2.5
T002181,2025-11-05,00:20:37,CUST_0482,ITEM_008,Eggs,3,9.0
T002182,2025-10-28,06:45:37,CUST_0370,ITEM_001,Milk,3,9.6
T002182,2025-10-28,06:45:37,CUST_0370,ITEM_002,Pasta,2,7.0
T002183,2025-09-23,01:20:37,CUST_0488,ITEM_001,Bananas,2,5.6
T002183,2025-09-23,01:20:37,CUST_0488,ITEM_002,Apples,3,12.6
T002184,2025-11-04,23:52:37,CUST_0465,ITEM_001,Oranges,3,10.5
T002184,2025-11-04,23:52:37,CUST_0465,ITEM_002,Bread,1,2.5
T002185,2025-10-19,06:10:37,CUST_0074,ITEM_001,Pasta,3,10.5
T002185,2025-10-19,06:10:37,CUST_0074,ITEM_002,Chicken,1,8.5
T002185,2025-10-19,06:10:37,CUST_0074,ITEM_003,Tomatoes,1,3.8
T002185,2025-10-19,06:10:37,CUST_0074,ITEM_004,Onions,1,2.2
T002186,2025-11-05,04:04:37,CUST_0126,ITEM_001,Bananas,2,5.6
T002186,2025-11-05,04:04:37,CUST_0126,ITEM_002,Oranges,1,3.5
T002186,2025-11-05,04:04:37,CUST_0126,ITEM_003,Apples,1,4.2
T002186,2025-11-05,04:04:37,CUST_0126,ITEM_004,Milk,1,3.2
T002186,2025-11-05,04:04:37,CUST_0126,ITEM_005,Cheese,1,5.8
T002186,2025-11-05,04:04:37,CUST_0126,ITEM_006,Pasta,2,7.0
T002186,2025-11-05,04:04:37,CUST_0126,ITEM_007,Tomatoes,3,11.4
T002187,2025-09-26,08:34:37,CUST_0376,ITEM_001,Oranges,3,10.5
T002187,2025-09-26,08:34:37,CUST_0376,ITEM_002,Butter,3,13.5
T002187,2025-09-26,08:34:37,CUST_0376,ITEM_003,Beef,1,12.0
T002188,2025-09-30,00:15:37,CUST_0053,ITEM_001,Beef,1,12.0
T002189,2025-09-16,08:13:37,CUST_0401,ITEM_001,Pasta,2,7.0
T002189,2025-09-16,08:13:37,CUST_0401,ITEM_002,Tomatoes,2,7.6
T002190,2025-10-21,06:25:37,CUST_0251,ITEM_001,Onions,3,6.6
T002190,2025-10-21,06:25:37,CUST_0251,ITEM_002,Tomatoes,3,11.4
T002190,2025-10-21,06:25:37,CUST_0251,ITEM_003,Oranges,3,10.5
T002190,2025-10-21,06:25:37,CUST_0251,ITEM_004,Potatoes,1,2.0
T002191,2025-11-13,08:50:37,CUST_0445,ITEM_001,Eggs,3,9.0
T002191,2025-11-13,08:50:37,CUST_0445,ITEM_002,Bread,3,7.5
T002191,2025-11-13,08:50:37,CUST_0445,ITEM_003,Milk,3,9.6
T002191,2025-11-13,08:50:37,CUST_0445,ITEM_004,Bananas,2,5.6
T002191,2025-11-13,08:50:37,CUST_0445,ITEM_005,Apples,1,4.2
T002191,2025-11-13,08:50:37,CUST_0445,ITEM_006,Butter,2,9.0
T002192,2025-09-16,23:15:37,CUST_0246,ITEM_001,Oranges,3,10.5
T002192,2025-09-16,23:15:37,CUST_0246,ITEM_002,Potatoes,2,4.0
T002193,2025-11-10,00:41:37,CUST_0370,ITEM_001,Cheese,2,11.6
T002194,2025-11-02,04:20:37,CUST_0214,ITEM_001,Pasta,2,7.0
T002194,2025-11-02,04:20:37,CUST_0214,ITEM_002,Cheese,2,11.6
T002194,2025-11-02,04:20:37,CUST_0214,ITEM_003,Bananas,2,5.6
T002195,2025-09-29,23:56:37,CUST_0293,ITEM_001,Apples,2,8.4
T002195,2025-09-29,23:56:37,CUST_0293,ITEM_002,Tomatoes,1,3.8
T002196,2025-11-10,04:15:37,CUST_0427,ITEM_001,Oranges,2,7.0
T002196,2025-11-10,04:15:37,CUST_0427,ITEM_002,Apples,1,4.2
T002196,2025-11-10,04:15:37,CUST_0427,ITEM_003,Bananas,1,2.8
T002196,2025-11-10,04:15:37,CUST_0427,ITEM_004,Milk,3,9.6
T002197,2025-10-14,09:57:37,CUST_0362,ITEM_001,Oranges,1,3.5
T002198,2025-10-14,07:32:37,CUST_0068,ITEM_001,Bread,3,7.5
T002198,2025-10-14,07:32:37,CUST_0068,ITEM_002,Milk,1,3.2
T002198,2025-10-14,07:32:37,CUST_0068,ITEM_003,Butter,1,4.5
T002198,2025-10-14,07:32:37,CUST_0068,ITEM_004,Cheese,2,11.6
T002198,2025-10-14,07:32:37,CUST_0068,ITEM_005,Eggs,3,9.0
T002199,2025-10-10,01:17:37,CUST_0122,ITEM_001,Bananas,1,2.8
T002199,2025-10-10,01:17:37,CUST_0122,ITEM_002,Milk,1,3.2
T002199,2025-10-10,01:17:37,CUST_0122,ITEM_003,Onions,3,6.6
T002200,2025-11-14,07:31:37,CUST_0307,ITEM_001,Beef,3,36.0
T002201,2025-10-10,04:43:37,CUST_0109,ITEM_001,Chicken,3,25.5
T002202,2025-11-05,07:20:37,CUST_0219,ITEM_001,Pasta,2,7.0
T002202,2025-11-05,07:20:37,CUST_0219,ITEM_002,Tomatoes,2,7.6
T002203,2025-10-04,07:03:37,CUST_0019,ITEM_001,Tomatoes,3,11.4
T002203,2025-10-04,07:03:37,CUST_0019,ITEM_002,Onions,2,4.4
T002203,2025-10-04,07:03:37,CUST_0019,ITEM_003,Milk,2,6.4
T002203,2025-10-04,07:03:37,CUST_0019,ITEM_004,Bread,1,2.5
T002204,2025-10-26,11:09:37,CUST_0126,ITEM_001,Bread,1,2.5
T002204,2025-10-26,11:09:37,CUST_0126,ITEM_002,Eggs,1,3.0
T002204,2025-10-26,11:09:37,CUST_0126,ITEM_003,Butter,2,9.0
T002204,2025-10-26,11:09:37,CUST_0126,ITEM_004,Cheese,1,5.8
T002204,2025-10-26,11:09:37,CUST_0126,ITEM_005,Pasta,1,3.5
T002204,2025-10-26,11:09:37,CUST_0126,ITEM_006,Tomatoes,3,11.4
T002205,2025-10-25,02:48:37,CUST_0497,ITEM_001,Bread,2,5.0
T002205,2025-10-25,02:48:37,CUST_0497,ITEM_002,Eggs,1,3.0
T002206,2025-09-21,08:18:37,CUST_0442,ITEM_001,Rice,2,8.0
T002207,2025-09-29,03:59:37,CUST_0422,ITEM_001,Cheese,2,11.6
T002207,2025-09-29,03:59:37,CUST_0422,ITEM_002,Butter,2,9.0
T002207,2025-09-29,03:59:37,CUST_0422,ITEM_003,Bread,1,2.5
T002207,2025-09-29,03:59:37,CUST_0422,ITEM_004,Potatoes,3,6.0
T002207,2025-09-29,03:59:37,CUST_0422,ITEM_005,Milk,2,6.4
T002208,2025-10-15,06:27:37,CUST_0065,ITEM_001,Eggs,3,9.0
T002208,2025-10-15,06:27:37,CUST_0065,ITEM_002,Pasta,1,3.5
T002208,2025-10-15,06:27:37,CUST_0065,ITEM_003,Bread,1,2.5
T002209,2025-10-11,00:53:37,CUST_0438,ITEM_001,Bananas,1,2.8
T002209,2025-10-11,00:53:37,CUST_0438,ITEM_002,Apples,1,4.2
T002209,2025-10-11,00:53:37,CUST_0438,ITEM_003,Onions,1,2.2
T002209,2025-10-11,00:53:37,CUST_0438,ITEM_004,Oranges,3,10.5
T002209,2025-10-11,00:53:37,CUST_0438,ITEM_005,Potatoes,3,6.0
T002209,2025-10-11,00:53:37,CUST_0438,ITEM_006,Eggs,2,6.0
T002209,2025-10-11,00:53:37,CUST_0438,ITEM_007,Milk,1,3.2
T002209,2025-10-11,00:53:37,CUST_0438,ITEM_008,Chicken,2,17.0
T002210,2025-09-18,01:26:37,CUST_0193,ITEM_001,Pasta,2,7.0
T002210,2025-09-18,01:26:37,CUST_0193,ITEM_002,Potatoes,1,2.0
T002210,2025-09-18,01:26:37,CUST_0193,ITEM_003,Rice,1,4.0
T002210,2025-09-18,01:26:37,CUST_0193,ITEM_004,Onions,2,4.4
T002210,2025-09-18,01:26:37,CUST_0193,ITEM_005,Chicken,1,8.5
T002210,2025-09-18,01:26:37,CUST_0193,ITEM_006,Tomatoes,2,7.6
T002211,2025-11-06,00:26:37,CUST_0393,ITEM_001,Rice,2,8.0
T002211,2025-11-06,00:26:37,CUST_0393,ITEM_002,Chicken,1,8.5
T002211,2025-11-06,00:26:37,CUST_0393,ITEM_003,Tomatoes,1,3.8
T002211,2025-11-06,00:26:37,CUST_0393,ITEM_004,Potatoes,3,6.0
T002212,2025-09-28,03:26:37,CUST_0031,ITEM_001,Potatoes,1,2.0
T002212,2025-09-28,03:26:37,CUST_0031,ITEM_002,Onions,1,2.2
T002212,2025-09-28,03:26:37,CUST_0031,ITEM_003,Oranges,1,3.5
T002212,2025-09-28,03:26:37,CUST_0031,ITEM_004,Rice,3,12.0
T002212,2025-09-28,03:26:37,CUST_0031,ITEM_005,Butter,3,13.5
T002212,2025-09-28,03:26:37,CUST_0031,ITEM_006,Chicken,3,25.5
T002213,2025-10-06,10:09:37,CUST_0195,ITEM_001,Bananas,1,2.8
T002213,2025-10-06,10:09:37,CUST_0195,ITEM_002,Milk,3,9.6
T002214,2025-10-02,04:01:37,CUST_0493,ITEM_001,Milk,2,6.4
T002214,2025-10-02,04:01:37,CUST_0493,ITEM_002,Bread,3,7.5
T002214,2025-10-02,04:01:37,CUST_0493,ITEM_003,Onions,1,2.2
T002214,2025-10-02,04:01:37,CUST_0493,ITEM_004,Tomatoes,3,11.4
T002214,2025-10-02,04:01:37,CUST_0493,ITEM_005,Bananas,3,8.4
T002214,2025-10-02,04:01:37,CUST_0493,ITEM_006,Pasta,2,7.0
T002214,2025-10-02,04:01:37,CUST_0493,ITEM_007,Eggs,2,6.0
T002215,2025-09-18,10:12:37,CUST_0426,ITEM_001,Tomatoes,2,7.6
T002215,2025-09-18,10:12:37,CUST_0426,ITEM_002,Onions,2,4.4
T002215,2025-09-18,10:12:37,CUST_0426,ITEM_003,Chicken,1,8.5
T002215,2025-09-18,10:12:37,CUST_0426,ITEM_004,Rice,2,8.0
T002215,2025-09-18,10:12:37,CUST_0426,ITEM_005,Pasta,1,3.5
T002216,2025-11-01,10:12:37,CUST_0480,ITEM_001,Pasta,3,10.5
T002216,2025-11-01,10:12:37,CUST_0480,ITEM_002,Tomatoes,2,7.6
T002216,2025-11-01,10:12:37,CUST_0480,ITEM_003,Onions,3,6.6
T002216,2025-11-01,10:12:37,CUST_0480,ITEM_004,Potatoes,1,2.0
T002217,2025-11-10,05:56:37,CUST_0007,ITEM_001,Oranges,2,7.0
T002217,2025-11-10,05:56:37,CUST_0007,ITEM_002,Rice,3,12.0
T002217,2025-11-10,05:56:37,CUST_0007,ITEM_003,Chicken,3,25.5
T002217,2025-11-10,05:56:37,CUST_0007,ITEM_004,Bananas,2,5.6
T002218,2025-11-06,10:32:37,CUST_0474,ITEM_001,Onions,1,2.2
T002218,2025-11-06,10:32:37,CUST_0474,ITEM_002,Chicken,2,17.0
T002218,2025-11-06,10:32:37,CUST_0474,ITEM_003,Butter,3,13.5
T002218,2025-11-06,10:32:37,CUST_0474,ITEM_004,Bread,1,2.5
T002219,2025-11-10,11:17:37,CUST_0066,ITEM_001,Rice,2,8.0
T002219,2025-11-10,11:17:37,CUST_0066,ITEM_002,Chicken,3,25.5
T002219,2025-11-10,11:17:37,CUST_0066,ITEM_003,Tomatoes,2,7.6
T002219,2025-11-10,11:17:37,CUST_0066,ITEM_004,Pasta,3,10.5
T002219,2025-11-10,11:17:37,CUST_0066,ITEM_005,Beef,1,12.0
T002219,2025-11-10,11:17:37,CUST_0066,ITEM_006,Bananas,1,2.8
T002220,2025-10-08,01:19:37,CUST_0145,ITEM_001,Tomatoes,1,3.8
T002220,2025-10-08,01:19:37,CUST_0145,ITEM_002,Pasta,3,10.5
T002221,2025-09-25,10:04:37,CUST_0434,ITEM_001,Pasta,1,3.5
T002221,2025-09-25,10:04:37,CUST_0434,ITEM_002,Tomatoes,3,11.4
T002221,2025-09-25,10:04:37,CUST_0434,ITEM_003,Beef,3,36.0
T002222,2025-10-23,01:18:37,CUST_0325,ITEM_001,Apples,2,8.4
T002223,2025-10-21,04:44:37,CUST_0379,ITEM_001,Bananas,1,2.8
T002224,2025-11-09,10:13:37,CUST_0109,ITEM_001,Bananas,1,2.8
T002224,2025-11-09,10:13:37,CUST_0109,ITEM_002,Apples,3,12.6
T002224,2025-11-09,10:13:37,CUST_0109,ITEM_003,Beef,2,24.0
T002225,2025-11-11,03:26:37,CUST_0469,ITEM_001,Milk,3,9.6
T002225,2025-11-11,03:26:37,CUST_0469,ITEM_002,Apples,1,4.2
T002225,2025-11-11,03:26:37,CUST_0469,ITEM_003,Bananas,3,8.4
T002226,2025-10-30,04:09:37,CUST_0397,ITEM_001,Onions,2,4.4
T002226,2025-10-30,04:09:37,CUST_0397,ITEM_002,Oranges,2,7.0
T002226,2025-10-30,04:09:37,CUST_0397,ITEM_003,Bananas,2,5.6
T002226,2025-10-30,04:09:37,CUST_0397,ITEM_004,Potatoes,2,4.0
T002226,2025-10-30,04:09:37,CUST_0397,ITEM_005,Tomatoes,1,3.8
T002227,2025-09-20,23:11:37,CUST_0243,ITEM_001,Tomatoes,1,3.8
T002227,2025-09-20,23:11:37,CUST_0243,ITEM_002,Chicken,3,25.5
T002227,2025-09-20,23:11:37,CUST_0243,ITEM_003,Bread,1,2.5
T002227,2025-09-20,23:11:37,CUST_0243,ITEM_004,Milk,2,6.4
T002227,2025-09-20,23:11:37,CUST_0243,ITEM_005,Beef,2,24.0
T002228,2025-09-22,22:59:37,CUST_0496,ITEM_001,Potatoes,2,4.0
T002229,2025-10-19,08:10:37,CUST_0062,ITEM_001,Eggs,1,3.0
T002229,2025-10-19,08:10:37,CUST_0062,ITEM_002,Butter,3,13.5
T002230,2025-09-23,05:33:37,CUST_0173,ITEM_001,Onions,1,2.2
T002230,2025-09-23,05:33:37,CUST_0173,ITEM_002,Potatoes,2,4.0
T002231,2025-10-23,00:46:37,CUST_0477,ITEM_001,Eggs,2,6.0
T002231,2025-10-23,00:46:37,CUST_0477,ITEM_002,Rice,1,4.0
T002231,2025-10-23,00:46:37,CUST_0477,ITEM_003,Bread,2,5.0
T002232,2025-09-22,23:48:37,CUST_0205,ITEM_001,Beef,3,36.0
T002232,2025-09-22,23:48:37,CUST_0205,ITEM_002,Potatoes,1,2.0
T002232,2025-09-22,23:48:37,CUST_0205,ITEM_003,Chicken,3,25.5
T002232,2025-09-22,23:48:37,CUST_0205,ITEM_004,Tomatoes,3,11.4
T002233,2025-11-14,00:51:37,CUST_0259,ITEM_001,Milk,1,3.2
T002233,2025-11-14,00:51:37,CUST_0259,ITEM_002,Bananas,2,5.6
T002234,2025-09-30,11:27:37,CUST_0281,ITEM_001,Rice,3,12.0
T002235,2025-10-21,00:04:37,CUST_0073,ITEM_001,Oranges,3,10.5
T002235,2025-10-21,00:04:37,CUST_0073,ITEM_002,Potatoes,3,6.0
T002235,2025-10-21,00:04:37,CUST_0073,ITEM_003,Apples,1,4.2
T002236,2025-11-09,08:06:37,CUST_0475,ITEM_001,Bread,3,7.5
T002236,2025-11-09,08:06:37,CUST_0475,ITEM_002,Chicken,2,17.0
T002236,2025-11-09,08:06:37,CUST_0475,ITEM_003,Tomatoes,1,3.8
T002236,2025-11-09,08:06:37,CUST_0475,ITEM_004,Eggs,2,6.0
T002236,2025-11-09,08:06:37,CUST_0475,ITEM_005,Rice,1,4.0
T002236,2025-11-09,08:06:37,CUST_0475,ITEM_006,Beef,3,36.0
T002236,2025-11-09,08:06:37,CUST_0475,ITEM_007,Bananas,1,2.8
T002236,2025-11-09,08:06:37,CUST_0475,ITEM_008,Apples,1,4.2
T002237,2025-09-28,01:56:37,CUST_0295,ITEM_001,Potatoes,2,4.0
T002237,2025-09-28,01:56:37,CUST_0295,ITEM_002,Milk,1,3.2
T002238,2025-09-24,03:10:37,CUST_0361,ITEM_001,Beef,2,24.0
T002238,2025-09-24,03:10:37,CUST_0361,ITEM_002,Rice,1,4.0
T002238,2025-09-24,03:10:37,CUST_0361,ITEM_003,Pasta,2,7.0
T002238,2025-09-24,03:10:37,CUST_0361,ITEM_004,Tomatoes,3,11.4
T002238,2025-09-24,03:10:37,CUST_0361,ITEM_005,Chicken,3,25.5
T002239,2025-10-25,03:48:37,CUST_0311,ITEM_001,Oranges,1,3.5
T002239,2025-10-25,03:48:37,CUST_0311,ITEM_002,Cheese,2,11.6
T002239,2025-10-25,03:48:37,CUST_0311,ITEM_003,Butter,3,13.5
T002240,2025-10-21,08:03:37,CUST_0446,ITEM_001,Milk,1,3.2
T002240,2025-10-21,08:03:37,CUST_0446,ITEM_002,Cheese,2,11.6
T002241,2025-11-07,23:20:37,CUST_0148,ITEM_001,Oranges,1,3.5
T002242,2025-10-15,09:11:37,CUST_0070,ITEM_001,Potatoes,1,2.0
T002243,2025-11-07,10:00:37,CUST_0435,ITEM_001,Beef,2,24.0
T002243,2025-11-07,10:00:37,CUST_0435,ITEM_002,Cheese,2,11.6
T002243,2025-11-07,10:00:37,CUST_0435,ITEM_003,Butter,3,13.5
T002243,2025-11-07,10:00:37,CUST_0435,ITEM_004,Milk,3,9.6
T002243,2025-11-07,10:00:37,CUST_0435,ITEM_005,Bread,3,7.5
T002244,2025-09-29,05:24:37,CUST_0306,ITEM_001,Potatoes,3,6.0
T002244,2025-09-29,05:24:37,CUST_0306,ITEM_002,Onions,1,2.2
T002244,2025-09-29,05:24:37,CUST_0306,ITEM_003,Tomatoes,2,7.6
T002245,2025-10-11,02:37:37,CUST_0401,ITEM_001,Eggs,2,6.0
T002245,2025-10-11,02:37:37,CUST_0401,ITEM_002,Bread,1,2.5
T002245,2025-10-11,02:37:37,CUST_0401,ITEM_003,Butter,1,4.5
T002245,2025-10-11,02:37:37,CUST_0401,ITEM_004,Bananas,3,8.4
T002246,2025-10-07,09:51:37,CUST_0385,ITEM_001,Tomatoes,1,3.8
T002246,2025-10-07,09:51:37,CUST_0385,ITEM_002,Pasta,2,7.0
T002246,2025-10-07,09:51:37,CUST_0385,ITEM_003,Onions,1,2.2
T002247,2025-10-25,09:34:37,CUST_0201,ITEM_001,Bananas,1,2.8
T002248,2025-11-06,07:22:37,CUST_0466,ITEM_001,Tomatoes,2,7.6
T002248,2025-11-06,07:22:37,CUST_0466,ITEM_002,Chicken,1,8.5
T002249,2025-09-20,02:50:37,CUST_0161,ITEM_001,Bread,1,2.5
T002249,2025-09-20,02:50:37,CUST_0161,ITEM_002,Milk,2,6.4
T002250,2025-10-04,07:32:37,CUST_0273,ITEM_001,Oranges,3,10.5
T002250,2025-10-04,07:32:37,CUST_0273,ITEM_002,Eggs,3,9.0
T002250,2025-10-04,07:32:37,CUST_0273,ITEM_003,Bread,1,2.5
T002251,2025-11-02,08:59:37,CUST_0180,ITEM_001,Cheese,2,11.6
T002251,2025-11-02,08:59:37,CUST_0180,ITEM_002,Milk,1,3.2
T002251,2025-11-02,08:59:37,CUST_0180,ITEM_003,Potatoes,1,2.0
T002252,2025-10-24,23:55:37,CUST_0006,ITEM_001,Rice,1,4.0
T002253,2025-11-10,03:05:37,CUST_0100,ITEM_001,Bananas,2,5.6
T002253,2025-11-10,03:05:37,CUST_0100,ITEM_002,Apples,1,4.2
T002254,2025-09-23,02:15:37,CUST_0208,ITEM_001,Eggs,2,6.0
T002254,2025-09-23,02:15:37,CUST_0208,ITEM_002,Bread,2,5.0
T002255,2025-10-11,04:07:37,CUST_0426,ITEM_001,Milk,3,9.6
T002255,2025-10-11,04:07:37,CUST_0426,ITEM_002,Bread,1,2.5
T002255,2025-10-11,04:07:37,CUST_0426,ITEM_003,Potatoes,1,2.0
T002256,2025-09-24,07:34:37,CUST_0208,ITEM_001,Potatoes,2,4.0
T002256,2025-09-24,07:34:37,CUST_0208,ITEM_002,Beef,1,12.0
T002256,2025-09-24,07:34:37,CUST_0208,ITEM_003,Onions,1,2.2
T002256,2025-09-24,07:34:37,CUST_0208,ITEM_004,Milk,2,6.4
T002257,2025-10-02,08:42:37,CUST_0073,ITEM_001,Pasta,3,10.5
T002257,2025-10-02,08:42:37,CUST_0073,ITEM_002,Tomatoes,1,3.8
T002258,2025-10-12,06:33:37,CUST_0446,ITEM_001,Milk,1,3.2
T002258,2025-10-12,06:33:37,CUST_0446,ITEM_002,Tomatoes,2,7.6
T002258,2025-10-12,06:33:37,CUST_0446,ITEM_003,Chicken,2,17.0
T002258,2025-10-12,06:33:37,CUST_0446,ITEM_004,Butter,3,13.5
T002259,2025-10-28,01:14:37,CUST_0091,ITEM_001,Chicken,1,8.5
T002259,2025-10-28,01:14:37,CUST_0091,ITEM_002,Rice,1,4.0
T002259,2025-10-28,01:14:37,CUST_0091,ITEM_003,Tomatoes,1,3.8
T002259,2025-10-28,01:14:37,CUST_0091,ITEM_004,Onions,2,4.4
T002259,2025-10-28,01:14:37,CUST_0091,ITEM_005,Pasta,3,10.5
T002259,2025-10-28,01:14:37,CUST_0091,ITEM_006,Potatoes,1,2.0
T002259,2025-10-28,01:14:37,CUST_0091,ITEM_007,Bread,2,5.0
T002259,2025-10-28,01:14:37,CUST_0091,ITEM_008,Eggs,3,9.0
T002260,2025-10-31,22:58:37,CUST_0194,ITEM_001,Butter,2,9.0
T002260,2025-10-31,22:58:37,CUST_0194,ITEM_002,Onions,3,6.6
T002260,2025-10-31,22:58:37,CUST_0194,ITEM_003,Tomatoes,2,7.6
T002261,2025-10-15,03:38:37,CUST_0484,ITEM_001,Rice,1,4.0
T002261,2025-10-15,03:38:37,CUST_0484,ITEM_002,Chicken,3,25.5
T002261,2025-10-15,03:38:37,CUST_0484,ITEM_003,Bread,1,2.5
T002261,2025-10-15,03:38:37,CUST_0484,ITEM_004,Cheese,1,5.8
T002262,2025-09-17,10:24:37,CUST_0279,ITEM_001,Bananas,1,2.8
T002262,2025-09-17,10:24:37,CUST_0279,ITEM_002,Milk,2,6.4
T002262,2025-09-17,10:24:37,CUST_0279,ITEM_003,Pasta,2,7.0
T002262,2025-09-17,10:24:37,CUST_0279,ITEM_004,Cheese,3,17.4
T002262,2025-09-17,10:24:37,CUST_0279,ITEM_005,Bread,2,5.0
T002262,2025-09-17,10:24:37,CUST_0279,ITEM_006,Eggs,3,9.0
T002263,2025-10-03,07:44:37,CUST_0061,ITEM_001,Chicken,2,17.0
T002264,2025-10-30,06:26:37,CUST_0292,ITEM_001,Beef,3,36.0
T002264,2025-10-30,06:26:37,CUST_0292,ITEM_002,Pasta,2,7.0
T002264,2025-10-30,06:26:37,CUST_0292,ITEM_003,Oranges,2,7.0
T002265,2025-10-09,08:38:37,CUST_0301,ITEM_001,Bananas,2,5.6
T002265,2025-10-09,08:38:37,CUST_0301,ITEM_002,Milk,3,9.6
T002265,2025-10-09,08:38:37,CUST_0301,ITEM_003,Apples,2,8.4
T002265,2025-10-09,08:38:37,CUST_0301,ITEM_004,Eggs,2,6.0
T002265,2025-10-09,08:38:37,CUST_0301,ITEM_005,Cheese,3,17.4
T002265,2025-10-09,08:38:37,CUST_0301,ITEM_006,Bread,2,5.0
T002265,2025-10-09,08:38:37,CUST_0301,ITEM_007,Butter,1,4.5
T002265,2025-10-09,08:38:37,CUST_0301,ITEM_008,Beef,2,24.0
T002266,2025-10-30,01:33:37,CUST_0039,ITEM_001,Butter,3,13.5
T002267,2025-10-19,11:03:37,CUST_0309,ITEM_001,Rice,3,12.0
T002267,2025-10-19,11:03:37,CUST_0309,ITEM_002,Chicken,3,25.5
T002268,2025-10-15,23:00:37,CUST_0291,ITEM_001,Eggs,1,3.0
T002268,2025-10-15,23:00:37,CUST_0291,ITEM_002,Milk,1,3.2
T002269,2025-11-09,22:41:37,CUST_0026,ITEM_001,Bread,1,2.5
T002269,2025-11-09,22:41:37,CUST_0026,ITEM_002,Oranges,3,10.5
T002269,2025-11-09,22:41:37,CUST_0026,ITEM_003,Butter,1,4.5
T002270,2025-10-27,10:00:37,CUST_0170,ITEM_001,Rice,2,8.0
T002270,2025-10-27,10:00:37,CUST_0170,ITEM_002,Tomatoes,3,11.4
T002270,2025-10-27,10:00:37,CUST_0170,ITEM_003,Chicken,1,8.5
T002270,2025-10-27,10:00:37,CUST_0170,ITEM_004,Oranges,3,10.5
T002270,2025-10-27,10:00:37,CUST_0170,ITEM_005,Pasta,3,10.5
T002270,2025-10-27,10:00:37,CUST_0170,ITEM_006,Onions,3,6.6
T002270,2025-10-27,10:00:37,CUST_0170,ITEM_007,Beef,1,12.0
T002271,2025-11-07,10:55:37,CUST_0232,ITEM_001,Oranges,1,3.5
T002272,2025-10-13,03:40:37,CUST_0471,ITEM_001,Apples,3,12.6
T002273,2025-10-15,05:09:37,CUST_0176,ITEM_001,Tomatoes,3,11.4
T002273,2025-10-15,05:09:37,CUST_0176,ITEM_002,Pasta,3,10.5
T002273,2025-10-15,05:09:37,CUST_0176,ITEM_003,Chicken,3,25.5
T002273,2025-10-15,05:09:37,CUST_0176,ITEM_004,Bread,2,5.0
T002273,2025-10-15,05:09:37,CUST_0176,ITEM_005,Butter,1,4.5
T002273,2025-10-15,05:09:37,CUST_0176,ITEM_006,Onions,3,6.6
T002274,2025-10-23,07:09:37,CUST_0054,ITEM_001,Chicken,3,25.5
T002274,2025-10-23,07:09:37,CUST_0054,ITEM_002,Beef,1,12.0
T002274,2025-10-23,07:09:37,CUST_0054,ITEM_003,Onions,1,2.2
T002275,2025-11-12,04:33:37,CUST_0171,ITEM_001,Onions,1,2.2
T002275,2025-11-12,04:33:37,CUST_0171,ITEM_002,Tomatoes,1,3.8
T002276,2025-10-04,01:02:37,CUST_0445,ITEM_001,Potatoes,3,6.0
T002276,2025-10-04,01:02:37,CUST_0445,ITEM_002,Onions,1,2.2
T002276,2025-10-04,01:02:37,CUST_0445,ITEM_003,Beef,2,24.0
T002276,2025-10-04,01:02:37,CUST_0445,ITEM_004,Oranges,2,7.0
T002277,2025-11-01,06:14:37,CUST_0417,ITEM_001,Beef,1,12.0
T002277,2025-11-01,06:14:37,CUST_0417,ITEM_002,Butter,1,4.5
T002277,2025-11-01,06:14:37,CUST_0417,ITEM_003,Bread,3,7.5
T002277,2025-11-01,06:14:37,CUST_0417,ITEM_004,Chicken,3,25.5
T002277,2025-11-01,06:14:37,CUST_0417,ITEM_005,Cheese,1,5.8
T002278,2025-10-30,11:07:37,CUST_0207,ITEM_001,Onions,3,6.6
T002278,2025-10-30,11:07:37,CUST_0207,ITEM_002,Apples,3,12.6
T002279,2025-10-12,05:26:37,CUST_0444,ITEM_001,Potatoes,3,6.0
T002279,2025-10-12,05:26:37,CUST_0444,ITEM_002,Beef,1,12.0
T002280,2025-09-25,07:23:37,CUST_0334,ITEM_001,Bananas,1,2.8
T002280,2025-09-25,07:23:37,CUST_0334,ITEM_002,Apples,1,4.2
T002280,2025-09-25,07:23:37,CUST_0334,ITEM_003,Milk,2,6.4
T002280,2025-09-25,07:23:37,CUST_0334,ITEM_004,Butter,1,4.5
T002281,2025-09-18,09:45:37,CUST_0454,ITEM_001,Cheese,2,11.6
T002281,2025-09-18,09:45:37,CUST_0454,ITEM_002,Rice,3,12.0
T002281,2025-09-18,09:45:37,CUST_0454,ITEM_003,Butter,2,9.0
T002282,2025-09-22,03:22:37,CUST_0284,ITEM_001,Apples,2,8.4
T002282,2025-09-22,03:22:37,CUST_0284,ITEM_002,Bananas,2,5.6
T002282,2025-09-22,03:22:37,CUST_0284,ITEM_003,Milk,2,6.4
T002282,2025-09-22,03:22:37,CUST_0284,ITEM_004,Rice,2,8.0
T002283,2025-09-24,03:30:37,CUST_0362,ITEM_001,Chicken,3,25.5
T002283,2025-09-24,03:30:37,CUST_0362,ITEM_002,Rice,1,4.0
T002284,2025-10-12,02:04:37,CUST_0264,ITEM_001,Bananas,1,2.8
T002284,2025-10-12,02:04:37,CUST_0264,ITEM_002,Milk,3,9.6
T002284,2025-10-12,02:04:37,CUST_0264,ITEM_003,Bread,1,2.5
T002284,2025-10-12,02:04:37,CUST_0264,ITEM_004,Cheese,2,11.6
T002285,2025-09-18,08:28:37,CUST_0223,ITEM_001,Apples,3,12.6
T002285,2025-09-18,08:28:37,CUST_0223,ITEM_002,Tomatoes,1,3.8
T002285,2025-09-18,08:28:37,CUST_0223,ITEM_003,Rice,2,8.0
T002285,2025-09-18,08:28:37,CUST_0223,ITEM_004,Chicken,1,8.5
T002285,2025-09-18,08:28:37,CUST_0223,ITEM_005,Onions,1,2.2
T002285,2025-09-18,08:28:37,CUST_0223,ITEM_006,Potatoes,2,4.0
T002286,2025-11-01,04:06:37,CUST_0240,ITEM_001,Rice,3,12.0
T002286,2025-11-01,04:06:37,CUST_0240,ITEM_002,Chicken,3,25.5
T002286,2025-11-01,04:06:37,CUST_0240,ITEM_003,Tomatoes,2,7.6
T002286,2025-11-01,04:06:37,CUST_0240,ITEM_004,Onions,2,4.4
T002286,2025-11-01,04:06:37,CUST_0240,ITEM_005,Eggs,1,3.0
T002287,2025-10-03,07:43:37,CUST_0274,ITEM_001,Rice,2,8.0
T002287,2025-10-03,07:43:37,CUST_0274,ITEM_002,Milk,3,9.6
T002287,2025-10-03,07:43:37,CUST_0274,ITEM_003,Bread,3,7.5
T002287,2025-10-03,07:43:37,CUST_0274,ITEM_004,Chicken,2,17.0
T002288,2025-09-30,10:39:37,CUST_0224,ITEM_001,Potatoes,1,2.0
T002288,2025-09-30,10:39:37,CUST_0224,ITEM_002,Onions,3,6.6
T002288,2025-09-30,10:39:37,CUST_0224,ITEM_003,Tomatoes,2,7.6
T002289,2025-10-01,00:53:37,CUST_0123,ITEM_001,Tomatoes,1,3.8
T002289,2025-10-01,00:53:37,CUST_0123,ITEM_002,Onions,2,4.4
T002289,2025-10-01,00:53:37,CUST_0123,ITEM_003,Chicken,2,17.0
T002289,2025-10-01,00:53:37,CUST_0123,ITEM_004,Potatoes,3,6.0
T002289,2025-10-01,00:53:37,CUST_0123,ITEM_005,Rice,2,8.0
T002290,2025-10-27,03:16:37,CUST_0002,ITEM_001,Tomatoes,1,3.8
T002291,2025-11-01,08:56:37,CUST_0459,ITEM_001,Oranges,1,3.5
T002291,2025-11-01,08:56:37,CUST_0459,ITEM_002,Bread,3,7.5
T002292,2025-10-03,04:52:37,CUST_0430,ITEM_001,Bread,2,5.0
T002292,2025-10-03,04:52:37,CUST_0430,ITEM_002,Beef,2,24.0
T002292,2025-10-03,04:52:37,CUST_0430,ITEM_003,Milk,3,9.6
T002292,2025-10-03,04:52:37,CUST_0430,ITEM_004,Rice,3,12.0
T002292,2025-10-03,04:52:37,CUST_0430,ITEM_005,Potatoes,2,4.0
T002293,2025-10-16,11:21:37,CUST_0367,ITEM_001,Pasta,3,10.5
T002293,2025-10-16,11:21:37,CUST_0367,ITEM_002,Tomatoes,1,3.8
T002293,2025-10-16,11:21:37,CUST_0367,ITEM_003,Chicken,3,25.5
T002293,2025-10-16,11:21:37,CUST_0367,ITEM_004,Apples,3,12.6
T002293,2025-10-16,11:21:37,CUST_0367,ITEM_005,Rice,3,12.0
T002294,2025-10-20,07:58:37,CUST_0360,ITEM_001,Onions,1,2.2
T002294,2025-10-20,07:58:37,CUST_0360,ITEM_002,Butter,3,13.5
T002294,2025-10-20,07:58:37,CUST_0360,ITEM_003,Bananas,1,2.8
T002294,2025-10-20,07:58:37,CUST_0360,ITEM_004,Cheese,3,17.4
T002295,2025-10-03,03:43:37,CUST_0246,ITEM_001,Cheese,3,17.4
T002295,2025-10-03,03:43:37,CUST_0246,ITEM_002,Onions,3,6.6
T002295,2025-10-03,03:43:37,CUST_0246,ITEM_003,Potatoes,2,4.0
T002296,2025-11-12,08:11:37,CUST_0284,ITEM_001,Chicken,3,25.5
T002297,2025-10-01,01:04:37,CUST_0028,ITEM_001,Beef,1,12.0
T002297,2025-10-01,01:04:37,CUST_0028,ITEM_002,Potatoes,3,6.0
T002297,2025-10-01,01:04:37,CUST_0028,ITEM_003,Onions,3,6.6
T002297,2025-10-01,01:04:37,CUST_0028,ITEM_004,Chicken,1,8.5
T002297,2025-10-01,01:04:37,CUST_0028,ITEM_005,Rice,2,8.0
T002297,2025-10-01,01:04:37,CUST_0028,ITEM_006,Pasta,2,7.0
T002298,2025-10-13,03:01:37,CUST_0032,ITEM_001,Beef,2,24.0
T002298,2025-10-13,03:01:37,CUST_0032,ITEM_002,Potatoes,3,6.0
T002298,2025-10-13,03:01:37,CUST_0032,ITEM_003,Cheese,3,17.4
T002298,2025-10-13,03:01:37,CUST_0032,ITEM_004,Milk,3,9.6
T002299,2025-09-23,11:06:37,CUST_0258,ITEM_001,Apples,2,8.4
T002300,2025-10-17,05:47:37,CUST_0472,ITEM_001,Tomatoes,1,3.8
T002300,2025-10-17,05:47:37,CUST_0472,ITEM_002,Onions,3,6.6
T002300,2025-10-17,05:47:37,CUST_0472,ITEM_003,Chicken,1,8.5
T002301,2025-10-06,05:25:37,CUST_0253,ITEM_001,Oranges,3,10.5
T002301,2025-10-06,05:25:37,CUST_0253,ITEM_002,Bread,3,7.5
T002301,2025-10-06,05:25:37,CUST_0253,ITEM_003,Chicken,1,8.5
T002302,2025-09-15,22:47:37,CUST_0078,ITEM_001,Apples,2,8.4
T002303,2025-11-09,05:17:37,CUST_0103,ITEM_001,Pasta,2,7.0
T002303,2025-11-09,05:17:37,CUST_0103,ITEM_002,Tomatoes,2,7.6
T002303,2025-11-09,05:17:37,CUST_0103,ITEM_003,Potatoes,2,4.0
T002303,2025-11-09,05:17:37,CUST_0103,ITEM_004,Eggs,1,3.0
T002303,2025-11-09,05:17:37,CUST_0103,ITEM_005,Beef,3,36.0
T002303,2025-11-09,05:17:37,CUST_0103,ITEM_006,Bread,2,5.0
T002303,2025-11-09,05:17:37,CUST_0103,ITEM_007,Bananas,2,5.6
T002303,2025-11-09,05:17:37,CUST_0103,ITEM_008,Onions,2,4.4
T002304,2025-10-22,03:11:37,CUST_0265,ITEM_001,Bananas,2,5.6
T002304,2025-10-22,03:11:37,CUST_0265,ITEM_002,Apples,2,8.4
T002304,2025-10-22,03:11:37,CUST_0265,ITEM_003,Milk,3,9.6
T002305,2025-10-11,04:05:37,CUST_0182,ITEM_001,Eggs,2,6.0
T002305,2025-10-11,04:05:37,CUST_0182,ITEM_002,Beef,3,36.0
T002305,2025-10-11,04:05:37,CUST_0182,ITEM_003,Bread,3,7.5
T002305,2025-10-11,04:05:37,CUST_0182,ITEM_004,Oranges,3,10.5
T002305,2025-10-11,04:05:37,CUST_0182,ITEM_005,Pasta,2,7.0
T002305,2025-10-11,04:05:37,CUST_0182,ITEM_006,Milk,2,6.4
T002306,2025-11-03,02:48:37,CUST_0176,ITEM_001,Chicken,2,17.0
T002306,2025-11-03,02:48:37,CUST_0176,ITEM_002,Tomatoes,3,11.4
T002306,2025-11-03,02:48:37,CUST_0176,ITEM_003,Rice,1,4.0
T002307,2025-10-15,03:22:37,CUST_0010,ITEM_001,Bananas,2,5.6
T002307,2025-10-15,03:22:37,CUST_0010,ITEM_002,Pasta,3,10.5
T002307,2025-10-15,03:22:37,CUST_0010,ITEM_003,Tomatoes,1,3.8
T002307,2025-10-15,03:22:37,CUST_0010,ITEM_004,Milk,3,9.6
T002308,2025-11-03,06:02:37,CUST_0236,ITEM_001,Pasta,1,3.5
T002308,2025-11-03,06:02:37,CUST_0236,ITEM_002,Tomatoes,3,11.4
T002308,2025-11-03,06:02:37,CUST_0236,ITEM_003,Chicken,1,8.5
T002308,2025-11-03,06:02:37,CUST_0236,ITEM_004,Eggs,3,9.0
T002309,2025-10-17,03:21:37,CUST_0419,ITEM_001,Chicken,2,17.0
T002309,2025-10-17,03:21:37,CUST_0419,ITEM_002,Pasta,3,10.5
T002309,2025-10-17,03:21:37,CUST_0419,ITEM_003,Tomatoes,2,7.6
T002309,2025-10-17,03:21:37,CUST_0419,ITEM_004,Rice,3,12.0
T002309,2025-10-17,03:21:37,CUST_0419,ITEM_005,Onions,2,4.4
T002309,2025-10-17,03:21:37,CUST_0419,ITEM_006,Potatoes,2,4.0
T002309,2025-10-17,03:21:37,CUST_0419,ITEM_007,Beef,1,12.0
T002310,2025-10-17,10:57:37,CUST_0021,ITEM_001,Pasta,3,10.5
T002310,2025-10-17,10:57:37,CUST_0021,ITEM_002,Tomatoes,1,3.8
T002310,2025-10-17,10:57:37,CUST_0021,ITEM_003,Butter,3,13.5
T002311,2025-10-14,09:43:37,CUST_0104,ITEM_001,Chicken,1,8.5
T002312,2025-09-29,10:59:37,CUST_0138,ITEM_001,Onions,2,4.4
T002313,2025-10-31,09:40:37,CUST_0334,ITEM_001,Tomatoes,1,3.8
T002313,2025-10-31,09:40:37,CUST_0334,ITEM_002,Chicken,3,25.5
T002313,2025-10-31,09:40:37,CUST_0334,ITEM_003,Rice,2,8.0
T002314,2025-10-06,03:12:37,CUST_0111,ITEM_001,Bread,3,7.5
T002315,2025-10-02,01:08:37,CUST_0268,ITEM_001,Beef,3,36.0
T002315,2025-10-02,01:08:37,CUST_0268,ITEM_002,Potatoes,2,4.0
T002316,2025-10-23,04:50:37,CUST_0120,ITEM_001,Chicken,3,25.5
T002316,2025-10-23,04:50:37,CUST_0120,ITEM_002,Tomatoes,3,11.4
T002316,2025-10-23,04:50:37,CUST_0120,ITEM_003,Rice,2,8.0
T002316,2025-10-23,04:50:37,CUST_0120,ITEM_004,Onions,3,6.6
T002316,2025-10-23,04:50:37,CUST_0120,ITEM_005,Potatoes,2,4.0
T002316,2025-10-23,04:50:37,CUST_0120,ITEM_006,Butter,3,13.5
T002317,2025-10-03,02:37:37,CUST_0222,ITEM_001,Bananas,3,8.4
T002317,2025-10-03,02:37:37,CUST_0222,ITEM_002,Milk,3,9.6
T002317,2025-10-03,02:37:37,CUST_0222,ITEM_003,Cheese,2,11.6
T002317,2025-10-03,02:37:37,CUST_0222,ITEM_004,Eggs,1,3.0
T002317,2025-10-03,02:37:37,CUST_0222,ITEM_005,Potatoes,3,6.0
T002317,2025-10-03,02:37:37,CUST_0222,ITEM_006,Apples,1,4.2
T002318,2025-10-10,10:36:37,CUST_0461,ITEM_001,Bread,2,5.0
T002318,2025-10-10,10:36:37,CUST_0461,ITEM_002,Tomatoes,1,3.8
T002319,2025-09-21,10:33:37,CUST_0268,ITEM_001,Onions,2,4.4
T002319,2025-09-21,10:33:37,CUST_0268,ITEM_002,Tomatoes,1,3.8
T002319,2025-09-21,10:33:37,CUST_0268,ITEM_003,Potatoes,2,4.0
T002319,2025-09-21,10:33:37,CUST_0268,ITEM_004,Pasta,1,3.5
T002320,2025-09-26,06:30:37,CUST_0319,ITEM_001,Milk,3,9.6
T002320,2025-09-26,06:30:37,CUST_0319,ITEM_002,Beef,1,12.0
T002320,2025-09-26,06:30:37,CUST_0319,ITEM_003,Eggs,3,9.0
T002320,2025-09-26,06:30:37,CUST_0319,ITEM_004,Cheese,2,11.6
T002320,2025-09-26,06:30:37,CUST_0319,ITEM_005,Bananas,3,8.4
T002320,2025-09-26,06:30:37,CUST_0319,ITEM_006,Bread,3,7.5
T002321,2025-09-30,09:29:37,CUST_0162,ITEM_001,Milk,3,9.6
T002321,2025-09-30,09:29:37,CUST_0162,ITEM_002,Butter,3,13.5
T002321,2025-09-30,09:29:37,CUST_0162,ITEM_003,Bread,3,7.5
T002322,2025-10-09,06:11:37,CUST_0053,ITEM_001,Apples,1,4.2
T002322,2025-10-09,06:11:37,CUST_0053,ITEM_002,Bananas,3,8.4
T002322,2025-10-09,06:11:37,CUST_0053,ITEM_003,Milk,2,6.4
T002322,2025-10-09,06:11:37,CUST_0053,ITEM_004,Eggs,2,6.0
T002322,2025-10-09,06:11:37,CUST_0053,ITEM_005,Onions,1,2.2
T002323,2025-10-12,00:37:37,CUST_0353,ITEM_001,Onions,1,2.2
T002323,2025-10-12,00:37:37,CUST_0353,ITEM_002,Potatoes,1,2.0
T002323,2025-10-12,00:37:37,CUST_0353,ITEM_003,Oranges,3,10.5
T002323,2025-10-12,00:37:37,CUST_0353,ITEM_004,Tomatoes,2,7.6
T002324,2025-09-27,07:18:37,CUST_0033,ITEM_001,Butter,2,9.0
T002324,2025-09-27,07:18:37,CUST_0033,ITEM_002,Cheese,2,11.6
T002324,2025-09-27,07:18:37,CUST_0033,ITEM_003,Bread,3,7.5
T002324,2025-09-27,07:18:37,CUST_0033,ITEM_004,Eggs,3,9.0
T002324,2025-09-27,07:18:37,CUST_0033,ITEM_005,Milk,2,6.4
T002324,2025-09-27,07:18:37,CUST_0033,ITEM_006,Bananas,2,5.6
T002324,2025-09-27,07:18:37,CUST_0033,ITEM_007,Apples,3,12.6
T002324,2025-09-27,07:18:37,CUST_0033,ITEM_008,Chicken,2,17.0
T002325,2025-10-06,03:00:37,CUST_0236,ITEM_001,Tomatoes,2,7.6
T002325,2025-10-06,03:00:37,CUST_0236,ITEM_002,Beef,2,24.0
T002325,2025-10-06,03:00:37,CUST_0236,ITEM_003,Onions,1,2.2
T002326,2025-10-17,10:42:37,CUST_0174,ITEM_001,Milk,3,9.6
T002327,2025-11-02,01:35:37,CUST_0041,ITEM_001,Beef,3,36.0
T002327,2025-11-02,01:35:37,CUST_0041,ITEM_002,Potatoes,2,4.0
T002327,2025-11-02,01:35:37,CUST_0041,ITEM_003,Onions,3,6.6
T002328,2025-10-10,23:04:37,CUST_0095,ITEM_001,Rice,3,12.0
T002328,2025-10-10,23:04:37,CUST_0095,ITEM_002,Pasta,2,7.0
T002328,2025-10-10,23:04:37,CUST_0095,ITEM_003,Milk,1,3.2
T002328,2025-10-10,23:04:37,CUST_0095,ITEM_004,Apples,1,4.2
T002329,2025-09-26,02:00:37,CUST_0145,ITEM_001,Beef,1,12.0
T002330,2025-09-30,00:39:37,CUST_0269,ITEM_001,Pasta,3,10.5
T002330,2025-09-30,00:39:37,CUST_0269,ITEM_002,Tomatoes,2,7.6
T002330,2025-09-30,00:39:37,CUST_0269,ITEM_003,Bread,1,2.5
T002330,2025-09-30,00:39:37,CUST_0269,ITEM_004,Onions,2,4.4
T002330,2025-09-30,00:39:37,CUST_0269,ITEM_005,Milk,2,6.4
T002331,2025-09-27,04:12:37,CUST_0365,ITEM_001,Beef,3,36.0
T002332,2025-10-04,00:33:37,CUST_0306,ITEM_001,Oranges,3,10.5
T002332,2025-10-04,00:33:37,CUST_0306,ITEM_002,Rice,3,12.0
T002332,2025-10-04,00:33:37,CUST_0306,ITEM_003,Chicken,1,8.5
T002332,2025-10-04,00:33:37,CUST_0306,ITEM_004,Potatoes,3,6.0
T002332,2025-10-04,00:33:37,CUST_0306,ITEM_005,Cheese,2,11.6
T002332,2025-10-04,00:33:37,CUST_0306,ITEM_006,Onions,2,4.4
T002332,2025-10-04,00:33:37,CUST_0306,ITEM_007,Butter,3,13.5
T002333,2025-11-12,08:19:37,CUST_0332,ITEM_001,Chicken,3,25.5
T002333,2025-11-12,08:19:37,CUST_0332,ITEM_002,Tomatoes,3,11.4
T002333,2025-11-12,08:19:37,CUST_0332,ITEM_003,Pasta,2,7.0
T002333,2025-11-12,08:19:37,CUST_0332,ITEM_004,Onions,1,2.2
T002334,2025-11-08,02:20:37,CUST_0094,ITEM_001,Butter,1,4.5
T002335,2025-11-09,03:21:37,CUST_0497,ITEM_001,Potatoes,3,6.0
T002335,2025-11-09,03:21:37,CUST_0497,ITEM_002,Beef,1,12.0
T002336,2025-09-19,10:49:37,CUST_0428,ITEM_001,Onions,3,6.6
T002336,2025-09-19,10:49:37,CUST_0428,ITEM_002,Pasta,1,3.5
T002337,2025-09-22,08:37:37,CUST_0411,ITEM_001,Tomatoes,2,7.6
T002338,2025-09-25,08:14:37,CUST_0467,ITEM_001,Tomatoes,1,3.8
T002338,2025-09-25,08:14:37,CUST_0467,ITEM_002,Beef,2,24.0
T002338,2025-09-25,08:14:37,CUST_0467,ITEM_003,Chicken,2,17.0
T002338,2025-09-25,08:14:37,CUST_0467,ITEM_004,Rice,1,4.0
T002338,2025-09-25,08:14:37,CUST_0467,ITEM_005,Cheese,2,11.6
T002338,2025-09-25,08:14:37,CUST_0467,ITEM_006,Pasta,1,3.5
T002339,2025-11-04,06:59:37,CUST_0143,ITEM_001,Butter,1,4.5
T002339,2025-11-04,06:59:37,CUST_0143,ITEM_002,Bread,1,2.5
T002339,2025-11-04,06:59:37,CUST_0143,ITEM_003,Eggs,1,3.0
T002340,2025-11-01,02:50:37,CUST_0306,ITEM_001,Butter,1,4.5
T002340,2025-11-01,02:50:37,CUST_0306,ITEM_002,Potatoes,3,6.0
T002340,2025-11-01,02:50:37,CUST_0306,ITEM_003,Cheese,2,11.6
T002341,2025-10-12,08:55:37,CUST_0219,ITEM_001,Onions,1,2.2
T002342,2025-10-04,23:31:37,CUST_0140,ITEM_001,Pasta,1,3.5
T002342,2025-10-04,23:31:37,CUST_0140,ITEM_002,Tomatoes,3,11.4
T002342,2025-10-04,23:31:37,CUST_0140,ITEM_003,Chicken,2,17.0
T002342,2025-10-04,23:31:37,CUST_0140,ITEM_004,Bananas,2,5.6
T002342,2025-10-04,23:31:37,CUST_0140,ITEM_005,Oranges,1,3.5
T002343,2025-11-09,11:04:37,CUST_0344,ITEM_001,Tomatoes,3,11.4
T002343,2025-11-09,11:04:37,CUST_0344,ITEM_002,Beef,1,12.0
T002343,2025-11-09,11:04:37,CUST_0344,ITEM_003,Cheese,2,11.6
T002343,2025-11-09,11:04:37,CUST_0344,ITEM_004,Pasta,2,7.0
T002343,2025-11-09,11:04:37,CUST_0344,ITEM_005,Bread,1,2.5
T002344,2025-11-13,05:35:37,CUST_0371,ITEM_001,Potatoes,3,6.0
T002344,2025-11-13,05:35:37,CUST_0371,ITEM_002,Beef,3,36.0
T002344,2025-11-13,05:35:37,CUST_0371,ITEM_003,Eggs,2,6.0
T002344,2025-11-13,05:35:37,CUST_0371,ITEM_004,Oranges,2,7.0
T002345,2025-11-05,02:03:37,CUST_0233,ITEM_001,Oranges,1,3.5
T002345,2025-11-05,02:03:37,CUST_0233,ITEM_002,Milk,2,6.4
T002346,2025-10-18,07:56:37,CUST_0343,ITEM_001,Oranges,2,7.0
T002346,2025-10-18,07:56:37,CUST_0343,ITEM_002,Potatoes,1,2.0
T002346,2025-10-18,07:56:37,CUST_0343,ITEM_003,Onions,3,6.6
T002347,2025-11-03,02:02:37,CUST_0334,ITEM_001,Onions,2,4.4
T002347,2025-11-03,02:02:37,CUST_0334,ITEM_002,Chicken,1,8.5
T002347,2025-11-03,02:02:37,CUST_0334,ITEM_003,Bread,3,7.5
T002347,2025-11-03,02:02:37,CUST_0334,ITEM_004,Oranges,3,10.5
T002347,2025-11-03,02:02:37,CUST_0334,ITEM_005,Rice,3,12.0
T002347,2025-11-03,02:02:37,CUST_0334,ITEM_006,Butter,1,4.5
T002348,2025-11-14,02:11:37,CUST_0250,ITEM_001,Tomatoes,3,11.4
T002348,2025-11-14,02:11:37,CUST_0250,ITEM_002,Onions,3,6.6
T002348,2025-11-14,02:11:37,CUST_0250,ITEM_003,Potatoes,3,6.0
T002349,2025-10-06,03:37:37,CUST_0403,ITEM_001,Apples,1,4.2
T002349,2025-10-06,03:37:37,CUST_0403,ITEM_002,Bananas,3,8.4
T002349,2025-10-06,03:37:37,CUST_0403,ITEM_003,Milk,3,9.6
T002349,2025-10-06,03:37:37,CUST_0403,ITEM_004,Eggs,1,3.0
T002349,2025-10-06,03:37:37,CUST_0403,ITEM_005,Onions,1,2.2
T002349,2025-10-06,03:37:37,CUST_0403,ITEM_006,Cheese,1,5.8
T002350,2025-10-22,23:30:37,CUST_0215,ITEM_001,Beef,2,24.0
T002350,2025-10-22,23:30:37,CUST_0215,ITEM_002,Potatoes,3,6.0
T002350,2025-10-22,23:30:37,CUST_0215,ITEM_003,Bananas,1,2.8
T002350,2025-10-22,23:30:37,CUST_0215,ITEM_004,Milk,1,3.2
T002351,2025-11-04,03:35:37,CUST_0455,ITEM_001,Bread,1,2.5
T002351,2025-11-04,03:35:37,CUST_0455,ITEM_002,Milk,1,3.2
T002351,2025-11-04,03:35:37,CUST_0455,ITEM_003,Eggs,3,9.0
T002352,2025-10-30,00:32:37,CUST_0074,ITEM_001,Pasta,1,3.5
T002352,2025-10-30,00:32:37,CUST_0074,ITEM_002,Cheese,2,11.6
T002352,2025-10-30,00:32:37,CUST_0074,ITEM_003,Tomatoes,3,11.4
T002352,2025-10-30,00:32:37,CUST_0074,ITEM_004,Onions,2,4.4
T002353,2025-09-26,05:44:37,CUST_0246,ITEM_001,Cheese,2,11.6
T002353,2025-09-26,05:44:37,CUST_0246,ITEM_002,Rice,2,8.0
T002354,2025-10-20,08:39:37,CUST_0250,ITEM_001,Chicken,1,8.5
T002354,2025-10-20,08:39:37,CUST_0250,ITEM_002,Rice,2,8.0
T002354,2025-10-20,08:39:37,CUST_0250,ITEM_003,Onions,3,6.6
T002354,2025-10-20,08:39:37,CUST_0250,ITEM_004,Potatoes,3,6.0
T002355,2025-09-24,06:25:37,CUST_0344,ITEM_001,Tomatoes,3,11.4
T002355,2025-09-24,06:25:37,CUST_0344,ITEM_002,Pasta,1,3.5
T002355,2025-09-24,06:25:37,CUST_0344,ITEM_003,Oranges,1,3.5
T002355,2025-09-24,06:25:37,CUST_0344,ITEM_004,Onions,3,6.6
T002355,2025-09-24,06:25:37,CUST_0344,ITEM_005,Chicken,1,8.5
T002355,2025-09-24,06:25:37,CUST_0344,ITEM_006,Beef,3,36.0
T002356,2025-10-06,08:39:37,CUST_0382,ITEM_001,Bananas,3,8.4
T002356,2025-10-06,08:39:37,CUST_0382,ITEM_002,Milk,2,6.4
T002357,2025-10-19,02:22:37,CUST_0022,ITEM_001,Chicken,2,17.0
T002357,2025-10-19,02:22:37,CUST_0022,ITEM_002,Tomatoes,1,3.8
T002357,2025-10-19,02:22:37,CUST_0022,ITEM_003,Bananas,3,8.4
T002357,2025-10-19,02:22:37,CUST_0022,ITEM_004,Milk,3,9.6
T002357,2025-10-19,02:22:37,CUST_0022,ITEM_005,Rice,2,8.0
T002357,2025-10-19,02:22:37,CUST_0022,ITEM_006,Eggs,3,9.0
T002358,2025-10-16,23:14:37,CUST_0006,ITEM_001,Pasta,2,7.0
T002358,2025-10-16,23:14:37,CUST_0006,ITEM_002,Cheese,3,17.4
T002358,2025-10-16,23:14:37,CUST_0006,ITEM_003,Milk,2,6.4
T002358,2025-10-16,23:14:37,CUST_0006,ITEM_004,Apples,3,12.6
T002358,2025-10-16,23:14:37,CUST_0006,ITEM_005,Bananas,3,8.4
T002359,2025-10-13,00:43:37,CUST_0453,ITEM_001,Eggs,1,3.0
T002359,2025-10-13,00:43:37,CUST_0453,ITEM_002,Bread,3,7.5
T002359,2025-10-13,00:43:37,CUST_0453,ITEM_003,Rice,2,8.0
T002360,2025-10-21,05:22:37,CUST_0083,ITEM_001,Tomatoes,2,7.6
T002360,2025-10-21,05:22:37,CUST_0083,ITEM_002,Onions,2,4.4
T002360,2025-10-21,05:22:37,CUST_0083,ITEM_003,Pasta,1,3.5
T002360,2025-10-21,05:22:37,CUST_0083,ITEM_004,Chicken,2,17.0
T002360,2025-10-21,05:22:37,CUST_0083,ITEM_005,Rice,3,12.0
T002361,2025-09-27,04:19:37,CUST_0255,ITEM_001,Eggs,2,6.0
T002361,2025-09-27,04:19:37,CUST_0255,ITEM_002,Bread,3,7.5
T002361,2025-09-27,04:19:37,CUST_0255,ITEM_003,Milk,2,6.4
T002362,2025-10-30,08:41:37,CUST_0034,ITEM_001,Rice,1,4.0
T002362,2025-10-30,08:41:37,CUST_0034,ITEM_002,Chicken,3,25.5
T002362,2025-10-30,08:41:37,CUST_0034,ITEM_003,Tomatoes,2,7.6
T002362,2025-10-30,08:41:37,CUST_0034,ITEM_004,Pasta,2,7.0
T002363,2025-10-12,02:04:37,CUST_0469,ITEM_001,Apples,1,4.2
T002363,2025-10-12,02:04:37,CUST_0469,ITEM_002,Bananas,2,5.6
T002363,2025-10-12,02:04:37,CUST_0469,ITEM_003,Milk,1,3.2
T002364,2025-09-21,05:09:37,CUST_0224,ITEM_001,Eggs,1,3.0
T002364,2025-09-21,05:09:37,CUST_0224,ITEM_002,Milk,2,6.4
T002365,2025-10-12,07:18:37,CUST_0212,ITEM_001,Milk,1,3.2
T002365,2025-10-12,07:18:37,CUST_0212,ITEM_002,Rice,2,8.0
T002365,2025-10-12,07:18:37,CUST_0212,ITEM_003,Bread,2,5.0
T002366,2025-10-06,08:54:37,CUST_0292,ITEM_001,Onions,3,6.6
T002366,2025-10-06,08:54:37,CUST_0292,ITEM_002,Tomatoes,2,7.6
T002366,2025-10-06,08:54:37,CUST_0292,ITEM_003,Chicken,2,17.0
T002366,2025-10-06,08:54:37,CUST_0292,ITEM_004,Potatoes,2,4.0
T002367,2025-10-16,11:25:37,CUST_0332,ITEM_001,Onions,3,6.6
T002368,2025-10-06,03:29:37,CUST_0050,ITEM_001,Oranges,1,3.5
T002368,2025-10-06,03:29:37,CUST_0050,ITEM_002,Cheese,1,5.8
T002368,2025-10-06,03:29:37,CUST_0050,ITEM_003,Apples,1,4.2
T002368,2025-10-06,03:29:37,CUST_0050,ITEM_004,Bananas,3,8.4
T002368,2025-10-06,03:29:37,CUST_0050,ITEM_005,Butter,3,13.5
T002368,2025-10-06,03:29:37,CUST_0050,ITEM_006,Bread,1,2.5
T002369,2025-10-20,07:13:37,CUST_0285,ITEM_001,Pasta,3,10.5
T002369,2025-10-20,07:13:37,CUST_0285,ITEM_002,Milk,1,3.2
T002370,2025-10-11,08:07:37,CUST_0193,ITEM_001,Bread,3,7.5
T002370,2025-10-11,08:07:37,CUST_0193,ITEM_002,Potatoes,2,4.0
T002371,2025-09-20,10:24:37,CUST_0285,ITEM_001,Bananas,2,5.6
T002371,2025-09-20,10:24:37,CUST_0285,ITEM_002,Milk,2,6.4
T002371,2025-09-20,10:24:37,CUST_0285,ITEM_003,Apples,3,12.6
T002371,2025-09-20,10:24:37,CUST_0285,ITEM_004,Cheese,1,5.8
T002372,2025-09-17,06:18:37,CUST_0115,ITEM_001,Chicken,2,17.0
T002372,2025-09-17,06:18:37,CUST_0115,ITEM_002,Apples,1,4.2
T002373,2025-10-23,03:04:37,CUST_0132,ITEM_001,Eggs,2,6.0
T002373,2025-10-23,03:04:37,CUST_0132,ITEM_002,Milk,2,6.4
T002373,2025-10-23,03:04:37,CUST_0132,ITEM_003,Cheese,3,17.4
T002374,2025-10-23,08:46:37,CUST_0091,ITEM_001,Bread,1,2.5
T002374,2025-10-23,08:46:37,CUST_0091,ITEM_002,Tomatoes,2,7.6
T002374,2025-10-23,08:46:37,CUST_0091,ITEM_003,Milk,3,9.6
T002374,2025-10-23,08:46:37,CUST_0091,ITEM_004,Pasta,2,7.0
T002374,2025-10-23,08:46:37,CUST_0091,ITEM_005,Beef,1,12.0
T002375,2025-09-25,23:36:37,CUST_0168,ITEM_001,Beef,3,36.0
T002375,2025-09-25,23:36:37,CUST_0168,ITEM_002,Potatoes,2,4.0
T002376,2025-10-21,08:12:37,CUST_0401,ITEM_001,Potatoes,2,4.0
T002376,2025-10-21,08:12:37,CUST_0401,ITEM_002,Butter,3,13.5
T002377,2025-10-20,03:55:37,CUST_0190,ITEM_001,Onions,3,6.6
T002377,2025-10-20,03:55:37,CUST_0190,ITEM_002,Tomatoes,3,11.4
T002378,2025-10-10,05:00:37,CUST_0165,ITEM_001,Cheese,3,17.4
T002378,2025-10-10,05:00:37,CUST_0165,ITEM_002,Butter,3,13.5
T002378,2025-10-10,05:00:37,CUST_0165,ITEM_003,Onions,2,4.4
T002378,2025-10-10,05:00:37,CUST_0165,ITEM_004,Pasta,3,10.5
T002378,2025-10-10,05:00:37,CUST_0165,ITEM_005,Milk,3,9.6
T002379,2025-10-27,06:49:37,CUST_0184,ITEM_001,Cheese,1,5.8
T002379,2025-10-27,06:49:37,CUST_0184,ITEM_002,Milk,1,3.2
T002380,2025-10-19,10:26:37,CUST_0255,ITEM_001,Beef,2,24.0
T002380,2025-10-19,10:26:37,CUST_0255,ITEM_002,Chicken,2,17.0
T002381,2025-11-02,03:43:37,CUST_0315,ITEM_001,Bread,1,2.5
T002381,2025-11-02,03:43:37,CUST_0315,ITEM_002,Eggs,2,6.0
T002381,2025-11-02,03:43:37,CUST_0315,ITEM_003,Milk,1,3.2
T002382,2025-11-02,09:43:37,CUST_0029,ITEM_001,Bananas,3,8.4
T002382,2025-11-02,09:43:37,CUST_0029,ITEM_002,Milk,3,9.6
T002383,2025-10-10,01:55:37,CUST_0217,ITEM_001,Eggs,2,6.0
T002383,2025-10-10,01:55:37,CUST_0217,ITEM_002,Bread,3,7.5
T002383,2025-10-10,01:55:37,CUST_0217,ITEM_003,Milk,3,9.6
T002383,2025-10-10,01:55:37,CUST_0217,ITEM_004,Pasta,3,10.5
T002383,2025-10-10,01:55:37,CUST_0217,ITEM_005,Tomatoes,3,11.4
T002384,2025-10-01,02:45:37,CUST_0417,ITEM_001,Apples,3,12.6
T002384,2025-10-01,02:45:37,CUST_0417,ITEM_002,Potatoes,3,6.0
T002384,2025-10-01,02:45:37,CUST_0417,ITEM_003,Pasta,2,7.0
T002385,2025-10-28,10:23:37,CUST_0320,ITEM_001,Chicken,2,17.0
T002385,2025-10-28,10:23:37,CUST_0320,ITEM_002,Rice,3,12.0
T002385,2025-10-28,10:23:37,CUST_0320,ITEM_003,Bananas,3,8.4
T002385,2025-10-28,10:23:37,CUST_0320,ITEM_004,Milk,2,6.4
T002385,2025-10-28,10:23:37,CUST_0320,ITEM_005,Bread,1,2.5
T002385,2025-10-28,10:23:37,CUST_0320,ITEM_006,Cheese,1,5.8
T002386,2025-10-26,00:34:37,CUST_0307,ITEM_001,Oranges,2,7.0
T002386,2025-10-26,00:34:37,CUST_0307,ITEM_002,Eggs,1,3.0
T002386,2025-10-26,00:34:37,CUST_0307,ITEM_003,Bread,3,7.5
T002386,2025-10-26,00:34:37,CUST_0307,ITEM_004,Butter,1,4.5
T002386,2025-10-26,00:34:37,CUST_0307,ITEM_005,Cheese,1,5.8
T002387,2025-10-20,09:03:37,CUST_0081,ITEM_001,Bananas,2,5.6
T002387,2025-10-20,09:03:37,CUST_0081,ITEM_002,Milk,1,3.2
T002387,2025-10-20,09:03:37,CUST_0081,ITEM_003,Bread,3,7.5
T002388,2025-11-06,08:13:37,CUST_0181,ITEM_001,Onions,3,6.6
T002388,2025-11-06,08:13:37,CUST_0181,ITEM_002,Tomatoes,1,3.8
T002388,2025-11-06,08:13:37,CUST_0181,ITEM_003,Butter,1,4.5
T002388,2025-11-06,08:13:37,CUST_0181,ITEM_004,Cheese,1,5.8
T002388,2025-11-06,08:13:37,CUST_0181,ITEM_005,Milk,2,6.4
T002388,2025-11-06,08:13:37,CUST_0181,ITEM_006,Potatoes,1,2.0
T002388,2025-11-06,08:13:37,CUST_0181,ITEM_007,Bread,3,7.5
T002388,2025-11-06,08:13:37,CUST_0181,ITEM_008,Eggs,3,9.0
T002389,2025-10-25,01:20:37,CUST_0360,ITEM_001,Bread,2,5.0
T002389,2025-10-25,01:20:37,CUST_0360,ITEM_002,Eggs,2,6.0
T002389,2025-10-25,01:20:37,CUST_0360,ITEM_003,Milk,1,3.2
T002389,2025-10-25,01:20:37,CUST_0360,ITEM_004,Oranges,2,7.0
T002389,2025-10-25,01:20:37,CUST_0360,ITEM_005,Bananas,1,2.8
T002389,2025-10-25,01:20:37,CUST_0360,ITEM_006,Cheese,3,17.4
T002390,2025-11-07,08:11:37,CUST_0085,ITEM_001,Tomatoes,2,7.6
T002390,2025-11-07,08:11:37,CUST_0085,ITEM_002,Rice,2,8.0
T002390,2025-11-07,08:11:37,CUST_0085,ITEM_003,Chicken,3,25.5
T002390,2025-11-07,08:11:37,CUST_0085,ITEM_004,Pasta,2,7.0
T002390,2025-11-07,08:11:37,CUST_0085,ITEM_005,Apples,3,12.6
T002390,2025-11-07,08:11:37,CUST_0085,ITEM_006,Onions,2,4.4
T002391,2025-10-09,03:36:37,CUST_0109,ITEM_001,Bread,3,7.5
T002391,2025-10-09,03:36:37,CUST_0109,ITEM_002,Butter,2,9.0
T002391,2025-10-09,03:36:37,CUST_0109,ITEM_003,Cheese,2,11.6
T002391,2025-10-09,03:36:37,CUST_0109,ITEM_004,Milk,1,3.2
T002391,2025-10-09,03:36:37,CUST_0109,ITEM_005,Bananas,2,5.6
T002391,2025-10-09,03:36:37,CUST_0109,ITEM_006,Eggs,1,3.0
T002391,2025-10-09,03:36:37,CUST_0109,ITEM_007,Apples,2,8.4
T002392,2025-09-18,07:57:37,CUST_0139,ITEM_001,Cheese,1,5.8
T002392,2025-09-18,07:57:37,CUST_0139,ITEM_002,Milk,3,9.6
T002392,2025-09-18,07:57:37,CUST_0139,ITEM_003,Eggs,3,9.0
T002392,2025-09-18,07:57:37,CUST_0139,ITEM_004,Oranges,3,10.5
T002393,2025-10-17,01:09:37,CUST_0478,ITEM_001,Cheese,2,11.6
T002393,2025-10-17,01:09:37,CUST_0478,ITEM_002,Bread,2,5.0
T002393,2025-10-17,01:09:37,CUST_0478,ITEM_003,Milk,1,3.2
T002393,2025-10-17,01:09:37,CUST_0478,ITEM_004,Potatoes,2,4.0
T002393,2025-10-17,01:09:37,CUST_0478,ITEM_005,Butter,3,13.5
T002393,2025-10-17,01:09:37,CUST_0478,ITEM_006,Apples,3,12.6
T002394,2025-09-20,07:49:37,CUST_0254,ITEM_001,Potatoes,1,2.0
T002394,2025-09-20,07:49:37,CUST_0254,ITEM_002,Onions,1,2.2
T002395,2025-10-01,05:34:37,CUST_0117,ITEM_001,Apples,3,12.6
T002395,2025-10-01,05:34:37,CUST_0117,ITEM_002,Bananas,2,5.6
T002395,2025-10-01,05:34:37,CUST_0117,ITEM_003,Cheese,3,17.4
T002395,2025-10-01,05:34:37,CUST_0117,ITEM_004,Butter,1,4.5
T002396,2025-10-31,01:31:37,CUST_0120,ITEM_001,Oranges,3,10.5
T002396,2025-10-31,01:31:37,CUST_0120,ITEM_002,Onions,2,4.4
T002396,2025-10-31,01:31:37,CUST_0120,ITEM_003,Tomatoes,3,11.4
T002396,2025-10-31,01:31:37,CUST_0120,ITEM_004,Pasta,2,7.0
T002396,2025-10-31,01:31:37,CUST_0120,ITEM_005,Chicken,2,17.0
T002397,2025-09-26,05:14:37,CUST_0141,ITEM_001,Chicken,3,25.5
T002397,2025-09-26,05:14:37,CUST_0141,ITEM_002,Butter,1,4.5
T002398,2025-09-25,07:11:37,CUST_0025,ITEM_001,Butter,1,4.5
T002398,2025-09-25,07:11:37,CUST_0025,ITEM_002,Cheese,2,11.6
T002398,2025-09-25,07:11:37,CUST_0025,ITEM_003,Beef,3,36.0
T002399,2025-10-09,09:18:37,CUST_0258,ITEM_001,Potatoes,1,2.0
T002400,2025-10-28,10:40:37,CUST_0139,ITEM_001,Onions,3,6.6
T002400,2025-10-28,10:40:37,CUST_0139,ITEM_002,Potatoes,1,2.0
T002400,2025-10-28,10:40:37,CUST_0139,ITEM_003,Cheese,2,11.6
T002400,2025-10-28,10:40:37,CUST_0139,ITEM_004,Butter,2,9.0
T002400,2025-10-28,10:40:37,CUST_0139,ITEM_005,Beef,2,24.0
T002401,2025-09-24,02:14:37,CUST_0103,ITEM_001,Tomatoes,1,3.8
T002401,2025-09-24,02:14:37,CUST_0103,ITEM_002,Pasta,2,7.0
T002402,2025-09-29,07:30:37,CUST_0479,ITEM_001,Potatoes,1,2.0
T002402,2025-09-29,07:30:37,CUST_0479,ITEM_002,Onions,2,4.4
T002402,2025-09-29,07:30:37,CUST_0479,ITEM_003,Tomatoes,3,11.4
T002402,2025-09-29,07:30:37,CUST_0479,ITEM_004,Chicken,1,8.5
T002402,2025-09-29,07:30:37,CUST_0479,ITEM_005,Pasta,2,7.0
T002403,2025-09-23,02:34:37,CUST_0055,ITEM_001,Potatoes,1,2.0
T002403,2025-09-23,02:34:37,CUST_0055,ITEM_002,Beef,3,36.0
T002403,2025-09-23,02:34:37,CUST_0055,ITEM_003,Onions,3,6.6
T002403,2025-09-23,02:34:37,CUST_0055,ITEM_004,Tomatoes,3,11.4
T002404,2025-09-28,04:14:37,CUST_0483,ITEM_001,Milk,2,6.4
T002404,2025-09-28,04:14:37,CUST_0483,ITEM_002,Eggs,3,9.0
T002404,2025-09-28,04:14:37,CUST_0483,ITEM_003,Bread,3,7.5
T002404,2025-09-28,04:14:37,CUST_0483,ITEM_004,Cheese,3,17.4
T002404,2025-09-28,04:14:37,CUST_0483,ITEM_005,Bananas,1,2.8
T002405,2025-11-04,05:23:37,CUST_0066,ITEM_001,Milk,3,9.6
T002406,2025-09-20,10:18:37,CUST_0286,ITEM_001,Bananas,1,2.8
T002406,2025-09-20,10:18:37,CUST_0286,ITEM_002,Apples,2,8.4
T002407,2025-10-22,10:31:37,CUST_0407,ITEM_001,Bread,3,7.5
T002407,2025-10-22,10:31:37,CUST_0407,ITEM_002,Pasta,1,3.5
T002407,2025-10-22,10:31:37,CUST_0407,ITEM_003,Onions,2,4.4
T002407,2025-10-22,10:31:37,CUST_0407,ITEM_004,Butter,1,4.5
T002407,2025-10-22,10:31:37,CUST_0407,ITEM_005,Eggs,3,9.0
T002408,2025-09-20,10:29:37,CUST_0470,ITEM_001,Beef,3,36.0
T002408,2025-09-20,10:29:37,CUST_0470,ITEM_002,Pasta,3,10.5
T002409,2025-10-09,05:59:37,CUST_0253,ITEM_001,Eggs,2,6.0
T002409,2025-10-09,05:59:37,CUST_0253,ITEM_002,Milk,1,3.2
T002410,2025-10-20,07:45:37,CUST_0189,ITEM_001,Beef,1,12.0
T002410,2025-10-20,07:45:37,CUST_0189,ITEM_002,Potatoes,1,2.0
T002411,2025-10-16,23:15:37,CUST_0200,ITEM_001,Milk,3,9.6
T002411,2025-10-16,23:15:37,CUST_0200,ITEM_002,Bananas,3,8.4
T002412,2025-10-23,08:58:37,CUST_0093,ITEM_001,Milk,1,3.2
T002412,2025-10-23,08:58:37,CUST_0093,ITEM_002,Beef,1,12.0
T002413,2025-09-18,04:59:37,CUST_0200,ITEM_001,Milk,1,3.2
T002413,2025-09-18,04:59:37,CUST_0200,ITEM_002,Bananas,3,8.4
T002413,2025-09-18,04:59:37,CUST_0200,ITEM_003,Apples,1,4.2
T002413,2025-09-18,04:59:37,CUST_0200,ITEM_004,Eggs,3,9.0
T002413,2025-09-18,04:59:37,CUST_0200,ITEM_005,Bread,1,2.5
T002413,2025-09-18,04:59:37,CUST_0200,ITEM_006,Butter,1,4.5
T002413,2025-09-18,04:59:37,CUST_0200,ITEM_007,Cheese,1,5.8
T002414,2025-10-20,23:13:37,CUST_0150,ITEM_001,Onions,2,4.4
T002414,2025-10-20,23:13:37,CUST_0150,ITEM_002,Potatoes,3,6.0
T002414,2025-10-20,23:13:37,CUST_0150,ITEM_003,Beef,3,36.0
T002414,2025-10-20,23:13:37,CUST_0150,ITEM_004,Oranges,1,3.5
T002414,2025-10-20,23:13:37,CUST_0150,ITEM_005,Bananas,3,8.4
T002414,2025-10-20,23:13:37,CUST_0150,ITEM_006,Tomatoes,1,3.8
T002415,2025-10-03,22:56:37,CUST_0305,ITEM_001,Oranges,1,3.5
T002415,2025-10-03,22:56:37,CUST_0305,ITEM_002,Rice,2,8.0
T002415,2025-10-03,22:56:37,CUST_0305,ITEM_003,Chicken,2,17.0
T002415,2025-10-03,22:56:37,CUST_0305,ITEM_004,Tomatoes,2,7.6
T002416,2025-10-29,09:01:37,CUST_0246,ITEM_001,Eggs,2,6.0
T002416,2025-10-29,09:01:37,CUST_0246,ITEM_002,Pasta,3,10.5
T002416,2025-10-29,09:01:37,CUST_0246,ITEM_003,Milk,1,3.2
T002417,2025-09-22,06:48:37,CUST_0310,ITEM_001,Butter,3,13.5
T002417,2025-09-22,06:48:37,CUST_0310,ITEM_002,Cheese,1,5.8
T002417,2025-09-22,06:48:37,CUST_0310,ITEM_003,Oranges,1,3.5
T002417,2025-09-22,06:48:37,CUST_0310,ITEM_004,Bread,3,7.5
T002418,2025-11-07,02:08:37,CUST_0319,ITEM_001,Cheese,1,5.8
T002418,2025-11-07,02:08:37,CUST_0319,ITEM_002,Butter,1,4.5
T002418,2025-11-07,02:08:37,CUST_0319,ITEM_003,Bread,1,2.5
T002418,2025-11-07,02:08:37,CUST_0319,ITEM_004,Eggs,1,3.0
T002418,2025-11-07,02:08:37,CUST_0319,ITEM_005,Pasta,2,7.0
T002418,2025-11-07,02:08:37,CUST_0319,ITEM_006,Milk,2,6.4
T002418,2025-11-07,02:08:37,CUST_0319,ITEM_007,Tomatoes,2,7.6
T002419,2025-10-07,01:59:37,CUST_0074,ITEM_001,Bread,3,7.5
T002419,2025-10-07,01:59:37,CUST_0074,ITEM_002,Eggs,2,6.0
T002420,2025-10-18,08:49:37,CUST_0392,ITEM_001,Apples,2,8.4
T002421,2025-10-28,07:21:37,CUST_0323,ITEM_001,Tomatoes,1,3.8
T002421,2025-10-28,07:21:37,CUST_0323,ITEM_002,Onions,3,6.6
T002421,2025-10-28,07:21:37,CUST_0323,ITEM_003,Eggs,3,9.0
T002422,2025-09-23,08:03:37,CUST_0446,ITEM_001,Oranges,1,3.5
T002422,2025-09-23,08:03:37,CUST_0446,ITEM_002,Potatoes,2,4.0
T002422,2025-09-23,08:03:37,CUST_0446,ITEM_003,Beef,2,24.0
T002422,2025-09-23,08:03:37,CUST_0446,ITEM_004,Onions,1,2.2
T002423,2025-11-14,09:07:37,CUST_0467,ITEM_001,Bread,2,5.0
T002423,2025-11-14,09:07:37,CUST_0467,ITEM_002,Eggs,3,9.0
T002423,2025-11-14,09:07:37,CUST_0467,ITEM_003,Onions,1,2.2
T002423,2025-11-14,09:07:37,CUST_0467,ITEM_004,Tomatoes,3,11.4
T002423,2025-11-14,09:07:37,CUST_0467,ITEM_005,Milk,3,9.6
T002423,2025-11-14,09:07:37,CUST_0467,ITEM_006,Cheese,2,11.6
T002424,2025-10-18,06:20:37,CUST_0344,ITEM_001,Beef,1,12.0
T002424,2025-10-18,06:20:37,CUST_0344,ITEM_002,Potatoes,1,2.0
T002424,2025-10-18,06:20:37,CUST_0344,ITEM_003,Oranges,3,10.5
T002424,2025-10-18,06:20:37,CUST_0344,ITEM_004,Onions,2,4.4
T002425,2025-09-22,23:37:37,CUST_0105,ITEM_001,Onions,1,2.2
T002425,2025-09-22,23:37:37,CUST_0105,ITEM_002,Apples,3,12.6
T002425,2025-09-22,23:37:37,CUST_0105,ITEM_003,Pasta,1,3.5
T002425,2025-09-22,23:37:37,CUST_0105,ITEM_004,Tomatoes,2,7.6
T002426,2025-11-11,10:18:37,CUST_0216,ITEM_001,Bananas,3,8.4
T002426,2025-11-11,10:18:37,CUST_0216,ITEM_002,Milk,2,6.4
T002426,2025-11-11,10:18:37,CUST_0216,ITEM_003,Eggs,1,3.0
T002427,2025-10-08,11:18:37,CUST_0044,ITEM_001,Cheese,1,5.8
T002427,2025-10-08,11:18:37,CUST_0044,ITEM_002,Milk,3,9.6
T002427,2025-10-08,11:18:37,CUST_0044,ITEM_003,Tomatoes,2,7.6
T002427,2025-10-08,11:18:37,CUST_0044,ITEM_004,Pasta,1,3.5
T002427,2025-10-08,11:18:37,CUST_0044,ITEM_005,Eggs,1,3.0
T002428,2025-10-24,03:07:37,CUST_0456,ITEM_001,Beef,1,12.0
T002428,2025-10-24,03:07:37,CUST_0456,ITEM_002,Potatoes,3,6.0
T002428,2025-10-24,03:07:37,CUST_0456,ITEM_003,Bananas,2,5.6
T002428,2025-10-24,03:07:37,CUST_0456,ITEM_004,Rice,3,12.0
T002429,2025-09-16,00:50:37,CUST_0168,ITEM_001,Beef,2,24.0
T002429,2025-09-16,00:50:37,CUST_0168,ITEM_002,Potatoes,3,6.0
T002429,2025-09-16,00:50:37,CUST_0168,ITEM_003,Bread,1,2.5
T002430,2025-09-18,10:20:37,CUST_0496,ITEM_001,Apples,2,8.4
T002430,2025-09-18,10:20:37,CUST_0496,ITEM_002,Eggs,2,6.0
T002430,2025-09-18,10:20:37,CUST_0496,ITEM_003,Bread,2,5.0
T002430,2025-09-18,10:20:37,CUST_0496,ITEM_004,Milk,3,9.6
T002430,2025-09-18,10:20:37,CUST_0496,ITEM_005,Butter,2,9.0
T002431,2025-11-11,08:23:37,CUST_0171,ITEM_001,Rice,1,4.0
T002432,2025-10-30,10:52:37,CUST_0332,ITEM_001,Chicken,2,17.0
T002433,2025-10-02,01:55:37,CUST_0288,ITEM_001,Bread,3,7.5
T002433,2025-10-02,01:55:37,CUST_0288,ITEM_002,Tomatoes,1,3.8
T002433,2025-10-02,01:55:37,CUST_0288,ITEM_003,Milk,2,6.4
T002434,2025-10-22,07:03:37,CUST_0139,ITEM_001,Eggs,2,6.0
T002434,2025-10-22,07:03:37,CUST_0139,ITEM_002,Bread,3,7.5
T002435,2025-09-17,03:08:37,CUST_0166,ITEM_001,Onions,2,4.4
T002435,2025-09-17,03:08:37,CUST_0166,ITEM_002,Potatoes,1,2.0
T002435,2025-09-17,03:08:37,CUST_0166,ITEM_003,Bananas,3,8.4
T002436,2025-10-13,23:50:37,CUST_0377,ITEM_001,Eggs,1,3.0
T002436,2025-10-13,23:50:37,CUST_0377,ITEM_002,Milk,1,3.2
T002436,2025-10-13,23:50:37,CUST_0377,ITEM_003,Bread,1,2.5
T002436,2025-10-13,23:50:37,CUST_0377,ITEM_004,Bananas,2,5.6
T002437,2025-09-30,07:14:37,CUST_0431,ITEM_001,Apples,2,8.4
T002437,2025-09-30,07:14:37,CUST_0431,ITEM_002,Potatoes,3,6.0
T002437,2025-09-30,07:14:37,CUST_0431,ITEM_003,Onions,2,4.4
T002437,2025-09-30,07:14:37,CUST_0431,ITEM_004,Beef,3,36.0
T002438,2025-10-03,06:06:37,CUST_0196,ITEM_001,Butter,3,13.5
T002438,2025-10-03,06:06:37,CUST_0196,ITEM_002,Bread,1,2.5
T002438,2025-10-03,06:06:37,CUST_0196,ITEM_003,Cheese,2,11.6
T002438,2025-10-03,06:06:37,CUST_0196,ITEM_004,Milk,2,6.4
T002438,2025-10-03,06:06:37,CUST_0196,ITEM_005,Bananas,2,5.6
T002438,2025-10-03,06:06:37,CUST_0196,ITEM_006,Apples,1,4.2
T002439,2025-11-05,07:53:37,CUST_0183,ITEM_001,Bananas,3,8.4
T002440,2025-11-10,06:46:37,CUST_0281,ITEM_001,Milk,2,6.4
T002440,2025-11-10,06:46:37,CUST_0281,ITEM_002,Bread,2,5.0
T002440,2025-11-10,06:46:37,CUST_0281,ITEM_003,Eggs,1,3.0
T002440,2025-11-10,06:46:37,CUST_0281,ITEM_004,Tomatoes,1,3.8
T002440,2025-11-10,06:46:37,CUST_0281,ITEM_005,Cheese,2,11.6
T002441,2025-10-13,05:17:37,CUST_0384,ITEM_001,Bananas,3,8.4
T002441,2025-10-13,05:17:37,CUST_0384,ITEM_002,Apples,3,12.6
T002441,2025-10-13,05:17:37,CUST_0384,ITEM_003,Milk,2,6.4
T002442,2025-09-23,22:32:37,CUST_0303,ITEM_001,Chicken,1,8.5
T002442,2025-09-23,22:32:37,CUST_0303,ITEM_002,Pasta,3,10.5
T002442,2025-09-23,22:32:37,CUST_0303,ITEM_003,Eggs,2,6.0
T002442,2025-09-23,22:32:37,CUST_0303,ITEM_004,Rice,1,4.0
T002443,2025-10-09,00:46:37,CUST_0175,ITEM_001,Milk,3,9.6
T002443,2025-10-09,00:46:37,CUST_0175,ITEM_002,Bananas,2,5.6
T002443,2025-10-09,00:46:37,CUST_0175,ITEM_003,Apples,1,4.2
T002444,2025-11-01,03:19:37,CUST_0322,ITEM_001,Beef,2,24.0
T002444,2025-11-01,03:19:37,CUST_0322,ITEM_002,Potatoes,1,2.0
T002444,2025-11-01,03:19:37,CUST_0322,ITEM_003,Butter,2,9.0
T002444,2025-11-01,03:19:37,CUST_0322,ITEM_004,Oranges,2,7.0
T002444,2025-11-01,03:19:37,CUST_0322,ITEM_005,Bread,2,5.0
T002445,2025-10-01,06:53:37,CUST_0046,ITEM_001,Chicken,3,25.5
T002445,2025-10-01,06:53:37,CUST_0046,ITEM_002,Rice,1,4.0
T002445,2025-10-01,06:53:37,CUST_0046,ITEM_003,Beef,3,36.0
T002446,2025-11-10,23:15:37,CUST_0071,ITEM_001,Onions,2,4.4
T002446,2025-11-10,23:15:37,CUST_0071,ITEM_002,Tomatoes,3,11.4
T002446,2025-11-10,23:15:37,CUST_0071,ITEM_003,Chicken,2,17.0
T002446,2025-11-10,23:15:37,CUST_0071,ITEM_004,Bread,1,2.5
T002446,2025-11-10,23:15:37,CUST_0071,ITEM_005,Rice,1,4.0
T002446,2025-11-10,23:15:37,CUST_0071,ITEM_006,Eggs,2,6.0
T002447,2025-09-18,05:09:37,CUST_0207,ITEM_001,Cheese,2,11.6
T002447,2025-09-18,05:09:37,CUST_0207,ITEM_002,Butter,2,9.0
T002447,2025-09-18,05:09:37,CUST_0207,ITEM_003,Milk,1,3.2
T002447,2025-09-18,05:09:37,CUST_0207,ITEM_004,Eggs,2,6.0
T002447,2025-09-18,05:09:37,CUST_0207,ITEM_005,Bread,3,7.5
T002448,2025-09-16,00:10:37,CUST_0390,ITEM_001,Potatoes,1,2.0
T002448,2025-09-16,00:10:37,CUST_0390,ITEM_002,Beef,1,12.0
T002448,2025-09-16,00:10:37,CUST_0390,ITEM_003,Bananas,2,5.6
T002448,2025-09-16,00:10:37,CUST_0390,ITEM_004,Onions,2,4.4
T002449,2025-10-21,01:13:37,CUST_0100,ITEM_001,Cheese,2,11.6
T002449,2025-10-21,01:13:37,CUST_0100,ITEM_002,Butter,2,9.0
T002449,2025-10-21,01:13:37,CUST_0100,ITEM_003,Potatoes,2,4.0
T002449,2025-10-21,01:13:37,CUST_0100,ITEM_004,Beef,3,36.0
T002450,2025-10-01,05:19:37,CUST_0424,ITEM_001,Onions,1,2.2
T002450,2025-10-01,05:19:37,CUST_0424,ITEM_002,Oranges,3,10.5
T002450,2025-10-01,05:19:37,CUST_0424,ITEM_003,Tomatoes,1,3.8
T002450,2025-10-01,05:19:37,CUST_0424,ITEM_004,Cheese,2,11.6
T002451,2025-10-14,04:32:37,CUST_0298,ITEM_001,Bread,2,5.0
T002451,2025-10-14,04:32:37,CUST_0298,ITEM_002,Cheese,1,5.8
T002451,2025-10-14,04:32:37,CUST_0298,ITEM_003,Chicken,1,8.5
T002451,2025-10-14,04:32:37,CUST_0298,ITEM_004,Milk,2,6.4
T002452,2025-10-01,10:19:37,CUST_0491,ITEM_001,Bananas,2,5.6
T002452,2025-10-01,10:19:37,CUST_0491,ITEM_002,Apples,3,12.6
T002452,2025-10-01,10:19:37,CUST_0491,ITEM_003,Milk,1,3.2
T002452,2025-10-01,10:19:37,CUST_0491,ITEM_004,Cheese,1,5.8
T002452,2025-10-01,10:19:37,CUST_0491,ITEM_005,Beef,3,36.0
T002453,2025-10-14,10:08:37,CUST_0291,ITEM_001,Beef,1,12.0
T002453,2025-10-14,10:08:37,CUST_0291,ITEM_002,Potatoes,3,6.0
T002454,2025-11-09,06:26:37,CUST_0396,ITEM_001,Rice,3,12.0
T002454,2025-11-09,06:26:37,CUST_0396,ITEM_002,Pasta,3,10.5
T002454,2025-11-09,06:26:37,CUST_0396,ITEM_003,Tomatoes,3,11.4
T002455,2025-10-29,01:11:37,CUST_0125,ITEM_001,Oranges,1,3.5
T002455,2025-10-29,01:11:37,CUST_0125,ITEM_002,Onions,1,2.2
T002455,2025-10-29,01:11:37,CUST_0125,ITEM_003,Potatoes,1,2.0
T002456,2025-09-19,05:21:37,CUST_0300,ITEM_001,Eggs,2,6.0
T002456,2025-09-19,05:21:37,CUST_0300,ITEM_002,Bananas,1,2.8
T002457,2025-09-17,23:46:37,CUST_0172,ITEM_001,Tomatoes,1,3.8
T002457,2025-09-17,23:46:37,CUST_0172,ITEM_002,Chicken,2,17.0
T002458,2025-10-04,09:25:37,CUST_0018,ITEM_001,Cheese,3,17.4
T002458,2025-10-04,09:25:37,CUST_0018,ITEM_002,Bread,2,5.0
T002459,2025-11-08,03:44:37,CUST_0005,ITEM_001,Bananas,2,5.6
T002460,2025-10-28,00:58:37,CUST_0149,ITEM_001,Butter,1,4.5
T002460,2025-10-28,00:58:37,CUST_0149,ITEM_002,Cheese,2,11.6
T002460,2025-10-28,00:58:37,CUST_0149,ITEM_003,Milk,3,9.6
T002461,2025-10-27,10:11:37,CUST_0433,ITEM_001,Potatoes,2,4.0
T002461,2025-10-27,10:11:37,CUST_0433,ITEM_002,Bananas,2,5.6
T002461,2025-10-27,10:11:37,CUST_0433,ITEM_003,Beef,3,36.0
T002461,2025-10-27,10:11:37,CUST_0433,ITEM_004,Onions,3,6.6
T002461,2025-10-27,10:11:37,CUST_0433,ITEM_005,Tomatoes,3,11.4
T002462,2025-09-18,10:03:37,CUST_0340,ITEM_001,Beef,3,36.0
T002462,2025-09-18,10:03:37,CUST_0340,ITEM_002,Potatoes,2,4.0
T002462,2025-09-18,10:03:37,CUST_0340,ITEM_003,Onions,2,4.4
T002462,2025-09-18,10:03:37,CUST_0340,ITEM_004,Tomatoes,2,7.6
T002462,2025-09-18,10:03:37,CUST_0340,ITEM_005,Chicken,1,8.5
T002463,2025-10-25,00:23:37,CUST_0086,ITEM_001,Oranges,2,7.0
T002464,2025-10-27,06:29:37,CUST_0228,ITEM_001,Chicken,3,25.5
T002464,2025-10-27,06:29:37,CUST_0228,ITEM_002,Oranges,3,10.5
T002465,2025-11-05,23:27:37,CUST_0098,ITEM_001,Bananas,2,5.6
T002465,2025-11-05,23:27:37,CUST_0098,ITEM_002,Milk,2,6.4
T002465,2025-11-05,23:27:37,CUST_0098,ITEM_003,Bread,2,5.0
T002465,2025-11-05,23:27:37,CUST_0098,ITEM_004,Pasta,1,3.5
T002465,2025-11-05,23:27:37,CUST_0098,ITEM_005,Eggs,2,6.0
T002466,2025-09-30,23:26:37,CUST_0006,ITEM_001,Apples,3,12.6
T002466,2025-09-30,23:26:37,CUST_0006,ITEM_002,Bananas,3,8.4
T002466,2025-09-30,23:26:37,CUST_0006,ITEM_003,Rice,3,12.0
T002467,2025-10-02,23:32:37,CUST_0201,ITEM_001,Oranges,1,3.5
T002467,2025-10-02,23:32:37,CUST_0201,ITEM_002,Bread,1,2.5
T002467,2025-10-02,23:32:37,CUST_0201,ITEM_003,Milk,2,6.4
T002467,2025-10-02,23:32:37,CUST_0201,ITEM_004,Bananas,1,2.8
T002467,2025-10-02,23:32:37,CUST_0201,ITEM_005,Apples,2,8.4
T002467,2025-10-02,23:32:37,CUST_0201,ITEM_006,Cheese,1,5.8
T002468,2025-11-10,01:30:37,CUST_0399,ITEM_001,Beef,2,24.0
T002468,2025-11-10,01:30:37,CUST_0399,ITEM_002,Chicken,2,17.0
T002468,2025-11-10,01:30:37,CUST_0399,ITEM_003,Rice,2,8.0
T002468,2025-11-10,01:30:37,CUST_0399,ITEM_004,Tomatoes,3,11.4
T002469,2025-09-16,05:23:37,CUST_0329,ITEM_001,Onions,3,6.6
T002469,2025-09-16,05:23:37,CUST_0329,ITEM_002,Potatoes,3,6.0
T002470,2025-10-22,01:39:37,CUST_0106,ITEM_001,Tomatoes,3,11.4
T002470,2025-10-22,01:39:37,CUST_0106,ITEM_002,Milk,3,9.6
T002470,2025-10-22,01:39:37,CUST_0106,ITEM_003,Eggs,1,3.0
T002471,2025-09-21,00:38:37,CUST_0299,ITEM_001,Beef,3,36.0
T002471,2025-09-21,00:38:37,CUST_0299,ITEM_002,Potatoes,1,2.0
T002472,2025-10-09,23:09:37,CUST_0385,ITEM_001,Rice,1,4.0
T002472,2025-10-09,23:09:37,CUST_0385,ITEM_002,Chicken,2,17.0
T002472,2025-10-09,23:09:37,CUST_0385,ITEM_003,Tomatoes,1,3.8
T002473,2025-11-12,22:41:37,CUST_0478,ITEM_001,Bananas,2,5.6
T002473,2025-11-12,22:41:37,CUST_0478,ITEM_002,Beef,1,12.0
T002474,2025-11-06,09:57:37,CUST_0197,ITEM_001,Cheese,3,17.4
T002474,2025-11-06,09:57:37,CUST_0197,ITEM_002,Butter,3,13.5
T002474,2025-11-06,09:57:37,CUST_0197,ITEM_003,Rice,1,4.0
T002474,2025-11-06,09:57:37,CUST_0197,ITEM_004,Bread,2,5.0
T002475,2025-09-23,01:21:37,CUST_0093,ITEM_001,Eggs,3,9.0
T002475,2025-09-23,01:21:37,CUST_0093,ITEM_002,Milk,2,6.4
T002476,2025-09-23,23:53:37,CUST_0296,ITEM_001,Oranges,3,10.5
T002476,2025-09-23,23:53:37,CUST_0296,ITEM_002,Milk,1,3.2
T002476,2025-09-23,23:53:37,CUST_0296,ITEM_003,Bananas,3,8.4
T002476,2025-09-23,23:53:37,CUST_0296,ITEM_004,Cheese,1,5.8
T002477,2025-10-22,23:50:37,CUST_0443,ITEM_001,Beef,2,24.0
T002477,2025-10-22,23:50:37,CUST_0443,ITEM_002,Potatoes,2,4.0
T002477,2025-10-22,23:50:37,CUST_0443,ITEM_003,Butter,2,9.0
T002477,2025-10-22,23:50:37,CUST_0443,ITEM_004,Onions,3,6.6
T002477,2025-10-22,23:50:37,CUST_0443,ITEM_005,Bread,1,2.5
T002477,2025-10-22,23:50:37,CUST_0443,ITEM_006,Tomatoes,1,3.8
T002478,2025-10-31,05:06:37,CUST_0269,ITEM_001,Milk,1,3.2
T002478,2025-10-31,05:06:37,CUST_0269,ITEM_002,Bananas,2,5.6
T002478,2025-10-31,05:06:37,CUST_0269,ITEM_003,Cheese,3,17.4
T002478,2025-10-31,05:06:37,CUST_0269,ITEM_004,Butter,2,9.0
T002479,2025-10-01,07:15:37,CUST_0195,ITEM_001,Beef,1,12.0
T002479,2025-10-01,07:15:37,CUST_0195,ITEM_002,Pasta,3,10.5
T002479,2025-10-01,07:15:37,CUST_0195,ITEM_003,Potatoes,1,2.0
T002479,2025-10-01,07:15:37,CUST_0195,ITEM_004,Tomatoes,1,3.8
T002479,2025-10-01,07:15:37,CUST_0195,ITEM_005,Chicken,3,25.5
T002479,2025-10-01,07:15:37,CUST_0195,ITEM_006,Onions,3,6.6
T002480,2025-10-18,11:27:37,CUST_0148,ITEM_001,Milk,1,3.2
T002481,2025-09-29,01:58:37,CUST_0064,ITEM_001,Milk,3,9.6
T002481,2025-09-29,01:58:37,CUST_0064,ITEM_002,Eggs,2,6.0
T002481,2025-09-29,01:58:37,CUST_0064,ITEM_003,Chicken,2,17.0
T002481,2025-09-29,01:58:37,CUST_0064,ITEM_004,Cheese,2,11.6
T002481,2025-09-29,01:58:37,CUST_0064,ITEM_005,Bread,3,7.5
T002482,2025-11-01,01:45:37,CUST_0270,ITEM_001,Bananas,2,5.6
T002482,2025-11-01,01:45:37,CUST_0270,ITEM_002,Milk,2,6.4
T002482,2025-11-01,01:45:37,CUST_0270,ITEM_003,Bread,1,2.5
T002483,2025-09-23,04:21:37,CUST_0420,ITEM_001,Bananas,2,5.6
T002483,2025-09-23,04:21:37,CUST_0420,ITEM_002,Apples,2,8.4
T002484,2025-10-19,07:36:37,CUST_0242,ITEM_001,Pasta,2,7.0
T002484,2025-10-19,07:36:37,CUST_0242,ITEM_002,Tomatoes,1,3.8
T002484,2025-10-19,07:36:37,CUST_0242,ITEM_003,Onions,2,4.4
T002484,2025-10-19,07:36:37,CUST_0242,ITEM_004,Chicken,3,25.5
T002484,2025-10-19,07:36:37,CUST_0242,ITEM_005,Potatoes,1,2.0
T002485,2025-09-20,04:03:37,CUST_0195,ITEM_001,Bread,2,5.0
T002485,2025-09-20,04:03:37,CUST_0195,ITEM_002,Oranges,3,10.5
T002485,2025-09-20,04:03:37,CUST_0195,ITEM_003,Eggs,1,3.0
T002485,2025-09-20,04:03:37,CUST_0195,ITEM_004,Butter,1,4.5
T002486,2025-11-03,09:32:37,CUST_0132,ITEM_001,Chicken,3,25.5
T002486,2025-11-03,09:32:37,CUST_0132,ITEM_002,Bananas,2,5.6
T002486,2025-11-03,09:32:37,CUST_0132,ITEM_003,Eggs,1,3.0
T002486,2025-11-03,09:32:37,CUST_0132,ITEM_004,Rice,1,4.0
T002487,2025-11-14,09:12:37,CUST_0327,ITEM_001,Cheese,3,17.4
T002488,2025-09-22,11:09:37,CUST_0264,ITEM_001,Cheese,2,11.6
T002488,2025-09-22,11:09:37,CUST_0264,ITEM_002,Apples,3,12.6
T002488,2025-09-22,11:09:37,CUST_0264,ITEM_003,Milk,1,3.2
T002488,2025-09-22,11:09:37,CUST_0264,ITEM_004,Butter,1,4.5
T002488,2025-09-22,11:09:37,CUST_0264,ITEM_005,Beef,2,24.0
T002489,2025-10-07,06:28:37,CUST_0426,ITEM_001,Cheese,2,11.6
T002489,2025-10-07,06:28:37,CUST_0426,ITEM_002,Chicken,1,8.5
T002489,2025-10-07,06:28:37,CUST_0426,ITEM_003,Potatoes,3,6.0
T002490,2025-09-18,05:08:37,CUST_0018,ITEM_001,Potatoes,1,2.0
T002490,2025-09-18,05:08:37,CUST_0018,ITEM_002,Beef,3,36.0
T002491,2025-10-23,02:53:37,CUST_0190,ITEM_001,Bread,2,5.0
T002491,2025-10-23,02:53:37,CUST_0190,ITEM_002,Milk,1,3.2
T002491,2025-10-23,02:53:37,CUST_0190,ITEM_003,Cheese,2,11.6
T002491,2025-10-23,02:53:37,CUST_0190,ITEM_004,Pasta,2,7.0
T002492,2025-10-23,06:28:37,CUST_0449,ITEM_001,Butter,2,9.0
T002493,2025-09-26,00:34:37,CUST_0260,ITEM_001,Onions,3,6.6
T002493,2025-09-26,00:34:37,CUST_0260,ITEM_002,Apples,2,8.4
T002493,2025-09-26,00:34:37,CUST_0260,ITEM_003,Rice,2,8.0
T002493,2025-09-26,00:34:37,CUST_0260,ITEM_004,Tomatoes,1,3.8
T002494,2025-10-20,01:40:37,CUST_0373,ITEM_001,Bread,1,2.5
T002494,2025-10-20,01:40:37,CUST_0373,ITEM_002,Chicken,1,8.5
T002495,2025-10-11,01:44:37,CUST_0126,ITEM_001,Bananas,2,5.6
T002495,2025-10-11,01:44:37,CUST_0126,ITEM_002,Milk,1,3.2
T002496,2025-10-02,22:46:37,CUST_0073,ITEM_001,Onions,3,6.6
T002496,2025-10-02,22:46:37,CUST_0073,ITEM_002,Potatoes,2,4.0
T002496,2025-10-02,22:46:37,CUST_0073,ITEM_003,Beef,2,24.0
T002497,2025-09-17,08:11:37,CUST_0481,ITEM_001,Tomatoes,1,3.8
T002498,2025-11-01,22:54:37,CUST_0312,ITEM_001,Milk,2,6.4
T002498,2025-11-01,22:54:37,CUST_0312,ITEM_002,Oranges,3,10.5
T002499,2025-11-04,23:56:37,CUST_0405,ITEM_001,Bananas,1,2.8
T002499,2025-11-04,23:56:37,CUST_0405,ITEM_002,Apples,2,8.4
T002500,2025-10-21,01:01:37,CUST_0450,ITEM_001,Cheese,3,17.4
T002500,2025-10-21,01:01:37,CUST_0450,ITEM_002,Butter,1,4.5
T002500,2025-10-21,01:01:37,CUST_0450,ITEM_003,Oranges,1,3.5
T002500,2025-10-21,01:01:37,CUST_0450,ITEM_004,Milk,2,6.4
T002500,2025-10-21,01:01:37,CUST_0450,ITEM_005,Bread,3,7.5
